"processo","cdacordao","classe","assunto","relator","comarca","orgao_julgador","data_julgamento","data_publicacao","ementa","tem_protesto","tem_danos","tem_duplicata","tem_contrato","tem_rel_juridica","cd_processo.x","data.x","cd_processo.y","data.y","cd_processo.x.x","data.x.x","cd_processo.y.y","data.y.y","dispositivo","papel","resultado_dispositivo","favorabilidade"
"10046004620258260010","20339062","Apelação Cível","Duplicata","Tavares de Almeida","São Paulo","23ª Câmara de Direito Privado",2026-03-27,2026-03-27,"Ação declaratória cumulada com indenizatória - Autora - Vítima do denominado ""Golpe da lista telefônica"" - Abordagem por preposto da ré para mera atualização cadastral para figurar gratuitamente no site de pesquisa da Google - Ré - Realização de contrato oneroso - Sentença - Declaração de rescisão da avença e condenação da ré ao pagamento de indenização por danos morais - Cabimento - Título indevido - Ré - Encaminhamento a protesto -  Protesto do título - Conduta - Ilicitude - Dano moral - Caracterização - Autora - Pessoa jurídica - Aplicação da Súmula 227 do STJ - Valor arbitrado - Respeito aos princípios da razoabilidade e da proporcionalidade (art. 8º do CPC) - Pedido inicial - Procedência - Sentença - Manutenção.

Apelo da ré desprovido.  (TJSP;  Apelação Cível 1004600-46.2025.8.26.0010; Relator (a): Tavares de Almeida; Órgão Julgador: 23ª Câmara de Direito Privado; Foro Regional X - Ipiranga - 2ª Vara Cível; Data do Julgamento: 27/03/2026; Data de Registro: 27/03/2026)",FALSE,TRUE,FALSE,FALSE,FALSE,"RI009B8KA0000",2026-03-27,"RI009B8KA0000",2026-03-27,"RI009B8KA0000",2026-03-27,"RI009B8KA0000",2026-03-27,"Negaram provimento ao recurso. V. U.","autora","improvido","indefinido"
"10123943220238260320","20266837","Apelação Cível","Prestação de Serviços","Gomes Varjão","São Paulo","34ª Câmara de Direito Privado",2026-03-11,2026-03-11,"Contrato de figuração (prestação de serviços de publicidade). Ação anulatória de negócio jurídico, por vício de consentimento, cumulada com pedido declaratório de inexigibilidade de débito; de indenização por danos materiais e de concessão de tutela de urgência (obrigação de não fazer). Sentença de parcial procedência mantida com fundamento no art. 252 do Regimento Interno deste E. Tribunal de Justiça. Pelos elementos dos autos e pelas máximas de experiência, dessume-se que a autora foi vítima de uma variação do denominado golpe da lista telefônica. Na aludida prática, prepostos de empresas que veiculam listas telefônicas ou outros meios de publicidade eletrônica de massa, por meio de sites ou spams, entram em contato com empresas de diferentes ramos de atuação e lhes oferecem uma cortesia ou solicitam uma singela atualização cadastral para veiculação de propaganda gratuita ou por valor simbólico, sendo necessário que o preposto da empresa abordada preencha um formulário que, na verdade, é um contrato. E, da leitura do documento encaminhado à preposta da autora (intitulado ""CONTRATO DE FIGURAÇÃO""), vê-se que foi redigido de forma propositalmente vaga, com fonte em tamanho diminuto e ainda mais reduzido no campo das cláusulas, e sem que o valor da contraprestação mensal tenha sido escrito em algarismos, justamente para dificultar a leitura e induzir o contratante a erro quanto ao objeto da avença. Preposta que, conforme lhe fora repassado ao telefone, acreditava que estava preenchendo autorização para atualização cadastral gratuita, e não contratando um serviço de publicidade, pelo prazo de 03 anos, com custo mensal de R$ 350,00 e total de R$ 12.600,00. Precedentes deste E. Tribunal envolvendo a mesma empresa apelante. Anulação do contrato e condenação da ré à restituição em dobro dos valores pagos pela autora que realmente se impunham.

Recurso improvido.  (TJSP;  Apelação Cível 1012394-32.2023.8.26.0320; Relator (a): Gomes Varjão; Órgão Julgador: 34ª Câmara de Direito Privado; Foro Central Cível - 21ª Vara Cível; Data do Julgamento: 11/03/2026; Data de Registro: 11/03/2026)",FALSE,TRUE,FALSE,FALSE,FALSE,"RI00990WD0000",2026-03-11,"RI00990WD0000",2026-03-11,"RI00990WD0000",2026-03-11,"RI00990WD0000",2026-03-11,"Negaram provimento ao recurso. V. U.","autora","improvido","indefinido"
"10229659120228260451","20253134","Apelação Cível","Duplicata","Israel Góes dos Anjos","São Paulo","18ª Câmara de Direito Privado",2026-03-09,2026-03-09,"AÇÃO DECLARATÓRIA C/C INDENIZAÇÃO POR DANOS MORAIS - CONTRATO DE FIGURAÇÃO/PUBLICIDADE - Sentença que julgou procedentes os pedidos –  Pretensão de reforma.
ADMISSIBILIDADE EM PARTE: Contratação válida à luz da Teoria da Aparência, diante da assinatura por funcionária que se apresentou como gerente, tratativas negociais comprovadas e ausência de impugnação específica quanto ao vínculo funcional. Cronologia dos fatos que evidencia distrato logo após o pagamento da primeira parcela, com ajuste para quitação por valor reduzido. Ausência de prova idônea da efetiva prestação do serviço. Inexigibilidade das cobranças reconhecida. Pessoa jurídica que, embora passível de dano moral, não comprovou violação concreta à honra objetiva decorrente do protesto. Indenização afastada. Sentença reformada em parte.

RECURSO PARCIALMENTE PROVIDO.  (TJSP;  Apelação Cível 1022965-91.2022.8.26.0451; Relator (a): Israel Góes dos Anjos; Órgão Julgador: 18ª Câmara de Direito Privado; Foro Central Cível - 31ª Vara Cível; Data do Julgamento: 09/03/2026; Data de Registro: 09/03/2026)",FALSE,TRUE,FALSE,FALSE,FALSE,"RI007LHRN0000",2023-11-17,"RI007LHRN0000",2023-11-17,"RI007LHRN0000",2023-11-17,"RI007LHRN0000",2023-11-17,"Deram provimento ao recurso. V. U.","autora","provido","indefinido"
"10229659120228260451","20253134","Apelação Cível","Duplicata","Israel Góes dos Anjos","São Paulo","18ª Câmara de Direito Privado",2026-03-09,2026-03-09,"AÇÃO DECLARATÓRIA C/C INDENIZAÇÃO POR DANOS MORAIS - CONTRATO DE FIGURAÇÃO/PUBLICIDADE - Sentença que julgou procedentes os pedidos –  Pretensão de reforma.
ADMISSIBILIDADE EM PARTE: Contratação válida à luz da Teoria da Aparência, diante da assinatura por funcionária que se apresentou como gerente, tratativas negociais comprovadas e ausência de impugnação específica quanto ao vínculo funcional. Cronologia dos fatos que evidencia distrato logo após o pagamento da primeira parcela, com ajuste para quitação por valor reduzido. Ausência de prova idônea da efetiva prestação do serviço. Inexigibilidade das cobranças reconhecida. Pessoa jurídica que, embora passível de dano moral, não comprovou violação concreta à honra objetiva decorrente do protesto. Indenização afastada. Sentença reformada em parte.

RECURSO PARCIALMENTE PROVIDO.  (TJSP;  Apelação Cível 1022965-91.2022.8.26.0451; Relator (a): Israel Góes dos Anjos; Órgão Julgador: 18ª Câmara de Direito Privado; Foro Central Cível - 31ª Vara Cível; Data do Julgamento: 09/03/2026; Data de Registro: 09/03/2026)",FALSE,TRUE,FALSE,FALSE,FALSE,"RI007LHRN0000",2023-11-17,"RI007LHRN0000",2023-11-17,"RI007LHRN0000",2023-11-17,"RI00955PZ0000",2026-03-09,"Deram provimento em parte ao recurso. V. U.","autora","parcial","consumidor_venceu"
"10229659120228260451","20253134","Apelação Cível","Duplicata","Israel Góes dos Anjos","São Paulo","18ª Câmara de Direito Privado",2026-03-09,2026-03-09,"AÇÃO DECLARATÓRIA C/C INDENIZAÇÃO POR DANOS MORAIS - CONTRATO DE FIGURAÇÃO/PUBLICIDADE - Sentença que julgou procedentes os pedidos –  Pretensão de reforma.
ADMISSIBILIDADE EM PARTE: Contratação válida à luz da Teoria da Aparência, diante da assinatura por funcionária que se apresentou como gerente, tratativas negociais comprovadas e ausência de impugnação específica quanto ao vínculo funcional. Cronologia dos fatos que evidencia distrato logo após o pagamento da primeira parcela, com ajuste para quitação por valor reduzido. Ausência de prova idônea da efetiva prestação do serviço. Inexigibilidade das cobranças reconhecida. Pessoa jurídica que, embora passível de dano moral, não comprovou violação concreta à honra objetiva decorrente do protesto. Indenização afastada. Sentença reformada em parte.

RECURSO PARCIALMENTE PROVIDO.  (TJSP;  Apelação Cível 1022965-91.2022.8.26.0451; Relator (a): Israel Góes dos Anjos; Órgão Julgador: 18ª Câmara de Direito Privado; Foro Central Cível - 31ª Vara Cível; Data do Julgamento: 09/03/2026; Data de Registro: 09/03/2026)",FALSE,TRUE,FALSE,FALSE,FALSE,"RI007LHRN0000",2023-11-17,"RI007LHRN0000",2023-11-17,"RI00955PZ0000",2026-03-09,"RI007LHRN0000",2023-11-17,"Deram provimento ao recurso. V. U.","autora","provido","indefinido"
"10229659120228260451","20253134","Apelação Cível","Duplicata","Israel Góes dos Anjos","São Paulo","18ª Câmara de Direito Privado",2026-03-09,2026-03-09,"AÇÃO DECLARATÓRIA C/C INDENIZAÇÃO POR DANOS MORAIS - CONTRATO DE FIGURAÇÃO/PUBLICIDADE - Sentença que julgou procedentes os pedidos –  Pretensão de reforma.
ADMISSIBILIDADE EM PARTE: Contratação válida à luz da Teoria da Aparência, diante da assinatura por funcionária que se apresentou como gerente, tratativas negociais comprovadas e ausência de impugnação específica quanto ao vínculo funcional. Cronologia dos fatos que evidencia distrato logo após o pagamento da primeira parcela, com ajuste para quitação por valor reduzido. Ausência de prova idônea da efetiva prestação do serviço. Inexigibilidade das cobranças reconhecida. Pessoa jurídica que, embora passível de dano moral, não comprovou violação concreta à honra objetiva decorrente do protesto. Indenização afastada. Sentença reformada em parte.

RECURSO PARCIALMENTE PROVIDO.  (TJSP;  Apelação Cível 1022965-91.2022.8.26.0451; Relator (a): Israel Góes dos Anjos; Órgão Julgador: 18ª Câmara de Direito Privado; Foro Central Cível - 31ª Vara Cível; Data do Julgamento: 09/03/2026; Data de Registro: 09/03/2026)",FALSE,TRUE,FALSE,FALSE,FALSE,"RI007LHRN0000",2023-11-17,"RI007LHRN0000",2023-11-17,"RI00955PZ0000",2026-03-09,"RI00955PZ0000",2026-03-09,"Deram provimento em parte ao recurso. V. U.","autora","parcial","consumidor_venceu"
"10229659120228260451","20253134","Apelação Cível","Duplicata","Israel Góes dos Anjos","São Paulo","18ª Câmara de Direito Privado",2026-03-09,2026-03-09,"AÇÃO DECLARATÓRIA C/C INDENIZAÇÃO POR DANOS MORAIS - CONTRATO DE FIGURAÇÃO/PUBLICIDADE - Sentença que julgou procedentes os pedidos –  Pretensão de reforma.
ADMISSIBILIDADE EM PARTE: Contratação válida à luz da Teoria da Aparência, diante da assinatura por funcionária que se apresentou como gerente, tratativas negociais comprovadas e ausência de impugnação específica quanto ao vínculo funcional. Cronologia dos fatos que evidencia distrato logo após o pagamento da primeira parcela, com ajuste para quitação por valor reduzido. Ausência de prova idônea da efetiva prestação do serviço. Inexigibilidade das cobranças reconhecida. Pessoa jurídica que, embora passível de dano moral, não comprovou violação concreta à honra objetiva decorrente do protesto. Indenização afastada. Sentença reformada em parte.

RECURSO PARCIALMENTE PROVIDO.  (TJSP;  Apelação Cível 1022965-91.2022.8.26.0451; Relator (a): Israel Góes dos Anjos; Órgão Julgador: 18ª Câmara de Direito Privado; Foro Central Cível - 31ª Vara Cível; Data do Julgamento: 09/03/2026; Data de Registro: 09/03/2026)",FALSE,TRUE,FALSE,FALSE,FALSE,"RI007LHRN0000",2023-11-17,"RI00955PZ0000",2026-03-09,"RI007LHRN0000",2023-11-17,"RI007LHRN0000",2023-11-17,"Deram provimento ao recurso. V. U.","autora","provido","indefinido"
"10229659120228260451","20253134","Apelação Cível","Duplicata","Israel Góes dos Anjos","São Paulo","18ª Câmara de Direito Privado",2026-03-09,2026-03-09,"AÇÃO DECLARATÓRIA C/C INDENIZAÇÃO POR DANOS MORAIS - CONTRATO DE FIGURAÇÃO/PUBLICIDADE - Sentença que julgou procedentes os pedidos –  Pretensão de reforma.
ADMISSIBILIDADE EM PARTE: Contratação válida à luz da Teoria da Aparência, diante da assinatura por funcionária que se apresentou como gerente, tratativas negociais comprovadas e ausência de impugnação específica quanto ao vínculo funcional. Cronologia dos fatos que evidencia distrato logo após o pagamento da primeira parcela, com ajuste para quitação por valor reduzido. Ausência de prova idônea da efetiva prestação do serviço. Inexigibilidade das cobranças reconhecida. Pessoa jurídica que, embora passível de dano moral, não comprovou violação concreta à honra objetiva decorrente do protesto. Indenização afastada. Sentença reformada em parte.

RECURSO PARCIALMENTE PROVIDO.  (TJSP;  Apelação Cível 1022965-91.2022.8.26.0451; Relator (a): Israel Góes dos Anjos; Órgão Julgador: 18ª Câmara de Direito Privado; Foro Central Cível - 31ª Vara Cível; Data do Julgamento: 09/03/2026; Data de Registro: 09/03/2026)",FALSE,TRUE,FALSE,FALSE,FALSE,"RI007LHRN0000",2023-11-17,"RI00955PZ0000",2026-03-09,"RI007LHRN0000",2023-11-17,"RI00955PZ0000",2026-03-09,"Deram provimento em parte ao recurso. V. U.","autora","parcial","consumidor_venceu"
"10229659120228260451","20253134","Apelação Cível","Duplicata","Israel Góes dos Anjos","São Paulo","18ª Câmara de Direito Privado",2026-03-09,2026-03-09,"AÇÃO DECLARATÓRIA C/C INDENIZAÇÃO POR DANOS MORAIS - CONTRATO DE FIGURAÇÃO/PUBLICIDADE - Sentença que julgou procedentes os pedidos –  Pretensão de reforma.
ADMISSIBILIDADE EM PARTE: Contratação válida à luz da Teoria da Aparência, diante da assinatura por funcionária que se apresentou como gerente, tratativas negociais comprovadas e ausência de impugnação específica quanto ao vínculo funcional. Cronologia dos fatos que evidencia distrato logo após o pagamento da primeira parcela, com ajuste para quitação por valor reduzido. Ausência de prova idônea da efetiva prestação do serviço. Inexigibilidade das cobranças reconhecida. Pessoa jurídica que, embora passível de dano moral, não comprovou violação concreta à honra objetiva decorrente do protesto. Indenização afastada. Sentença reformada em parte.

RECURSO PARCIALMENTE PROVIDO.  (TJSP;  Apelação Cível 1022965-91.2022.8.26.0451; Relator (a): Israel Góes dos Anjos; Órgão Julgador: 18ª Câmara de Direito Privado; Foro Central Cível - 31ª Vara Cível; Data do Julgamento: 09/03/2026; Data de Registro: 09/03/2026)",FALSE,TRUE,FALSE,FALSE,FALSE,"RI007LHRN0000",2023-11-17,"RI00955PZ0000",2026-03-09,"RI00955PZ0000",2026-03-09,"RI007LHRN0000",2023-11-17,"Deram provimento ao recurso. V. U.","autora","provido","indefinido"
"10229659120228260451","20253134","Apelação Cível","Duplicata","Israel Góes dos Anjos","São Paulo","18ª Câmara de Direito Privado",2026-03-09,2026-03-09,"AÇÃO DECLARATÓRIA C/C INDENIZAÇÃO POR DANOS MORAIS - CONTRATO DE FIGURAÇÃO/PUBLICIDADE - Sentença que julgou procedentes os pedidos –  Pretensão de reforma.
ADMISSIBILIDADE EM PARTE: Contratação válida à luz da Teoria da Aparência, diante da assinatura por funcionária que se apresentou como gerente, tratativas negociais comprovadas e ausência de impugnação específica quanto ao vínculo funcional. Cronologia dos fatos que evidencia distrato logo após o pagamento da primeira parcela, com ajuste para quitação por valor reduzido. Ausência de prova idônea da efetiva prestação do serviço. Inexigibilidade das cobranças reconhecida. Pessoa jurídica que, embora passível de dano moral, não comprovou violação concreta à honra objetiva decorrente do protesto. Indenização afastada. Sentença reformada em parte.

RECURSO PARCIALMENTE PROVIDO.  (TJSP;  Apelação Cível 1022965-91.2022.8.26.0451; Relator (a): Israel Góes dos Anjos; Órgão Julgador: 18ª Câmara de Direito Privado; Foro Central Cível - 31ª Vara Cível; Data do Julgamento: 09/03/2026; Data de Registro: 09/03/2026)",FALSE,TRUE,FALSE,FALSE,FALSE,"RI007LHRN0000",2023-11-17,"RI00955PZ0000",2026-03-09,"RI00955PZ0000",2026-03-09,"RI00955PZ0000",2026-03-09,"Deram provimento em parte ao recurso. V. U.","autora","parcial","consumidor_venceu"
"10229659120228260451","20253134","Apelação Cível","Duplicata","Israel Góes dos Anjos","São Paulo","18ª Câmara de Direito Privado",2026-03-09,2026-03-09,"AÇÃO DECLARATÓRIA C/C INDENIZAÇÃO POR DANOS MORAIS - CONTRATO DE FIGURAÇÃO/PUBLICIDADE - Sentença que julgou procedentes os pedidos –  Pretensão de reforma.
ADMISSIBILIDADE EM PARTE: Contratação válida à luz da Teoria da Aparência, diante da assinatura por funcionária que se apresentou como gerente, tratativas negociais comprovadas e ausência de impugnação específica quanto ao vínculo funcional. Cronologia dos fatos que evidencia distrato logo após o pagamento da primeira parcela, com ajuste para quitação por valor reduzido. Ausência de prova idônea da efetiva prestação do serviço. Inexigibilidade das cobranças reconhecida. Pessoa jurídica que, embora passível de dano moral, não comprovou violação concreta à honra objetiva decorrente do protesto. Indenização afastada. Sentença reformada em parte.

RECURSO PARCIALMENTE PROVIDO.  (TJSP;  Apelação Cível 1022965-91.2022.8.26.0451; Relator (a): Israel Góes dos Anjos; Órgão Julgador: 18ª Câmara de Direito Privado; Foro Central Cível - 31ª Vara Cível; Data do Julgamento: 09/03/2026; Data de Registro: 09/03/2026)",FALSE,TRUE,FALSE,FALSE,FALSE,"RI00955PZ0000",2026-03-09,"RI007LHRN0000",2023-11-17,"RI007LHRN0000",2023-11-17,"RI007LHRN0000",2023-11-17,"Deram provimento ao recurso. V. U.","autora","provido","indefinido"
"10229659120228260451","20253134","Apelação Cível","Duplicata","Israel Góes dos Anjos","São Paulo","18ª Câmara de Direito Privado",2026-03-09,2026-03-09,"AÇÃO DECLARATÓRIA C/C INDENIZAÇÃO POR DANOS MORAIS - CONTRATO DE FIGURAÇÃO/PUBLICIDADE - Sentença que julgou procedentes os pedidos –  Pretensão de reforma.
ADMISSIBILIDADE EM PARTE: Contratação válida à luz da Teoria da Aparência, diante da assinatura por funcionária que se apresentou como gerente, tratativas negociais comprovadas e ausência de impugnação específica quanto ao vínculo funcional. Cronologia dos fatos que evidencia distrato logo após o pagamento da primeira parcela, com ajuste para quitação por valor reduzido. Ausência de prova idônea da efetiva prestação do serviço. Inexigibilidade das cobranças reconhecida. Pessoa jurídica que, embora passível de dano moral, não comprovou violação concreta à honra objetiva decorrente do protesto. Indenização afastada. Sentença reformada em parte.

RECURSO PARCIALMENTE PROVIDO.  (TJSP;  Apelação Cível 1022965-91.2022.8.26.0451; Relator (a): Israel Góes dos Anjos; Órgão Julgador: 18ª Câmara de Direito Privado; Foro Central Cível - 31ª Vara Cível; Data do Julgamento: 09/03/2026; Data de Registro: 09/03/2026)",FALSE,TRUE,FALSE,FALSE,FALSE,"RI00955PZ0000",2026-03-09,"RI007LHRN0000",2023-11-17,"RI007LHRN0000",2023-11-17,"RI00955PZ0000",2026-03-09,"Deram provimento em parte ao recurso. V. U.","autora","parcial","consumidor_venceu"
"10229659120228260451","20253134","Apelação Cível","Duplicata","Israel Góes dos Anjos","São Paulo","18ª Câmara de Direito Privado",2026-03-09,2026-03-09,"AÇÃO DECLARATÓRIA C/C INDENIZAÇÃO POR DANOS MORAIS - CONTRATO DE FIGURAÇÃO/PUBLICIDADE - Sentença que julgou procedentes os pedidos –  Pretensão de reforma.
ADMISSIBILIDADE EM PARTE: Contratação válida à luz da Teoria da Aparência, diante da assinatura por funcionária que se apresentou como gerente, tratativas negociais comprovadas e ausência de impugnação específica quanto ao vínculo funcional. Cronologia dos fatos que evidencia distrato logo após o pagamento da primeira parcela, com ajuste para quitação por valor reduzido. Ausência de prova idônea da efetiva prestação do serviço. Inexigibilidade das cobranças reconhecida. Pessoa jurídica que, embora passível de dano moral, não comprovou violação concreta à honra objetiva decorrente do protesto. Indenização afastada. Sentença reformada em parte.

RECURSO PARCIALMENTE PROVIDO.  (TJSP;  Apelação Cível 1022965-91.2022.8.26.0451; Relator (a): Israel Góes dos Anjos; Órgão Julgador: 18ª Câmara de Direito Privado; Foro Central Cível - 31ª Vara Cível; Data do Julgamento: 09/03/2026; Data de Registro: 09/03/2026)",FALSE,TRUE,FALSE,FALSE,FALSE,"RI00955PZ0000",2026-03-09,"RI007LHRN0000",2023-11-17,"RI00955PZ0000",2026-03-09,"RI007LHRN0000",2023-11-17,"Deram provimento ao recurso. V. U.","autora","provido","indefinido"
"10229659120228260451","20253134","Apelação Cível","Duplicata","Israel Góes dos Anjos","São Paulo","18ª Câmara de Direito Privado",2026-03-09,2026-03-09,"AÇÃO DECLARATÓRIA C/C INDENIZAÇÃO POR DANOS MORAIS - CONTRATO DE FIGURAÇÃO/PUBLICIDADE - Sentença que julgou procedentes os pedidos –  Pretensão de reforma.
ADMISSIBILIDADE EM PARTE: Contratação válida à luz da Teoria da Aparência, diante da assinatura por funcionária que se apresentou como gerente, tratativas negociais comprovadas e ausência de impugnação específica quanto ao vínculo funcional. Cronologia dos fatos que evidencia distrato logo após o pagamento da primeira parcela, com ajuste para quitação por valor reduzido. Ausência de prova idônea da efetiva prestação do serviço. Inexigibilidade das cobranças reconhecida. Pessoa jurídica que, embora passível de dano moral, não comprovou violação concreta à honra objetiva decorrente do protesto. Indenização afastada. Sentença reformada em parte.

RECURSO PARCIALMENTE PROVIDO.  (TJSP;  Apelação Cível 1022965-91.2022.8.26.0451; Relator (a): Israel Góes dos Anjos; Órgão Julgador: 18ª Câmara de Direito Privado; Foro Central Cível - 31ª Vara Cível; Data do Julgamento: 09/03/2026; Data de Registro: 09/03/2026)",FALSE,TRUE,FALSE,FALSE,FALSE,"RI00955PZ0000",2026-03-09,"RI007LHRN0000",2023-11-17,"RI00955PZ0000",2026-03-09,"RI00955PZ0000",2026-03-09,"Deram provimento em parte ao recurso. V. U.","autora","parcial","consumidor_venceu"
"10229659120228260451","20253134","Apelação Cível","Duplicata","Israel Góes dos Anjos","São Paulo","18ª Câmara de Direito Privado",2026-03-09,2026-03-09,"AÇÃO DECLARATÓRIA C/C INDENIZAÇÃO POR DANOS MORAIS - CONTRATO DE FIGURAÇÃO/PUBLICIDADE - Sentença que julgou procedentes os pedidos –  Pretensão de reforma.
ADMISSIBILIDADE EM PARTE: Contratação válida à luz da Teoria da Aparência, diante da assinatura por funcionária que se apresentou como gerente, tratativas negociais comprovadas e ausência de impugnação específica quanto ao vínculo funcional. Cronologia dos fatos que evidencia distrato logo após o pagamento da primeira parcela, com ajuste para quitação por valor reduzido. Ausência de prova idônea da efetiva prestação do serviço. Inexigibilidade das cobranças reconhecida. Pessoa jurídica que, embora passível de dano moral, não comprovou violação concreta à honra objetiva decorrente do protesto. Indenização afastada. Sentença reformada em parte.

RECURSO PARCIALMENTE PROVIDO.  (TJSP;  Apelação Cível 1022965-91.2022.8.26.0451; Relator (a): Israel Góes dos Anjos; Órgão Julgador: 18ª Câmara de Direito Privado; Foro Central Cível - 31ª Vara Cível; Data do Julgamento: 09/03/2026; Data de Registro: 09/03/2026)",FALSE,TRUE,FALSE,FALSE,FALSE,"RI00955PZ0000",2026-03-09,"RI00955PZ0000",2026-03-09,"RI007LHRN0000",2023-11-17,"RI007LHRN0000",2023-11-17,"Deram provimento ao recurso. V. U.","autora","provido","indefinido"
"10229659120228260451","20253134","Apelação Cível","Duplicata","Israel Góes dos Anjos","São Paulo","18ª Câmara de Direito Privado",2026-03-09,2026-03-09,"AÇÃO DECLARATÓRIA C/C INDENIZAÇÃO POR DANOS MORAIS - CONTRATO DE FIGURAÇÃO/PUBLICIDADE - Sentença que julgou procedentes os pedidos –  Pretensão de reforma.
ADMISSIBILIDADE EM PARTE: Contratação válida à luz da Teoria da Aparência, diante da assinatura por funcionária que se apresentou como gerente, tratativas negociais comprovadas e ausência de impugnação específica quanto ao vínculo funcional. Cronologia dos fatos que evidencia distrato logo após o pagamento da primeira parcela, com ajuste para quitação por valor reduzido. Ausência de prova idônea da efetiva prestação do serviço. Inexigibilidade das cobranças reconhecida. Pessoa jurídica que, embora passível de dano moral, não comprovou violação concreta à honra objetiva decorrente do protesto. Indenização afastada. Sentença reformada em parte.

RECURSO PARCIALMENTE PROVIDO.  (TJSP;  Apelação Cível 1022965-91.2022.8.26.0451; Relator (a): Israel Góes dos Anjos; Órgão Julgador: 18ª Câmara de Direito Privado; Foro Central Cível - 31ª Vara Cível; Data do Julgamento: 09/03/2026; Data de Registro: 09/03/2026)",FALSE,TRUE,FALSE,FALSE,FALSE,"RI00955PZ0000",2026-03-09,"RI00955PZ0000",2026-03-09,"RI007LHRN0000",2023-11-17,"RI00955PZ0000",2026-03-09,"Deram provimento em parte ao recurso. V. U.","autora","parcial","consumidor_venceu"
"10229659120228260451","20253134","Apelação Cível","Duplicata","Israel Góes dos Anjos","São Paulo","18ª Câmara de Direito Privado",2026-03-09,2026-03-09,"AÇÃO DECLARATÓRIA C/C INDENIZAÇÃO POR DANOS MORAIS - CONTRATO DE FIGURAÇÃO/PUBLICIDADE - Sentença que julgou procedentes os pedidos –  Pretensão de reforma.
ADMISSIBILIDADE EM PARTE: Contratação válida à luz da Teoria da Aparência, diante da assinatura por funcionária que se apresentou como gerente, tratativas negociais comprovadas e ausência de impugnação específica quanto ao vínculo funcional. Cronologia dos fatos que evidencia distrato logo após o pagamento da primeira parcela, com ajuste para quitação por valor reduzido. Ausência de prova idônea da efetiva prestação do serviço. Inexigibilidade das cobranças reconhecida. Pessoa jurídica que, embora passível de dano moral, não comprovou violação concreta à honra objetiva decorrente do protesto. Indenização afastada. Sentença reformada em parte.

RECURSO PARCIALMENTE PROVIDO.  (TJSP;  Apelação Cível 1022965-91.2022.8.26.0451; Relator (a): Israel Góes dos Anjos; Órgão Julgador: 18ª Câmara de Direito Privado; Foro Central Cível - 31ª Vara Cível; Data do Julgamento: 09/03/2026; Data de Registro: 09/03/2026)",FALSE,TRUE,FALSE,FALSE,FALSE,"RI00955PZ0000",2026-03-09,"RI00955PZ0000",2026-03-09,"RI00955PZ0000",2026-03-09,"RI007LHRN0000",2023-11-17,"Deram provimento ao recurso. V. U.","autora","provido","indefinido"
"10229659120228260451","20253134","Apelação Cível","Duplicata","Israel Góes dos Anjos","São Paulo","18ª Câmara de Direito Privado",2026-03-09,2026-03-09,"AÇÃO DECLARATÓRIA C/C INDENIZAÇÃO POR DANOS MORAIS - CONTRATO DE FIGURAÇÃO/PUBLICIDADE - Sentença que julgou procedentes os pedidos –  Pretensão de reforma.
ADMISSIBILIDADE EM PARTE: Contratação válida à luz da Teoria da Aparência, diante da assinatura por funcionária que se apresentou como gerente, tratativas negociais comprovadas e ausência de impugnação específica quanto ao vínculo funcional. Cronologia dos fatos que evidencia distrato logo após o pagamento da primeira parcela, com ajuste para quitação por valor reduzido. Ausência de prova idônea da efetiva prestação do serviço. Inexigibilidade das cobranças reconhecida. Pessoa jurídica que, embora passível de dano moral, não comprovou violação concreta à honra objetiva decorrente do protesto. Indenização afastada. Sentença reformada em parte.

RECURSO PARCIALMENTE PROVIDO.  (TJSP;  Apelação Cível 1022965-91.2022.8.26.0451; Relator (a): Israel Góes dos Anjos; Órgão Julgador: 18ª Câmara de Direito Privado; Foro Central Cível - 31ª Vara Cível; Data do Julgamento: 09/03/2026; Data de Registro: 09/03/2026)",FALSE,TRUE,FALSE,FALSE,FALSE,"RI00955PZ0000",2026-03-09,"RI00955PZ0000",2026-03-09,"RI00955PZ0000",2026-03-09,"RI00955PZ0000",2026-03-09,"Deram provimento em parte ao recurso. V. U.","autora","parcial","consumidor_venceu"
"10180530320238260100","20251522","Apelação Cível","Prestação de Serviços","Grakiton Satiro Aragão","São Paulo","27ª Câmara de Direito Privado",2026-03-09,2026-03-09,"AÇÃO DECLARATÓRIA DE NULIDADE CONTRATUAL – PRESTAÇÃO DE SERVIÇOS DE PUBLICIDADE – ""CONTRATO DE FIGURAÇÃO"" – ALEGAÇÃO DE VÍCIO DE CONSENTIMENTO (ERRO E DOLO) E FALTA DE PODERES DE REPRESENTAÇÃO – SENTENÇA DE IMPROCEDÊNCIA – MANUTENÇÃO – INSTRUMENTO DEVIDAMENTE ASSINADO POR PREPOSTO DA EMPRESA – APLICAÇÃO DA TEORIA DA APARÊNCIA – VALIDADE DO NEGÓCIO JURÍDICO – ART. 104 DO CÓDIGO CIVIL – BOA-FÉ OBJETIVA E DEVER DE DILIGÊNCIA – ART. 113 DO CÓDIGO CIVIL – AUSÊNCIA DE PROVA DE INDUÇÃO AO ERRO – DOCUMENTO COM TERMOS CLAROS E ONEROSIDADE EXPRESSA – PRESTAÇÃO DO SERVIÇO COMPROVADA (FLS. 489/490) – PRINCÍPIO DO PACTA SUNT SERVANDA – INAPLICABILIDADE DO CDC – RELAÇÃO DE INSUMO – SENTENÇA MANTIDA – RECURSO DESPROVIDO.  (TJSP;  Apelação Cível 1018053-03.2023.8.26.0100; Relator (a): Grakiton Satiro Aragão; Órgão Julgador: 27ª Câmara de Direito Privado; Foro Central Cível - 32ª Vara Cível; Data do Julgamento: 09/03/2026; Data de Registro: 09/03/2026)",FALSE,FALSE,FALSE,FALSE,FALSE,"RI007V4VS0000",2026-03-09,"RI007V4VS0000",2026-03-09,"RI007V4VS0000",2026-03-09,"RI007V4VS0000",2026-03-09,"Negaram provimento ao recurso. V. U.","re","improvido","indefinido"
"10435270520258260100","20143635","Apelação Cível","Prestação de Serviços","Daise Fajardo Nogueira Jacot","São Paulo","27ª Câmara de Direito Privado",2026-02-11,2026-02-11,"*AÇÃO DECLARATÓRIA DE NULIDADE DE CONTRATO E DE INEXIGIBILIDADE DE DÉBITO C.C. INDENIZAÇÃO POR DANOS MORAIS. Prestação de serviços. Publicidade em lista telefônica. Demandante que alega ausência de contratação, mas apenas atendimento telefônico de sua esposa a chamada da ré. Esposa do demandante, sem poderes de representação, que preencheu o denominado ""Contrato de Figuração"", convencida de tratar-se de mera atualização cadastral. Demandante, empresário individual, que teve seu nome protestado. SENTENÇA de parcial procedência. APELAÇÃO só da Empresa ré, que insiste na improcedência da Ação, pugnando subsidiariamente pela redução do ""quantum"" indenizatório. EXAME:  Suposta contratação realizada pela esposa do empresário individual demandante que não tinha poderes de representação. ""Golpe da Lista Telefônica"" configurado. Dever da Empresa ré de averiguar quem representa a contratante. ""Protesto"" indevido que implica dano moral ""in re ipsa"". Indenização correspondente, arbitrada na sentença em R$ 5.000,00, que deve ser mantida no mesmo patamar, ante as circunstâncias específicas do caso concreto e os parâmetros da razoabilidade e da proporcionalidade. Correção monetária que tem incidência a contar do arbitramento, ""ex vi"" da Súmula 362 do C. Superior Tribunal de Justiça. Juros de mora que devem ter incidência a contar do evento danoso (data do débito indevido), ""ex vi"" da Súmula 54 do C. Superior Tribunal de Justiça. Alterações promovidas pela Lei nº 14.905/2024 em relação à correção monetária e aos juros de mora que têm incidência a partir do dia 30 de agosto de 2024. Reparação moral imposta em montante inferior ao pleiteado que não implica sucumbência recíproca. Aplicação da Súmula 326 do C. Superior Tribunal de Justiça. Verba honorária devida ao Patrono do autor que comporta majoração para doze por cento (12%) do valor da condenação, ""ex vi"" do artigo 85, §11, do Código de Processo Civil. Sentença mantida. RECURSO NÃO PROVIDO.*   (TJSP;  Apelação Cível 1043527-05.2025.8.26.0100; Relator (a): Daise Fajardo Nogueira Jacot; Órgão Julgador: 27ª Câmara de Direito Privado; Foro Central Cível - 5ª Vara Cível; Data do Julgamento: 11/02/2026; Data de Registro: 11/02/2026)",FALSE,TRUE,FALSE,FALSE,FALSE,"RI0091Y6V0000",2026-02-11,"RI0091Y6V0000",2026-02-11,"RI0091Y6V0000",2026-02-11,"RI0091Y6V0000",2026-02-11,"Negaram provimento ao recurso. V. U.","autora","improvido","indefinido"
"11322731420238260100","19978896","Apelação Cível","Duplicata","Júlio César Franco","São Paulo","22ª Câmara de Direito Privado",2025-11-18,2025-11-18,"APELAÇÃO. AÇÃO DE SUSTAÇÃO DE PROTESTO. SENTENÇA DE PARCIAL PROCEDÊNCIA. INCONFORMISMO DA AUTORA. CONTRATAÇÃO ONEROSA E PRESTAÇÃO DE SERVIÇO DE PUBLICIDADE COMPROVADOS. PROTESTO QUE NÃO SE MOSTROU INDEVIDO. CONTRATO EM VIGOR E INADIMPLEMENTO DAS PARCELAS EVIDENCIADOS. MERO EXERCICÍO REGULAR DE DIREITO. DANOS MORAIS NÃO CONFIGURADOS. SENTENÇA MANTIDA. RECURSO DESPROVIDO.  (TJSP;  Apelação Cível 1132273-14.2023.8.26.0100; Relator (a): Júlio César Franco; Órgão Julgador: 22ª Câmara de Direito Privado; Foro Central Cível - 33ª Vara Cível; Data do Julgamento: 18/11/2025; Data de Registro: 18/11/2025)",FALSE,FALSE,FALSE,FALSE,FALSE,"RI0089KT80000",2025-11-18,"RI0089KT80000",2025-11-18,"RI0089KT80000",2025-11-18,"RI0089KT80000",2025-11-18,"Negaram provimento ao recurso. V. U.","re","improvido","indefinido"
"10066048720258260032","19899165","Apelação Cível","Prestação de Serviços","Maria Lúcia Pizzotti","Araçatuba","30ª Câmara de Direito Privado",2025-10-29,2025-10-29,"APELAÇÃO CÍVEL. CONTRATO DE PUBLICIDADE. INEXISTÊNCIA DE DÉBITO. PROTESTO INDEVIDO. DANO MORAL MANTIDO. RECURSO DESPROVIDO.  (TJSP;  Apelação Cível 1006604-87.2025.8.26.0032; Relator (a): Maria Lúcia Pizzotti; Órgão Julgador: 30ª Câmara de Direito Privado; Foro de Araçatuba - 4ª Vara Cível; Data do Julgamento: 29/10/2025; Data de Registro: 29/10/2025)",TRUE,TRUE,FALSE,FALSE,FALSE,"RI0091QVT0000",2025-10-29,"RI0091QVT0000",2025-10-29,"RI0091QVT0000",2025-10-29,"RI0091QVT0000",2025-10-29,"Negaram provimento ao recurso. V. U.","autora","improvido","indefinido"
"10012991520258260100","19879556","Apelação Cível","Prestação de Serviços","Sá Moreira de Oliveira","São Paulo","33ª Câmara de Direito Privado",2025-10-23,2025-10-23,"PRESTAÇÃO DE SERVIÇOS –  Ação de cobrança fundada em contrato de ""autorização de figuração"", objetivando publicidade na internet em favor da empresa contratante –  Contrato firmado em dezembro de 2017, com previsão expressa de vencimento antecipado das parcelas restantes em caso de inadimplência –  Alegação de falta de pagamento integral –  Ação proposta em janeiro de 2025 –  Prescrição consumada –  Aplicável o prazo prescricional da data do vencimento antecipado –  Precedentes deste E. Tribunal –  Entendimento controvertido no próprio C. Superior Tribunal de Justiça, sem efeito vinculante –  Ação julgada improcedente –  Sentença reformada.

Apelação provida.  (TJSP;  Apelação Cível 1001299-15.2025.8.26.0100; Relator (a): Sá Moreira de Oliveira; Órgão Julgador: 33ª Câmara de Direito Privado; Foro Central Cível - 16ª Vara Cível; Data do Julgamento: 23/10/2025; Data de Registro: 23/10/2025)",FALSE,FALSE,FALSE,FALSE,FALSE,"RI008YIUE0000",2025-10-23,"RI008YIUE0000",2025-10-23,"RI008YIUE0000",2025-10-23,"RI008YIUE0000",2025-10-23,"Deram provimento ao recurso. V. U.","re","provido","indefinido"
"22357438220258260000","19609757","Agravo de Instrumento","Prestação de Serviços","Carmen Lucia da Silva","São Paulo","33ª Câmara de Direito Privado",2025-08-20,2025-08-20,"AGRAVO DE INSTRUMENTO. ""Ação de inexigibilidade de crédito c/c resolução contratual e restituição de valores"". Decisão que indeferiu a tutela de urgência para suspender a exigibilidade do suposto crédito discutido nos autos ou que seja determinada a suspensão do protesto. Dicção do art. 300 do CPC. Perigo de dano irreparável ou de difícil reparação não demonstrado. Requisitos autorizadores da medida pleiteada não vislumbrados em sede de cognição sumária. Hipótese que recomenda a prévia instauração do contraditório, em primeiro grau de jurisdição. Decisão mantida. RECURSO NÃO PROVIDO.  (TJSP;  Agravo de Instrumento 2235743-82.2025.8.26.0000; Relator (a): Carmen Lucia da Silva; Órgão Julgador: 33ª Câmara de Direito Privado; Foro Central Cível - 27ª Vara Cível; Data do Julgamento: 20/08/2025; Data de Registro: 20/08/2025)",FALSE,FALSE,FALSE,FALSE,FALSE,"RI008XVHZ0000",2025-08-20,"RI008XVHZ0000",2025-08-20,"RI008XVHZ0000",2025-08-20,"RI008XVHZ0000",2025-08-20,"Negaram provimento ao recurso. V. U.","re","improvido","indefinido"
"10190845820238260100","19554911","Embargos de Declaração Cível","Prestação de Serviços","Sá Duarte","São Paulo","33ª Câmara de Direito Privado",2025-08-07,2025-08-07,"EMBARGOS DE DECLARAÇÃO –  Alegação de omissão no acórdão que negou provimento à apelação –  Devolução de valores supostamente pagos por terceiro –  Acórdão que examinou suficientemente a matéria, afastando a restituição por ausência de prova de desembolso pela autora –  Referência a outra demanda e invocação do art. 182 do CC que não configuram omissão, mas pretensão de rediscussão do mérito –  Embargos rejeitados.  (TJSP;  Embargos de Declaração Cível 1019084-58.2023.8.26.0100; Relator (a): Sá Duarte; Órgão Julgador: 33ª Câmara de Direito Privado; Foro Central Cível - 7ª Vara Cível; Data do Julgamento: 07/08/2025; Data de Registro: 07/08/2025)",FALSE,FALSE,FALSE,FALSE,FALSE,"RI008JBS60000",2025-04-28,"RI008JBS60000",2025-04-28,"RI008JBS60000",2025-04-28,"RI008JBS60000",2025-04-28,"Conheceram do recurso e negaram provimento. V. U.","re","improvido","indefinido"
"10190845820238260100","19554911","Embargos de Declaração Cível","Prestação de Serviços","Sá Duarte","São Paulo","33ª Câmara de Direito Privado",2025-08-07,2025-08-07,"EMBARGOS DE DECLARAÇÃO –  Alegação de omissão no acórdão que negou provimento à apelação –  Devolução de valores supostamente pagos por terceiro –  Acórdão que examinou suficientemente a matéria, afastando a restituição por ausência de prova de desembolso pela autora –  Referência a outra demanda e invocação do art. 182 do CC que não configuram omissão, mas pretensão de rediscussão do mérito –  Embargos rejeitados.  (TJSP;  Embargos de Declaração Cível 1019084-58.2023.8.26.0100; Relator (a): Sá Duarte; Órgão Julgador: 33ª Câmara de Direito Privado; Foro Central Cível - 7ª Vara Cível; Data do Julgamento: 07/08/2025; Data de Registro: 07/08/2025)",FALSE,FALSE,FALSE,FALSE,FALSE,"RI008JBS60000",2025-04-28,"RI008JBS60000",2025-04-28,"RI008JBS60000",2025-04-28,"RI008JBS612KW",2025-08-07,"Rejeitaram os embargos. V. U.","re","embargos rejeitados","indefinido"
"10190845820238260100","19554911","Embargos de Declaração Cível","Prestação de Serviços","Sá Duarte","São Paulo","33ª Câmara de Direito Privado",2025-08-07,2025-08-07,"EMBARGOS DE DECLARAÇÃO –  Alegação de omissão no acórdão que negou provimento à apelação –  Devolução de valores supostamente pagos por terceiro –  Acórdão que examinou suficientemente a matéria, afastando a restituição por ausência de prova de desembolso pela autora –  Referência a outra demanda e invocação do art. 182 do CC que não configuram omissão, mas pretensão de rediscussão do mérito –  Embargos rejeitados.  (TJSP;  Embargos de Declaração Cível 1019084-58.2023.8.26.0100; Relator (a): Sá Duarte; Órgão Julgador: 33ª Câmara de Direito Privado; Foro Central Cível - 7ª Vara Cível; Data do Julgamento: 07/08/2025; Data de Registro: 07/08/2025)",FALSE,FALSE,FALSE,FALSE,FALSE,"RI008JBS60000",2025-04-28,"RI008JBS60000",2025-04-28,"RI008JBS612KW",2025-08-07,"RI008JBS60000",2025-04-28,"Conheceram do recurso e negaram provimento. V. U.","re","improvido","indefinido"
"10190845820238260100","19554911","Embargos de Declaração Cível","Prestação de Serviços","Sá Duarte","São Paulo","33ª Câmara de Direito Privado",2025-08-07,2025-08-07,"EMBARGOS DE DECLARAÇÃO –  Alegação de omissão no acórdão que negou provimento à apelação –  Devolução de valores supostamente pagos por terceiro –  Acórdão que examinou suficientemente a matéria, afastando a restituição por ausência de prova de desembolso pela autora –  Referência a outra demanda e invocação do art. 182 do CC que não configuram omissão, mas pretensão de rediscussão do mérito –  Embargos rejeitados.  (TJSP;  Embargos de Declaração Cível 1019084-58.2023.8.26.0100; Relator (a): Sá Duarte; Órgão Julgador: 33ª Câmara de Direito Privado; Foro Central Cível - 7ª Vara Cível; Data do Julgamento: 07/08/2025; Data de Registro: 07/08/2025)",FALSE,FALSE,FALSE,FALSE,FALSE,"RI008JBS60000",2025-04-28,"RI008JBS60000",2025-04-28,"RI008JBS612KW",2025-08-07,"RI008JBS612KW",2025-08-07,"Rejeitaram os embargos. V. U.","re","embargos rejeitados","indefinido"
"10190845820238260100","19554911","Embargos de Declaração Cível","Prestação de Serviços","Sá Duarte","São Paulo","33ª Câmara de Direito Privado",2025-08-07,2025-08-07,"EMBARGOS DE DECLARAÇÃO –  Alegação de omissão no acórdão que negou provimento à apelação –  Devolução de valores supostamente pagos por terceiro –  Acórdão que examinou suficientemente a matéria, afastando a restituição por ausência de prova de desembolso pela autora –  Referência a outra demanda e invocação do art. 182 do CC que não configuram omissão, mas pretensão de rediscussão do mérito –  Embargos rejeitados.  (TJSP;  Embargos de Declaração Cível 1019084-58.2023.8.26.0100; Relator (a): Sá Duarte; Órgão Julgador: 33ª Câmara de Direito Privado; Foro Central Cível - 7ª Vara Cível; Data do Julgamento: 07/08/2025; Data de Registro: 07/08/2025)",FALSE,FALSE,FALSE,FALSE,FALSE,"RI008JBS60000",2025-04-28,"RI008JBS612KW",2025-08-07,"RI008JBS60000",2025-04-28,"RI008JBS60000",2025-04-28,"Conheceram do recurso e negaram provimento. V. U.","re","improvido","indefinido"
"10190845820238260100","19554911","Embargos de Declaração Cível","Prestação de Serviços","Sá Duarte","São Paulo","33ª Câmara de Direito Privado",2025-08-07,2025-08-07,"EMBARGOS DE DECLARAÇÃO –  Alegação de omissão no acórdão que negou provimento à apelação –  Devolução de valores supostamente pagos por terceiro –  Acórdão que examinou suficientemente a matéria, afastando a restituição por ausência de prova de desembolso pela autora –  Referência a outra demanda e invocação do art. 182 do CC que não configuram omissão, mas pretensão de rediscussão do mérito –  Embargos rejeitados.  (TJSP;  Embargos de Declaração Cível 1019084-58.2023.8.26.0100; Relator (a): Sá Duarte; Órgão Julgador: 33ª Câmara de Direito Privado; Foro Central Cível - 7ª Vara Cível; Data do Julgamento: 07/08/2025; Data de Registro: 07/08/2025)",FALSE,FALSE,FALSE,FALSE,FALSE,"RI008JBS60000",2025-04-28,"RI008JBS612KW",2025-08-07,"RI008JBS60000",2025-04-28,"RI008JBS612KW",2025-08-07,"Rejeitaram os embargos. V. U.","re","embargos rejeitados","indefinido"
"10190845820238260100","19554911","Embargos de Declaração Cível","Prestação de Serviços","Sá Duarte","São Paulo","33ª Câmara de Direito Privado",2025-08-07,2025-08-07,"EMBARGOS DE DECLARAÇÃO –  Alegação de omissão no acórdão que negou provimento à apelação –  Devolução de valores supostamente pagos por terceiro –  Acórdão que examinou suficientemente a matéria, afastando a restituição por ausência de prova de desembolso pela autora –  Referência a outra demanda e invocação do art. 182 do CC que não configuram omissão, mas pretensão de rediscussão do mérito –  Embargos rejeitados.  (TJSP;  Embargos de Declaração Cível 1019084-58.2023.8.26.0100; Relator (a): Sá Duarte; Órgão Julgador: 33ª Câmara de Direito Privado; Foro Central Cível - 7ª Vara Cível; Data do Julgamento: 07/08/2025; Data de Registro: 07/08/2025)",FALSE,FALSE,FALSE,FALSE,FALSE,"RI008JBS60000",2025-04-28,"RI008JBS612KW",2025-08-07,"RI008JBS612KW",2025-08-07,"RI008JBS60000",2025-04-28,"Conheceram do recurso e negaram provimento. V. U.","re","improvido","indefinido"
"10190845820238260100","19554911","Embargos de Declaração Cível","Prestação de Serviços","Sá Duarte","São Paulo","33ª Câmara de Direito Privado",2025-08-07,2025-08-07,"EMBARGOS DE DECLARAÇÃO –  Alegação de omissão no acórdão que negou provimento à apelação –  Devolução de valores supostamente pagos por terceiro –  Acórdão que examinou suficientemente a matéria, afastando a restituição por ausência de prova de desembolso pela autora –  Referência a outra demanda e invocação do art. 182 do CC que não configuram omissão, mas pretensão de rediscussão do mérito –  Embargos rejeitados.  (TJSP;  Embargos de Declaração Cível 1019084-58.2023.8.26.0100; Relator (a): Sá Duarte; Órgão Julgador: 33ª Câmara de Direito Privado; Foro Central Cível - 7ª Vara Cível; Data do Julgamento: 07/08/2025; Data de Registro: 07/08/2025)",FALSE,FALSE,FALSE,FALSE,FALSE,"RI008JBS60000",2025-04-28,"RI008JBS612KW",2025-08-07,"RI008JBS612KW",2025-08-07,"RI008JBS612KW",2025-08-07,"Rejeitaram os embargos. V. U.","re","embargos rejeitados","indefinido"
"10190845820238260100","19554911","Embargos de Declaração Cível","Prestação de Serviços","Sá Duarte","São Paulo","33ª Câmara de Direito Privado",2025-08-07,2025-08-07,"EMBARGOS DE DECLARAÇÃO –  Alegação de omissão no acórdão que negou provimento à apelação –  Devolução de valores supostamente pagos por terceiro –  Acórdão que examinou suficientemente a matéria, afastando a restituição por ausência de prova de desembolso pela autora –  Referência a outra demanda e invocação do art. 182 do CC que não configuram omissão, mas pretensão de rediscussão do mérito –  Embargos rejeitados.  (TJSP;  Embargos de Declaração Cível 1019084-58.2023.8.26.0100; Relator (a): Sá Duarte; Órgão Julgador: 33ª Câmara de Direito Privado; Foro Central Cível - 7ª Vara Cível; Data do Julgamento: 07/08/2025; Data de Registro: 07/08/2025)",FALSE,FALSE,FALSE,FALSE,FALSE,"RI008JBS612KW",2025-08-07,"RI008JBS60000",2025-04-28,"RI008JBS60000",2025-04-28,"RI008JBS60000",2025-04-28,"Conheceram do recurso e negaram provimento. V. U.","re","improvido","indefinido"
"10190845820238260100","19554911","Embargos de Declaração Cível","Prestação de Serviços","Sá Duarte","São Paulo","33ª Câmara de Direito Privado",2025-08-07,2025-08-07,"EMBARGOS DE DECLARAÇÃO –  Alegação de omissão no acórdão que negou provimento à apelação –  Devolução de valores supostamente pagos por terceiro –  Acórdão que examinou suficientemente a matéria, afastando a restituição por ausência de prova de desembolso pela autora –  Referência a outra demanda e invocação do art. 182 do CC que não configuram omissão, mas pretensão de rediscussão do mérito –  Embargos rejeitados.  (TJSP;  Embargos de Declaração Cível 1019084-58.2023.8.26.0100; Relator (a): Sá Duarte; Órgão Julgador: 33ª Câmara de Direito Privado; Foro Central Cível - 7ª Vara Cível; Data do Julgamento: 07/08/2025; Data de Registro: 07/08/2025)",FALSE,FALSE,FALSE,FALSE,FALSE,"RI008JBS612KW",2025-08-07,"RI008JBS60000",2025-04-28,"RI008JBS60000",2025-04-28,"RI008JBS612KW",2025-08-07,"Rejeitaram os embargos. V. U.","re","embargos rejeitados","indefinido"
"10190845820238260100","19554911","Embargos de Declaração Cível","Prestação de Serviços","Sá Duarte","São Paulo","33ª Câmara de Direito Privado",2025-08-07,2025-08-07,"EMBARGOS DE DECLARAÇÃO –  Alegação de omissão no acórdão que negou provimento à apelação –  Devolução de valores supostamente pagos por terceiro –  Acórdão que examinou suficientemente a matéria, afastando a restituição por ausência de prova de desembolso pela autora –  Referência a outra demanda e invocação do art. 182 do CC que não configuram omissão, mas pretensão de rediscussão do mérito –  Embargos rejeitados.  (TJSP;  Embargos de Declaração Cível 1019084-58.2023.8.26.0100; Relator (a): Sá Duarte; Órgão Julgador: 33ª Câmara de Direito Privado; Foro Central Cível - 7ª Vara Cível; Data do Julgamento: 07/08/2025; Data de Registro: 07/08/2025)",FALSE,FALSE,FALSE,FALSE,FALSE,"RI008JBS612KW",2025-08-07,"RI008JBS60000",2025-04-28,"RI008JBS612KW",2025-08-07,"RI008JBS60000",2025-04-28,"Conheceram do recurso e negaram provimento. V. U.","re","improvido","indefinido"
"10190845820238260100","19554911","Embargos de Declaração Cível","Prestação de Serviços","Sá Duarte","São Paulo","33ª Câmara de Direito Privado",2025-08-07,2025-08-07,"EMBARGOS DE DECLARAÇÃO –  Alegação de omissão no acórdão que negou provimento à apelação –  Devolução de valores supostamente pagos por terceiro –  Acórdão que examinou suficientemente a matéria, afastando a restituição por ausência de prova de desembolso pela autora –  Referência a outra demanda e invocação do art. 182 do CC que não configuram omissão, mas pretensão de rediscussão do mérito –  Embargos rejeitados.  (TJSP;  Embargos de Declaração Cível 1019084-58.2023.8.26.0100; Relator (a): Sá Duarte; Órgão Julgador: 33ª Câmara de Direito Privado; Foro Central Cível - 7ª Vara Cível; Data do Julgamento: 07/08/2025; Data de Registro: 07/08/2025)",FALSE,FALSE,FALSE,FALSE,FALSE,"RI008JBS612KW",2025-08-07,"RI008JBS60000",2025-04-28,"RI008JBS612KW",2025-08-07,"RI008JBS612KW",2025-08-07,"Rejeitaram os embargos. V. U.","re","embargos rejeitados","indefinido"
"10190845820238260100","19554911","Embargos de Declaração Cível","Prestação de Serviços","Sá Duarte","São Paulo","33ª Câmara de Direito Privado",2025-08-07,2025-08-07,"EMBARGOS DE DECLARAÇÃO –  Alegação de omissão no acórdão que negou provimento à apelação –  Devolução de valores supostamente pagos por terceiro –  Acórdão que examinou suficientemente a matéria, afastando a restituição por ausência de prova de desembolso pela autora –  Referência a outra demanda e invocação do art. 182 do CC que não configuram omissão, mas pretensão de rediscussão do mérito –  Embargos rejeitados.  (TJSP;  Embargos de Declaração Cível 1019084-58.2023.8.26.0100; Relator (a): Sá Duarte; Órgão Julgador: 33ª Câmara de Direito Privado; Foro Central Cível - 7ª Vara Cível; Data do Julgamento: 07/08/2025; Data de Registro: 07/08/2025)",FALSE,FALSE,FALSE,FALSE,FALSE,"RI008JBS612KW",2025-08-07,"RI008JBS612KW",2025-08-07,"RI008JBS60000",2025-04-28,"RI008JBS60000",2025-04-28,"Conheceram do recurso e negaram provimento. V. U.","re","improvido","indefinido"
"10190845820238260100","19554911","Embargos de Declaração Cível","Prestação de Serviços","Sá Duarte","São Paulo","33ª Câmara de Direito Privado",2025-08-07,2025-08-07,"EMBARGOS DE DECLARAÇÃO –  Alegação de omissão no acórdão que negou provimento à apelação –  Devolução de valores supostamente pagos por terceiro –  Acórdão que examinou suficientemente a matéria, afastando a restituição por ausência de prova de desembolso pela autora –  Referência a outra demanda e invocação do art. 182 do CC que não configuram omissão, mas pretensão de rediscussão do mérito –  Embargos rejeitados.  (TJSP;  Embargos de Declaração Cível 1019084-58.2023.8.26.0100; Relator (a): Sá Duarte; Órgão Julgador: 33ª Câmara de Direito Privado; Foro Central Cível - 7ª Vara Cível; Data do Julgamento: 07/08/2025; Data de Registro: 07/08/2025)",FALSE,FALSE,FALSE,FALSE,FALSE,"RI008JBS612KW",2025-08-07,"RI008JBS612KW",2025-08-07,"RI008JBS60000",2025-04-28,"RI008JBS612KW",2025-08-07,"Rejeitaram os embargos. V. U.","re","embargos rejeitados","indefinido"
"10190845820238260100","19554911","Embargos de Declaração Cível","Prestação de Serviços","Sá Duarte","São Paulo","33ª Câmara de Direito Privado",2025-08-07,2025-08-07,"EMBARGOS DE DECLARAÇÃO –  Alegação de omissão no acórdão que negou provimento à apelação –  Devolução de valores supostamente pagos por terceiro –  Acórdão que examinou suficientemente a matéria, afastando a restituição por ausência de prova de desembolso pela autora –  Referência a outra demanda e invocação do art. 182 do CC que não configuram omissão, mas pretensão de rediscussão do mérito –  Embargos rejeitados.  (TJSP;  Embargos de Declaração Cível 1019084-58.2023.8.26.0100; Relator (a): Sá Duarte; Órgão Julgador: 33ª Câmara de Direito Privado; Foro Central Cível - 7ª Vara Cível; Data do Julgamento: 07/08/2025; Data de Registro: 07/08/2025)",FALSE,FALSE,FALSE,FALSE,FALSE,"RI008JBS612KW",2025-08-07,"RI008JBS612KW",2025-08-07,"RI008JBS612KW",2025-08-07,"RI008JBS60000",2025-04-28,"Conheceram do recurso e negaram provimento. V. U.","re","improvido","indefinido"
"10190845820238260100","19554911","Embargos de Declaração Cível","Prestação de Serviços","Sá Duarte","São Paulo","33ª Câmara de Direito Privado",2025-08-07,2025-08-07,"EMBARGOS DE DECLARAÇÃO –  Alegação de omissão no acórdão que negou provimento à apelação –  Devolução de valores supostamente pagos por terceiro –  Acórdão que examinou suficientemente a matéria, afastando a restituição por ausência de prova de desembolso pela autora –  Referência a outra demanda e invocação do art. 182 do CC que não configuram omissão, mas pretensão de rediscussão do mérito –  Embargos rejeitados.  (TJSP;  Embargos de Declaração Cível 1019084-58.2023.8.26.0100; Relator (a): Sá Duarte; Órgão Julgador: 33ª Câmara de Direito Privado; Foro Central Cível - 7ª Vara Cível; Data do Julgamento: 07/08/2025; Data de Registro: 07/08/2025)",FALSE,FALSE,FALSE,FALSE,FALSE,"RI008JBS612KW",2025-08-07,"RI008JBS612KW",2025-08-07,"RI008JBS612KW",2025-08-07,"RI008JBS612KW",2025-08-07,"Rejeitaram os embargos. V. U.","re","embargos rejeitados","indefinido"
"10643501420238260506","19521167","Apelação Cível","Duplicata","Roberto Maia","São Paulo","20ª Câmara de Direito Privado",2025-07-30,2025-07-30,"DIREITO CIVIL. AÇÃO DECLARATÓRIA DE INEXIGIBILIDADE DE DÉBITO. SENTENÇA DE IMPROCEDÊNCIA. APELAÇÃO. RECURSO DESPROVIDO.
I. Caso em Exame
A demandante interpôs apelação contra sentença que julgou improcedente a ação declaratória de inexigibilidade de débito. A sentença condenou a parte autora ao pagamento das custas processuais e honorários advocatícios, fixados em 10% do valor da causa.
II. Questão em Discussão
2. A questão em discussão consiste em determinar se a apelada cumpriu com suas obrigações contratuais e se o protesto do título foi indevido, além de avaliar a possibilidade de devolução em dobro dos valores pagos e indenização por danos morais.
III. Razões de Decidir
3. O contrato previa a realização de publicações de anúncio por três edições, correspondentes aos anos de 2022, 2023 e 2024. O pagamento de 12 parcelas de R$ 350,00 refere-se ao pagamento de cada edição, não ao total do contrato.
4. A apelada cumpriu a contraprestação referente à edição de 2022. A negativação foi correta, pois a empresa autora não pagou as parcelas das edições seguintes. Não há vício de consentimento, e o protesto foi exercício de direito contratual.
IV. Dispositivo e Tese
5. Recurso desprovido.
Tese de julgamento: 1. O cumprimento parcial do contrato pela apelada justifica a negativação. 2. Não há inexigibilidade do débito, restituição em dobro ou indenização por danos morais.
Legislação Citada:
CPC, art. 487, I; art. 85, §2º; art. 98, §3º.
CDC, art. 6º, VIII; art. 42, parágrafo único.  (TJSP;  Apelação Cível 1064350-14.2023.8.26.0506; Relator (a): Roberto Maia; Órgão Julgador: 20ª Câmara de Direito Privado; Foro Central Cível - 28ª Vara Cível; Data do Julgamento: 30/07/2025; Data de Registro: 30/07/2025)",FALSE,TRUE,FALSE,FALSE,FALSE,"RI008SHI20000",2025-07-30,"RI008SHI20000",2025-07-30,"RI008SHI20000",2025-07-30,"RI008SHI20000",2025-07-30,"Negaram provimento ao recurso. V. U.","re","improvido","indefinido"
"10077054820228260297","19438720","Apelação Cível","Responsabilidade Civil","José Augusto Genofre Martins","Jales","29ª Câmara de Direito Privado",2025-07-08,2025-07-08,"RESPONSABILIDADE CIVIL. AÇÃO ANULATÓRIA DE NEGÓCIO JURÍDICO C/C INDENIZATÓRIA DE DANOS MORAIS, COM PEDIDO DE TUTELA ANTECIPADA.  Sentença de improcedência. Recurso da empresa autora, com alegação preliminar de nulidade por cerceamento de defesa, insistindo na necessidade de colheita de material grafotécnico; sustentando, meritoriamente, que não contratou e não autorizou a contratação dos serviços descritos no contrato juntado aos autos, sendo que quem assinou o ""contrato de figuração"" não era representante legal da empresa, ineficazes os atos. Alega inaplicabilidade da teoria da aparência. Preliminar rejeitada. Improvimento recursal. Ausência de nulidade na r. sentença, inocorrente cerceamento de defesa, consideradas bastantes as provas produzidas para a formação da livre convicção motivada do julgador. Provas dos autos que demonstram a livre celebração de contrato entre 02 pessoas jurídicas, para a prestação de serviços, tendo sido aceito o conteúdo do ajuste, assinado por pessoa qualificada no contrato como atuante no cargo de gerente da empresa, sem prova de vícios de consentimento, aplicável, de fato, à hipótese a teoria da aparência, considerada válida a contratação e devida a contraprestação correspondente, sem cometimento de ato ilícito pela empresa ré, capaz de ensejar a reparação de danos. Confirmação da autora sobre o fato de que a pessoa que assinou o contrato fazia parte do quadro de trabalhadores da empresa, celebrado o ajuste entre partes representadas por pessoas maiores e capazes, versando sobre direitos patrimoniais disponíveis, sem comprovação de vício de vontade, conhecidas as cláusulas do contrato e encargos, redigidas de forma clara, considerada válida a avença, prevalecendo no âmbito privado a autonomia da vontade e a liberdade de contratação. Sentença integralmente mantida, nos termos do art. 252 do RITJ. Recurso improvido, majorados os honorários advocatícios, na forma do art. 85, § 11 do CPC, rejeitada a preliminar.   (TJSP;  Apelação Cível 1007705-48.2022.8.26.0297; Relator (a): José Augusto Genofre Martins; Órgão Julgador: 29ª Câmara de Direito Privado; Foro de Jales - 1ª Vara Cível; Data do Julgamento: 08/07/2025; Data de Registro: 08/07/2025)",FALSE,TRUE,FALSE,FALSE,FALSE,"RI007ZHO70000",2025-07-08,"RI007ZHO70000",2025-07-08,"RI007ZHO70000",2025-07-08,"RI007ZHO70000",2025-07-08,"Negaram provimento ao recurso, rejeitada a preliminar. V.U.","re","improvido","indefinido"
"11428658320248260100","19430136","Apelação Cível","Prestação de Serviços","Caio Marcelo Mendes de Oliveira","São Paulo","32ª Câmara de Direito Privado",2025-07-04,2025-07-04,"PRESTAÇÃO DE SERVIÇOS –  Contrato de figuração, envolvendo a publicidade da marca da autora em site de anúncios na internet - Ação declaratória de inexistência de débito c/c indenização por danos morais acolhida em sentença - Cerceamento de defesa  verificado, pois a decisão considerou inválida assinatura em compromisso contratual, sem prova técnica, decidindo a lide sem prévio saneador ou oportunidade para produção de provas ––  Inobservância do art. 369 do CPC, que implica no reconhecimento de cerceamento de defesa, com possibilidade de produção de prova técnica  –  Sentença anulada –  Recurso provido.  (TJSP;  Apelação Cível 1142865-83.2024.8.26.0100; Relator (a): Caio Marcelo Mendes de Oliveira; Órgão Julgador: 32ª Câmara de Direito Privado; Foro Central Cível - 24ª Vara Cível; Data do Julgamento: 04/07/2025; Data de Registro: 04/07/2025)",FALSE,TRUE,FALSE,FALSE,FALSE,"RI008NZJI0000",2025-07-04,"RI008NZJI0000",2025-07-04,"RI008NZJI0000",2025-07-04,"RI008NZJI0000",2025-07-04,"Deram provimento ao recurso. V. U.","autora","provido","indefinido"
"10190845820238260100","19151192","Apelação Cível","Prestação de Serviços","Sá Duarte","São Paulo","33ª Câmara de Direito Privado",2025-04-28,2025-04-28,"PRESTAÇÃO DE SERVIÇOS –  PUBLICIDADE –  AÇÃO ANULATÓRIA DE CONTRATO C/C RESTITUIÇÃO DE VALORES –  NULIDADE DO CONTRATO RECONHECIDA –  INDEFERIMENTO DO PEDIDO DE RESTITUIÇÃO –  AUSÊNCIA DE PROVA DE PAGAMENTO PELA AUTORA –  PAGAMENTO REALIZADO POR TERCEIRO –  ENRIQUECIMENTO SEM CAUSA NÃO CONFIGURADO –  RECURSO NÃO PROVIDO.
1. O reconhecimento da nulidade do contrato celebrado entre as partes não implica, por si só, o dever de restituição de valores, quando não demonstrado que o pagamento partiu do patrimônio da autora.
2. Comprovado nos autos que os valores foram pagos por terceiro não integrante da lide, inviável a restituição à autora, sob pena de enriquecimento indevido.
3. Ausente prova do prejuízo próprio, inviável a pretensão indenizatória.
4. Preliminar de inadmissibilidade do recurso afastada.
5. Apelação conhecida e não provida.  (TJSP;  Apelação Cível 1019084-58.2023.8.26.0100; Relator (a): Sá Duarte; Órgão Julgador: 33ª Câmara de Direito Privado; Foro Central Cível - 7ª Vara Cível; Data do Julgamento: 28/04/2025; Data de Registro: 28/04/2025)",FALSE,TRUE,FALSE,FALSE,FALSE,"RI008JBS60000",2025-04-28,"RI008JBS60000",2025-04-28,"RI008JBS60000",2025-04-28,"RI008JBS60000",2025-04-28,"Conheceram do recurso e negaram provimento. V. U.","re","improvido","indefinido"
"10190845820238260100","19151192","Apelação Cível","Prestação de Serviços","Sá Duarte","São Paulo","33ª Câmara de Direito Privado",2025-04-28,2025-04-28,"PRESTAÇÃO DE SERVIÇOS –  PUBLICIDADE –  AÇÃO ANULATÓRIA DE CONTRATO C/C RESTITUIÇÃO DE VALORES –  NULIDADE DO CONTRATO RECONHECIDA –  INDEFERIMENTO DO PEDIDO DE RESTITUIÇÃO –  AUSÊNCIA DE PROVA DE PAGAMENTO PELA AUTORA –  PAGAMENTO REALIZADO POR TERCEIRO –  ENRIQUECIMENTO SEM CAUSA NÃO CONFIGURADO –  RECURSO NÃO PROVIDO.
1. O reconhecimento da nulidade do contrato celebrado entre as partes não implica, por si só, o dever de restituição de valores, quando não demonstrado que o pagamento partiu do patrimônio da autora.
2. Comprovado nos autos que os valores foram pagos por terceiro não integrante da lide, inviável a restituição à autora, sob pena de enriquecimento indevido.
3. Ausente prova do prejuízo próprio, inviável a pretensão indenizatória.
4. Preliminar de inadmissibilidade do recurso afastada.
5. Apelação conhecida e não provida.  (TJSP;  Apelação Cível 1019084-58.2023.8.26.0100; Relator (a): Sá Duarte; Órgão Julgador: 33ª Câmara de Direito Privado; Foro Central Cível - 7ª Vara Cível; Data do Julgamento: 28/04/2025; Data de Registro: 28/04/2025)",FALSE,TRUE,FALSE,FALSE,FALSE,"RI008JBS60000",2025-04-28,"RI008JBS60000",2025-04-28,"RI008JBS60000",2025-04-28,"RI008JBS612KW",2025-08-07,"Rejeitaram os embargos. V. U.","re","embargos rejeitados","indefinido"
"10190845820238260100","19151192","Apelação Cível","Prestação de Serviços","Sá Duarte","São Paulo","33ª Câmara de Direito Privado",2025-04-28,2025-04-28,"PRESTAÇÃO DE SERVIÇOS –  PUBLICIDADE –  AÇÃO ANULATÓRIA DE CONTRATO C/C RESTITUIÇÃO DE VALORES –  NULIDADE DO CONTRATO RECONHECIDA –  INDEFERIMENTO DO PEDIDO DE RESTITUIÇÃO –  AUSÊNCIA DE PROVA DE PAGAMENTO PELA AUTORA –  PAGAMENTO REALIZADO POR TERCEIRO –  ENRIQUECIMENTO SEM CAUSA NÃO CONFIGURADO –  RECURSO NÃO PROVIDO.
1. O reconhecimento da nulidade do contrato celebrado entre as partes não implica, por si só, o dever de restituição de valores, quando não demonstrado que o pagamento partiu do patrimônio da autora.
2. Comprovado nos autos que os valores foram pagos por terceiro não integrante da lide, inviável a restituição à autora, sob pena de enriquecimento indevido.
3. Ausente prova do prejuízo próprio, inviável a pretensão indenizatória.
4. Preliminar de inadmissibilidade do recurso afastada.
5. Apelação conhecida e não provida.  (TJSP;  Apelação Cível 1019084-58.2023.8.26.0100; Relator (a): Sá Duarte; Órgão Julgador: 33ª Câmara de Direito Privado; Foro Central Cível - 7ª Vara Cível; Data do Julgamento: 28/04/2025; Data de Registro: 28/04/2025)",FALSE,TRUE,FALSE,FALSE,FALSE,"RI008JBS60000",2025-04-28,"RI008JBS60000",2025-04-28,"RI008JBS612KW",2025-08-07,"RI008JBS60000",2025-04-28,"Conheceram do recurso e negaram provimento. V. U.","re","improvido","indefinido"
"10190845820238260100","19151192","Apelação Cível","Prestação de Serviços","Sá Duarte","São Paulo","33ª Câmara de Direito Privado",2025-04-28,2025-04-28,"PRESTAÇÃO DE SERVIÇOS –  PUBLICIDADE –  AÇÃO ANULATÓRIA DE CONTRATO C/C RESTITUIÇÃO DE VALORES –  NULIDADE DO CONTRATO RECONHECIDA –  INDEFERIMENTO DO PEDIDO DE RESTITUIÇÃO –  AUSÊNCIA DE PROVA DE PAGAMENTO PELA AUTORA –  PAGAMENTO REALIZADO POR TERCEIRO –  ENRIQUECIMENTO SEM CAUSA NÃO CONFIGURADO –  RECURSO NÃO PROVIDO.
1. O reconhecimento da nulidade do contrato celebrado entre as partes não implica, por si só, o dever de restituição de valores, quando não demonstrado que o pagamento partiu do patrimônio da autora.
2. Comprovado nos autos que os valores foram pagos por terceiro não integrante da lide, inviável a restituição à autora, sob pena de enriquecimento indevido.
3. Ausente prova do prejuízo próprio, inviável a pretensão indenizatória.
4. Preliminar de inadmissibilidade do recurso afastada.
5. Apelação conhecida e não provida.  (TJSP;  Apelação Cível 1019084-58.2023.8.26.0100; Relator (a): Sá Duarte; Órgão Julgador: 33ª Câmara de Direito Privado; Foro Central Cível - 7ª Vara Cível; Data do Julgamento: 28/04/2025; Data de Registro: 28/04/2025)",FALSE,TRUE,FALSE,FALSE,FALSE,"RI008JBS60000",2025-04-28,"RI008JBS60000",2025-04-28,"RI008JBS612KW",2025-08-07,"RI008JBS612KW",2025-08-07,"Rejeitaram os embargos. V. U.","re","embargos rejeitados","indefinido"
"10190845820238260100","19151192","Apelação Cível","Prestação de Serviços","Sá Duarte","São Paulo","33ª Câmara de Direito Privado",2025-04-28,2025-04-28,"PRESTAÇÃO DE SERVIÇOS –  PUBLICIDADE –  AÇÃO ANULATÓRIA DE CONTRATO C/C RESTITUIÇÃO DE VALORES –  NULIDADE DO CONTRATO RECONHECIDA –  INDEFERIMENTO DO PEDIDO DE RESTITUIÇÃO –  AUSÊNCIA DE PROVA DE PAGAMENTO PELA AUTORA –  PAGAMENTO REALIZADO POR TERCEIRO –  ENRIQUECIMENTO SEM CAUSA NÃO CONFIGURADO –  RECURSO NÃO PROVIDO.
1. O reconhecimento da nulidade do contrato celebrado entre as partes não implica, por si só, o dever de restituição de valores, quando não demonstrado que o pagamento partiu do patrimônio da autora.
2. Comprovado nos autos que os valores foram pagos por terceiro não integrante da lide, inviável a restituição à autora, sob pena de enriquecimento indevido.
3. Ausente prova do prejuízo próprio, inviável a pretensão indenizatória.
4. Preliminar de inadmissibilidade do recurso afastada.
5. Apelação conhecida e não provida.  (TJSP;  Apelação Cível 1019084-58.2023.8.26.0100; Relator (a): Sá Duarte; Órgão Julgador: 33ª Câmara de Direito Privado; Foro Central Cível - 7ª Vara Cível; Data do Julgamento: 28/04/2025; Data de Registro: 28/04/2025)",FALSE,TRUE,FALSE,FALSE,FALSE,"RI008JBS60000",2025-04-28,"RI008JBS612KW",2025-08-07,"RI008JBS60000",2025-04-28,"RI008JBS60000",2025-04-28,"Conheceram do recurso e negaram provimento. V. U.","re","improvido","indefinido"
"10190845820238260100","19151192","Apelação Cível","Prestação de Serviços","Sá Duarte","São Paulo","33ª Câmara de Direito Privado",2025-04-28,2025-04-28,"PRESTAÇÃO DE SERVIÇOS –  PUBLICIDADE –  AÇÃO ANULATÓRIA DE CONTRATO C/C RESTITUIÇÃO DE VALORES –  NULIDADE DO CONTRATO RECONHECIDA –  INDEFERIMENTO DO PEDIDO DE RESTITUIÇÃO –  AUSÊNCIA DE PROVA DE PAGAMENTO PELA AUTORA –  PAGAMENTO REALIZADO POR TERCEIRO –  ENRIQUECIMENTO SEM CAUSA NÃO CONFIGURADO –  RECURSO NÃO PROVIDO.
1. O reconhecimento da nulidade do contrato celebrado entre as partes não implica, por si só, o dever de restituição de valores, quando não demonstrado que o pagamento partiu do patrimônio da autora.
2. Comprovado nos autos que os valores foram pagos por terceiro não integrante da lide, inviável a restituição à autora, sob pena de enriquecimento indevido.
3. Ausente prova do prejuízo próprio, inviável a pretensão indenizatória.
4. Preliminar de inadmissibilidade do recurso afastada.
5. Apelação conhecida e não provida.  (TJSP;  Apelação Cível 1019084-58.2023.8.26.0100; Relator (a): Sá Duarte; Órgão Julgador: 33ª Câmara de Direito Privado; Foro Central Cível - 7ª Vara Cível; Data do Julgamento: 28/04/2025; Data de Registro: 28/04/2025)",FALSE,TRUE,FALSE,FALSE,FALSE,"RI008JBS60000",2025-04-28,"RI008JBS612KW",2025-08-07,"RI008JBS60000",2025-04-28,"RI008JBS612KW",2025-08-07,"Rejeitaram os embargos. V. U.","re","embargos rejeitados","indefinido"
"10190845820238260100","19151192","Apelação Cível","Prestação de Serviços","Sá Duarte","São Paulo","33ª Câmara de Direito Privado",2025-04-28,2025-04-28,"PRESTAÇÃO DE SERVIÇOS –  PUBLICIDADE –  AÇÃO ANULATÓRIA DE CONTRATO C/C RESTITUIÇÃO DE VALORES –  NULIDADE DO CONTRATO RECONHECIDA –  INDEFERIMENTO DO PEDIDO DE RESTITUIÇÃO –  AUSÊNCIA DE PROVA DE PAGAMENTO PELA AUTORA –  PAGAMENTO REALIZADO POR TERCEIRO –  ENRIQUECIMENTO SEM CAUSA NÃO CONFIGURADO –  RECURSO NÃO PROVIDO.
1. O reconhecimento da nulidade do contrato celebrado entre as partes não implica, por si só, o dever de restituição de valores, quando não demonstrado que o pagamento partiu do patrimônio da autora.
2. Comprovado nos autos que os valores foram pagos por terceiro não integrante da lide, inviável a restituição à autora, sob pena de enriquecimento indevido.
3. Ausente prova do prejuízo próprio, inviável a pretensão indenizatória.
4. Preliminar de inadmissibilidade do recurso afastada.
5. Apelação conhecida e não provida.  (TJSP;  Apelação Cível 1019084-58.2023.8.26.0100; Relator (a): Sá Duarte; Órgão Julgador: 33ª Câmara de Direito Privado; Foro Central Cível - 7ª Vara Cível; Data do Julgamento: 28/04/2025; Data de Registro: 28/04/2025)",FALSE,TRUE,FALSE,FALSE,FALSE,"RI008JBS60000",2025-04-28,"RI008JBS612KW",2025-08-07,"RI008JBS612KW",2025-08-07,"RI008JBS60000",2025-04-28,"Conheceram do recurso e negaram provimento. V. U.","re","improvido","indefinido"
"10190845820238260100","19151192","Apelação Cível","Prestação de Serviços","Sá Duarte","São Paulo","33ª Câmara de Direito Privado",2025-04-28,2025-04-28,"PRESTAÇÃO DE SERVIÇOS –  PUBLICIDADE –  AÇÃO ANULATÓRIA DE CONTRATO C/C RESTITUIÇÃO DE VALORES –  NULIDADE DO CONTRATO RECONHECIDA –  INDEFERIMENTO DO PEDIDO DE RESTITUIÇÃO –  AUSÊNCIA DE PROVA DE PAGAMENTO PELA AUTORA –  PAGAMENTO REALIZADO POR TERCEIRO –  ENRIQUECIMENTO SEM CAUSA NÃO CONFIGURADO –  RECURSO NÃO PROVIDO.
1. O reconhecimento da nulidade do contrato celebrado entre as partes não implica, por si só, o dever de restituição de valores, quando não demonstrado que o pagamento partiu do patrimônio da autora.
2. Comprovado nos autos que os valores foram pagos por terceiro não integrante da lide, inviável a restituição à autora, sob pena de enriquecimento indevido.
3. Ausente prova do prejuízo próprio, inviável a pretensão indenizatória.
4. Preliminar de inadmissibilidade do recurso afastada.
5. Apelação conhecida e não provida.  (TJSP;  Apelação Cível 1019084-58.2023.8.26.0100; Relator (a): Sá Duarte; Órgão Julgador: 33ª Câmara de Direito Privado; Foro Central Cível - 7ª Vara Cível; Data do Julgamento: 28/04/2025; Data de Registro: 28/04/2025)",FALSE,TRUE,FALSE,FALSE,FALSE,"RI008JBS60000",2025-04-28,"RI008JBS612KW",2025-08-07,"RI008JBS612KW",2025-08-07,"RI008JBS612KW",2025-08-07,"Rejeitaram os embargos. V. U.","re","embargos rejeitados","indefinido"
"10190845820238260100","19151192","Apelação Cível","Prestação de Serviços","Sá Duarte","São Paulo","33ª Câmara de Direito Privado",2025-04-28,2025-04-28,"PRESTAÇÃO DE SERVIÇOS –  PUBLICIDADE –  AÇÃO ANULATÓRIA DE CONTRATO C/C RESTITUIÇÃO DE VALORES –  NULIDADE DO CONTRATO RECONHECIDA –  INDEFERIMENTO DO PEDIDO DE RESTITUIÇÃO –  AUSÊNCIA DE PROVA DE PAGAMENTO PELA AUTORA –  PAGAMENTO REALIZADO POR TERCEIRO –  ENRIQUECIMENTO SEM CAUSA NÃO CONFIGURADO –  RECURSO NÃO PROVIDO.
1. O reconhecimento da nulidade do contrato celebrado entre as partes não implica, por si só, o dever de restituição de valores, quando não demonstrado que o pagamento partiu do patrimônio da autora.
2. Comprovado nos autos que os valores foram pagos por terceiro não integrante da lide, inviável a restituição à autora, sob pena de enriquecimento indevido.
3. Ausente prova do prejuízo próprio, inviável a pretensão indenizatória.
4. Preliminar de inadmissibilidade do recurso afastada.
5. Apelação conhecida e não provida.  (TJSP;  Apelação Cível 1019084-58.2023.8.26.0100; Relator (a): Sá Duarte; Órgão Julgador: 33ª Câmara de Direito Privado; Foro Central Cível - 7ª Vara Cível; Data do Julgamento: 28/04/2025; Data de Registro: 28/04/2025)",FALSE,TRUE,FALSE,FALSE,FALSE,"RI008JBS612KW",2025-08-07,"RI008JBS60000",2025-04-28,"RI008JBS60000",2025-04-28,"RI008JBS60000",2025-04-28,"Conheceram do recurso e negaram provimento. V. U.","re","improvido","indefinido"
"10190845820238260100","19151192","Apelação Cível","Prestação de Serviços","Sá Duarte","São Paulo","33ª Câmara de Direito Privado",2025-04-28,2025-04-28,"PRESTAÇÃO DE SERVIÇOS –  PUBLICIDADE –  AÇÃO ANULATÓRIA DE CONTRATO C/C RESTITUIÇÃO DE VALORES –  NULIDADE DO CONTRATO RECONHECIDA –  INDEFERIMENTO DO PEDIDO DE RESTITUIÇÃO –  AUSÊNCIA DE PROVA DE PAGAMENTO PELA AUTORA –  PAGAMENTO REALIZADO POR TERCEIRO –  ENRIQUECIMENTO SEM CAUSA NÃO CONFIGURADO –  RECURSO NÃO PROVIDO.
1. O reconhecimento da nulidade do contrato celebrado entre as partes não implica, por si só, o dever de restituição de valores, quando não demonstrado que o pagamento partiu do patrimônio da autora.
2. Comprovado nos autos que os valores foram pagos por terceiro não integrante da lide, inviável a restituição à autora, sob pena de enriquecimento indevido.
3. Ausente prova do prejuízo próprio, inviável a pretensão indenizatória.
4. Preliminar de inadmissibilidade do recurso afastada.
5. Apelação conhecida e não provida.  (TJSP;  Apelação Cível 1019084-58.2023.8.26.0100; Relator (a): Sá Duarte; Órgão Julgador: 33ª Câmara de Direito Privado; Foro Central Cível - 7ª Vara Cível; Data do Julgamento: 28/04/2025; Data de Registro: 28/04/2025)",FALSE,TRUE,FALSE,FALSE,FALSE,"RI008JBS612KW",2025-08-07,"RI008JBS60000",2025-04-28,"RI008JBS60000",2025-04-28,"RI008JBS612KW",2025-08-07,"Rejeitaram os embargos. V. U.","re","embargos rejeitados","indefinido"
"10190845820238260100","19151192","Apelação Cível","Prestação de Serviços","Sá Duarte","São Paulo","33ª Câmara de Direito Privado",2025-04-28,2025-04-28,"PRESTAÇÃO DE SERVIÇOS –  PUBLICIDADE –  AÇÃO ANULATÓRIA DE CONTRATO C/C RESTITUIÇÃO DE VALORES –  NULIDADE DO CONTRATO RECONHECIDA –  INDEFERIMENTO DO PEDIDO DE RESTITUIÇÃO –  AUSÊNCIA DE PROVA DE PAGAMENTO PELA AUTORA –  PAGAMENTO REALIZADO POR TERCEIRO –  ENRIQUECIMENTO SEM CAUSA NÃO CONFIGURADO –  RECURSO NÃO PROVIDO.
1. O reconhecimento da nulidade do contrato celebrado entre as partes não implica, por si só, o dever de restituição de valores, quando não demonstrado que o pagamento partiu do patrimônio da autora.
2. Comprovado nos autos que os valores foram pagos por terceiro não integrante da lide, inviável a restituição à autora, sob pena de enriquecimento indevido.
3. Ausente prova do prejuízo próprio, inviável a pretensão indenizatória.
4. Preliminar de inadmissibilidade do recurso afastada.
5. Apelação conhecida e não provida.  (TJSP;  Apelação Cível 1019084-58.2023.8.26.0100; Relator (a): Sá Duarte; Órgão Julgador: 33ª Câmara de Direito Privado; Foro Central Cível - 7ª Vara Cível; Data do Julgamento: 28/04/2025; Data de Registro: 28/04/2025)",FALSE,TRUE,FALSE,FALSE,FALSE,"RI008JBS612KW",2025-08-07,"RI008JBS60000",2025-04-28,"RI008JBS612KW",2025-08-07,"RI008JBS60000",2025-04-28,"Conheceram do recurso e negaram provimento. V. U.","re","improvido","indefinido"
"10190845820238260100","19151192","Apelação Cível","Prestação de Serviços","Sá Duarte","São Paulo","33ª Câmara de Direito Privado",2025-04-28,2025-04-28,"PRESTAÇÃO DE SERVIÇOS –  PUBLICIDADE –  AÇÃO ANULATÓRIA DE CONTRATO C/C RESTITUIÇÃO DE VALORES –  NULIDADE DO CONTRATO RECONHECIDA –  INDEFERIMENTO DO PEDIDO DE RESTITUIÇÃO –  AUSÊNCIA DE PROVA DE PAGAMENTO PELA AUTORA –  PAGAMENTO REALIZADO POR TERCEIRO –  ENRIQUECIMENTO SEM CAUSA NÃO CONFIGURADO –  RECURSO NÃO PROVIDO.
1. O reconhecimento da nulidade do contrato celebrado entre as partes não implica, por si só, o dever de restituição de valores, quando não demonstrado que o pagamento partiu do patrimônio da autora.
2. Comprovado nos autos que os valores foram pagos por terceiro não integrante da lide, inviável a restituição à autora, sob pena de enriquecimento indevido.
3. Ausente prova do prejuízo próprio, inviável a pretensão indenizatória.
4. Preliminar de inadmissibilidade do recurso afastada.
5. Apelação conhecida e não provida.  (TJSP;  Apelação Cível 1019084-58.2023.8.26.0100; Relator (a): Sá Duarte; Órgão Julgador: 33ª Câmara de Direito Privado; Foro Central Cível - 7ª Vara Cível; Data do Julgamento: 28/04/2025; Data de Registro: 28/04/2025)",FALSE,TRUE,FALSE,FALSE,FALSE,"RI008JBS612KW",2025-08-07,"RI008JBS60000",2025-04-28,"RI008JBS612KW",2025-08-07,"RI008JBS612KW",2025-08-07,"Rejeitaram os embargos. V. U.","re","embargos rejeitados","indefinido"
"10190845820238260100","19151192","Apelação Cível","Prestação de Serviços","Sá Duarte","São Paulo","33ª Câmara de Direito Privado",2025-04-28,2025-04-28,"PRESTAÇÃO DE SERVIÇOS –  PUBLICIDADE –  AÇÃO ANULATÓRIA DE CONTRATO C/C RESTITUIÇÃO DE VALORES –  NULIDADE DO CONTRATO RECONHECIDA –  INDEFERIMENTO DO PEDIDO DE RESTITUIÇÃO –  AUSÊNCIA DE PROVA DE PAGAMENTO PELA AUTORA –  PAGAMENTO REALIZADO POR TERCEIRO –  ENRIQUECIMENTO SEM CAUSA NÃO CONFIGURADO –  RECURSO NÃO PROVIDO.
1. O reconhecimento da nulidade do contrato celebrado entre as partes não implica, por si só, o dever de restituição de valores, quando não demonstrado que o pagamento partiu do patrimônio da autora.
2. Comprovado nos autos que os valores foram pagos por terceiro não integrante da lide, inviável a restituição à autora, sob pena de enriquecimento indevido.
3. Ausente prova do prejuízo próprio, inviável a pretensão indenizatória.
4. Preliminar de inadmissibilidade do recurso afastada.
5. Apelação conhecida e não provida.  (TJSP;  Apelação Cível 1019084-58.2023.8.26.0100; Relator (a): Sá Duarte; Órgão Julgador: 33ª Câmara de Direito Privado; Foro Central Cível - 7ª Vara Cível; Data do Julgamento: 28/04/2025; Data de Registro: 28/04/2025)",FALSE,TRUE,FALSE,FALSE,FALSE,"RI008JBS612KW",2025-08-07,"RI008JBS612KW",2025-08-07,"RI008JBS60000",2025-04-28,"RI008JBS60000",2025-04-28,"Conheceram do recurso e negaram provimento. V. U.","re","improvido","indefinido"
"10190845820238260100","19151192","Apelação Cível","Prestação de Serviços","Sá Duarte","São Paulo","33ª Câmara de Direito Privado",2025-04-28,2025-04-28,"PRESTAÇÃO DE SERVIÇOS –  PUBLICIDADE –  AÇÃO ANULATÓRIA DE CONTRATO C/C RESTITUIÇÃO DE VALORES –  NULIDADE DO CONTRATO RECONHECIDA –  INDEFERIMENTO DO PEDIDO DE RESTITUIÇÃO –  AUSÊNCIA DE PROVA DE PAGAMENTO PELA AUTORA –  PAGAMENTO REALIZADO POR TERCEIRO –  ENRIQUECIMENTO SEM CAUSA NÃO CONFIGURADO –  RECURSO NÃO PROVIDO.
1. O reconhecimento da nulidade do contrato celebrado entre as partes não implica, por si só, o dever de restituição de valores, quando não demonstrado que o pagamento partiu do patrimônio da autora.
2. Comprovado nos autos que os valores foram pagos por terceiro não integrante da lide, inviável a restituição à autora, sob pena de enriquecimento indevido.
3. Ausente prova do prejuízo próprio, inviável a pretensão indenizatória.
4. Preliminar de inadmissibilidade do recurso afastada.
5. Apelação conhecida e não provida.  (TJSP;  Apelação Cível 1019084-58.2023.8.26.0100; Relator (a): Sá Duarte; Órgão Julgador: 33ª Câmara de Direito Privado; Foro Central Cível - 7ª Vara Cível; Data do Julgamento: 28/04/2025; Data de Registro: 28/04/2025)",FALSE,TRUE,FALSE,FALSE,FALSE,"RI008JBS612KW",2025-08-07,"RI008JBS612KW",2025-08-07,"RI008JBS60000",2025-04-28,"RI008JBS612KW",2025-08-07,"Rejeitaram os embargos. V. U.","re","embargos rejeitados","indefinido"
"10190845820238260100","19151192","Apelação Cível","Prestação de Serviços","Sá Duarte","São Paulo","33ª Câmara de Direito Privado",2025-04-28,2025-04-28,"PRESTAÇÃO DE SERVIÇOS –  PUBLICIDADE –  AÇÃO ANULATÓRIA DE CONTRATO C/C RESTITUIÇÃO DE VALORES –  NULIDADE DO CONTRATO RECONHECIDA –  INDEFERIMENTO DO PEDIDO DE RESTITUIÇÃO –  AUSÊNCIA DE PROVA DE PAGAMENTO PELA AUTORA –  PAGAMENTO REALIZADO POR TERCEIRO –  ENRIQUECIMENTO SEM CAUSA NÃO CONFIGURADO –  RECURSO NÃO PROVIDO.
1. O reconhecimento da nulidade do contrato celebrado entre as partes não implica, por si só, o dever de restituição de valores, quando não demonstrado que o pagamento partiu do patrimônio da autora.
2. Comprovado nos autos que os valores foram pagos por terceiro não integrante da lide, inviável a restituição à autora, sob pena de enriquecimento indevido.
3. Ausente prova do prejuízo próprio, inviável a pretensão indenizatória.
4. Preliminar de inadmissibilidade do recurso afastada.
5. Apelação conhecida e não provida.  (TJSP;  Apelação Cível 1019084-58.2023.8.26.0100; Relator (a): Sá Duarte; Órgão Julgador: 33ª Câmara de Direito Privado; Foro Central Cível - 7ª Vara Cível; Data do Julgamento: 28/04/2025; Data de Registro: 28/04/2025)",FALSE,TRUE,FALSE,FALSE,FALSE,"RI008JBS612KW",2025-08-07,"RI008JBS612KW",2025-08-07,"RI008JBS612KW",2025-08-07,"RI008JBS60000",2025-04-28,"Conheceram do recurso e negaram provimento. V. U.","re","improvido","indefinido"
"10190845820238260100","19151192","Apelação Cível","Prestação de Serviços","Sá Duarte","São Paulo","33ª Câmara de Direito Privado",2025-04-28,2025-04-28,"PRESTAÇÃO DE SERVIÇOS –  PUBLICIDADE –  AÇÃO ANULATÓRIA DE CONTRATO C/C RESTITUIÇÃO DE VALORES –  NULIDADE DO CONTRATO RECONHECIDA –  INDEFERIMENTO DO PEDIDO DE RESTITUIÇÃO –  AUSÊNCIA DE PROVA DE PAGAMENTO PELA AUTORA –  PAGAMENTO REALIZADO POR TERCEIRO –  ENRIQUECIMENTO SEM CAUSA NÃO CONFIGURADO –  RECURSO NÃO PROVIDO.
1. O reconhecimento da nulidade do contrato celebrado entre as partes não implica, por si só, o dever de restituição de valores, quando não demonstrado que o pagamento partiu do patrimônio da autora.
2. Comprovado nos autos que os valores foram pagos por terceiro não integrante da lide, inviável a restituição à autora, sob pena de enriquecimento indevido.
3. Ausente prova do prejuízo próprio, inviável a pretensão indenizatória.
4. Preliminar de inadmissibilidade do recurso afastada.
5. Apelação conhecida e não provida.  (TJSP;  Apelação Cível 1019084-58.2023.8.26.0100; Relator (a): Sá Duarte; Órgão Julgador: 33ª Câmara de Direito Privado; Foro Central Cível - 7ª Vara Cível; Data do Julgamento: 28/04/2025; Data de Registro: 28/04/2025)",FALSE,TRUE,FALSE,FALSE,FALSE,"RI008JBS612KW",2025-08-07,"RI008JBS612KW",2025-08-07,"RI008JBS612KW",2025-08-07,"RI008JBS612KW",2025-08-07,"Rejeitaram os embargos. V. U.","re","embargos rejeitados","indefinido"
"10502578020228260506","19032553","Apelação Cível","Espécies de Títulos de Crédito","Hélio Marquez de Farias","São Paulo","18ª Câmara de Direito Privado",2025-03-26,2025-03-26,"DIREITO CIVIL. GOLPE DA LISTA TELEFÔNICA. VÍCIO DE CONSENTIMENTO. COBRANÇA INDEVIDA. DANOS MATERIAIS E MORAIS.

I. CASO EM EXAME. 
1. O recurso. Apelação de ambas as partes contra a sentença que declarou a nulidade do ""contrato de figuração"" n. 80671 G, com efeitos ex tunc e consequente retorno das partes ao status quo ante, condenando a ré a pagar à parte autora a quantia de R$10.000,00 a título de danos morais. 

II. QUESTÕES EM DISCUSSÃO:
2. A questão em discussão consiste em saber se o réu comprovou a relação contratual que justificasse as cobranças, assim como o protesto do nome da parte autora.

III. RAZÕES DE DECIDIR. 
3. O autor foi vítima de denominado Golpe da Lista Telefônica, por meio do qual o golpista oferece uma cortesia solicitando, para tanto, atualização cadastral, com serviço de marketing e publicidade, que seriam prestados a título gratuito. Configurado o vício de consentimento porque o autor preencheu o formulário para receber a bonificação. A ré não cumpriu seu dever de informação, no sentido de que os serviços seriam remunerados por considerável quantia e com renovação automática. A questão não é novidade nesta Corte, havendo diversos outros processos analisados nos quais a ré agia do mesmo modo. A autora não é devedora do que não fora efetivamente contratado, mostrando-se indevida a cobrança.
Considerando o prejuízo material da autora, ante o desfalque da quantia paga indevidamente, é devida a restituição simples do valor pela ré.
4. O protesto indevido de título gera dano moral in re ipsa. O valor da indenização por danos morais deve ser fixado de maneira equitativa e moderada, observando as peculiaridades de cada caso, para que não se tenha a dor como instrumento de captação de vantagem.
5. O montante indenizatório não pode ser irrisório, sob pena de não servir ao cumprimento de seu objetivo específico. Tampouco pode ser excessivamente elevado, de modo a propiciar enriquecimento. Deve ser equilibrado porque tem finalidade compensatória. O valor da indenização é reduzido ao importe de R$5.000,00 a fim de que atenda aos critérios de razoabilidade e proporcionalidade. 
6. A verba honorária foi de fato fixada em quantia irrisória, sendo pertinente a majoração para 20% do valor da condenação, considerando os danos material e moral, nos termos do art. 85, §2º, do CPC.

IV. DISPOSITIVO E TESE.
7. Provido o recurso do autor e parcialmente provido o recurso do réu.  (TJSP;  Apelação Cível 1050257-80.2022.8.26.0506; Relator (a): Hélio Marquez de Farias; Órgão Julgador: 18ª Câmara de Direito Privado; Foro Central Cível - 29ª Vara Cível; Data do Julgamento: 26/03/2025; Data de Registro: 26/03/2025)",TRUE,TRUE,FALSE,FALSE,FALSE,"RI008JWUH0000",2025-03-26,"RI008JWUH0000",2025-03-26,"RI008JWUH0000",2025-03-26,"RI008JWUH0000",2025-03-26,"Deram provimento ao recurso do autor e deram parcial provimento ao do reú. V.U.","outro","parcial","indefinido"
"11573918920238260100","18901730","Apelação Cível","Espécies de Títulos de Crédito","JAIRO BRAZIL","São Paulo","19ª Câmara de Direito Privado",2025-02-19,2025-02-19,"DECLARATÓRIA DE INEXISTÊNCIA DE DÉBITO CUMULADA COM INDENIZAÇÃO POR DANO MORAL. Aplicação das normas do Código de Defesa do Consumidor. Autora que nega a contratação dos serviços. Ausência de documentos aptos a demonstrar a existência da dívida. Ônus probatório do qual não se desincumbiu a empresa ré. Artigo 373, II, do Código de Processo Civil. Dívida inexistente. DANO MORAL. Não ocorrência. Existência de restrições preexistentes no momento da negativação ora impugnada. Ausência de comprovação de questionamento dos apontamentos. Entendimento consolidado pelo Colendo Superior Tribunal de Justiça em sede do Recurso Repetitivo nº 1.386.424/MG. Inteligência da Súmula 385 do STJ. Sentença reformada. Apelação parcialmente provida.   (TJSP;  Apelação Cível 1157391-89.2023.8.26.0100; Relator (a): JAIRO BRAZIL; Órgão Julgador: 19ª Câmara de Direito Privado; Foro Central Cível - 20ª Vara Cível; Data do Julgamento: 19/02/2025; Data de Registro: 19/02/2025)",FALSE,TRUE,FALSE,FALSE,FALSE,"RI008K4170000",2025-02-19,"RI008K4170000",2025-02-19,"RI008K4170000",2025-02-19,"RI008K4170000",2025-02-19,"Deram provimento em parte ao recurso. V. U.","autora","parcial","consumidor_venceu"
"10210825420248260576","18846598","Apelação Cível","Duplicata","Penna Machado","São José do Rio Preto","14ª Câmara de Direito Privado",2025-02-05,2025-02-05,"APELAÇÃO CÍVEL. Ação Declaratória e Indenizatória –  Sustação de protesto –  Contrato de Prestação de Serviços - Sentença de Procedência –  Insurgência que prospera –  Alegação de fraude –  Vício de consentimento –  Arguição não verossímil –  Termos contratuais claros a designarem o objeto da prestação e o valor da obrigação –  Contrato empresarial –  Preposta da Empresa Autora que atua como autorizada a celebrar a Avença –  Fato incontroverso –  Ausência de poderes de representação –  Inoponibilidade, na hipótese vertente –  Aplicação da teoria da aparência –  Interpretação de acordo com o princípio da boa-fé contratual –  Autora que aponta a própria torpeza, busca se eximir do cumprimento de sua contraprestação por serviço devidamente prestado –  Relação contratual legitima, autorizando os atos de cobrança - RECURSO DA EMPRESA RÉ PROVIDO para se julgar improcedente a Demanda.  (TJSP;  Apelação Cível 1021082-54.2024.8.26.0576; Relator (a): Penna Machado; Órgão Julgador: 14ª Câmara de Direito Privado; Foro de São José do Rio Preto - 10ª Vara Cível; Data do Julgamento: 05/02/2025; Data de Registro: 05/02/2025)",FALSE,TRUE,FALSE,FALSE,FALSE,"RI008JR0U0000",2025-02-05,"RI008JR0U0000",2025-02-05,"RI008JR0U0000",2025-02-05,"RI008JR0U0000",2025-02-05,"Deram provimento ao recurso. V. U.","autora","provido","indefinido"
"11238211520238260100","18696296","Apelação Cível","Serviços Profissionais","Rodolfo Cesar Milano","São Paulo","25ª Câmara de Direito Privado",2024-12-12,2024-12-12,"APELAÇÃO. Ação de cobrança. Contrato de prestação de serviços. Prescrição quinquenal. Art. 206, § 5º, I, do CC. Termo inicial para a contagem do prazo inicia-se a partir do vencimento de cada parcela. Demanda ajuizada após o transcurso do prazo prescricional legal. Sentença mantida. Recurso desprovido.  (TJSP;  Apelação Cível 1123821-15.2023.8.26.0100; Relator (a): Rodolfo Cesar Milano; Órgão Julgador: 25ª Câmara de Direito Privado; Foro Central Cível - 35ª Vara Cível; Data do Julgamento: 12/12/2024; Data de Registro: 12/12/2024)",FALSE,FALSE,FALSE,FALSE,FALSE,"RI0083HLC0000",2024-12-12,"RI0083HLC0000",2024-12-12,"RI0083HLC0000",2024-12-12,"RI0083HLC0000",2024-12-12,"Negaram provimento ao recurso. V. U.","autora","improvido","indefinido"
"10006411320238260180","18676596","Apelação Cível","Duplicata","Nelson Jorge Júnior","Espírito Santo do Pinhal","13ª Câmara de Direito Privado",2024-12-07,2024-12-07,"APELAÇÃO –  AÇÃO ANULATÓRIA DE NEGÓCIO JURÍDICO –  CONTRATO ASSINADO - TEORIA DA APARÊNCIA
–  Contrato celebrado por preposto de empresa –  Prova –  Funcionário que se apresenta como autorizado a celebrar a avença –  Sujeição da contratante aos termos do pacto –  Cabimento:

–  Havendo prova de contratação por preposto de empresa que se apresenta como autorizado a celebrar a avença, é de rigor o cumprimento do acordo pela contratante, à vista da boa-fé da parte contratada e da aplicação da teoria da aparência.

RECURSO PROVIDO.  (TJSP;  Apelação Cível 1000641-13.2023.8.26.0180; Relator (a): Nelson Jorge Júnior; Órgão Julgador: 13ª Câmara de Direito Privado; Foro de Espírito Santo do Pinhal - 1ª Vara; Data do Julgamento: 07/12/2024; Data de Registro: 07/12/2024)",FALSE,FALSE,FALSE,FALSE,FALSE,"RI0085QZG0000",2024-12-07,"RI0085QZG0000",2024-12-07,"RI0085QZG0000",2024-12-07,"RI0085QZG0000",2024-12-07,"Deram provimento ao recurso. V. U.","re","provido","indefinido"
"10006411320238260180","18676596","Apelação Cível","Duplicata","Nelson Jorge Júnior","Espírito Santo do Pinhal","13ª Câmara de Direito Privado",2024-12-07,2024-12-07,"APELAÇÃO –  AÇÃO ANULATÓRIA DE NEGÓCIO JURÍDICO –  CONTRATO ASSINADO - TEORIA DA APARÊNCIA
–  Contrato celebrado por preposto de empresa –  Prova –  Funcionário que se apresenta como autorizado a celebrar a avença –  Sujeição da contratante aos termos do pacto –  Cabimento:

–  Havendo prova de contratação por preposto de empresa que se apresenta como autorizado a celebrar a avença, é de rigor o cumprimento do acordo pela contratante, à vista da boa-fé da parte contratada e da aplicação da teoria da aparência.

RECURSO PROVIDO.  (TJSP;  Apelação Cível 1000641-13.2023.8.26.0180; Relator (a): Nelson Jorge Júnior; Órgão Julgador: 13ª Câmara de Direito Privado; Foro de Espírito Santo do Pinhal - 1ª Vara; Data do Julgamento: 07/12/2024; Data de Registro: 07/12/2024)",FALSE,FALSE,FALSE,FALSE,FALSE,"RI0085QZG0000",2024-12-07,"RI0085QZG0000",2024-12-07,"RI0085QZG0000",2024-12-07,"RI0085QZG12KW",2025-05-09,"Rejeitaram os embargos. V. U.","re","embargos rejeitados","indefinido"
"10006411320238260180","18676596","Apelação Cível","Duplicata","Nelson Jorge Júnior","Espírito Santo do Pinhal","13ª Câmara de Direito Privado",2024-12-07,2024-12-07,"APELAÇÃO –  AÇÃO ANULATÓRIA DE NEGÓCIO JURÍDICO –  CONTRATO ASSINADO - TEORIA DA APARÊNCIA
–  Contrato celebrado por preposto de empresa –  Prova –  Funcionário que se apresenta como autorizado a celebrar a avença –  Sujeição da contratante aos termos do pacto –  Cabimento:

–  Havendo prova de contratação por preposto de empresa que se apresenta como autorizado a celebrar a avença, é de rigor o cumprimento do acordo pela contratante, à vista da boa-fé da parte contratada e da aplicação da teoria da aparência.

RECURSO PROVIDO.  (TJSP;  Apelação Cível 1000641-13.2023.8.26.0180; Relator (a): Nelson Jorge Júnior; Órgão Julgador: 13ª Câmara de Direito Privado; Foro de Espírito Santo do Pinhal - 1ª Vara; Data do Julgamento: 07/12/2024; Data de Registro: 07/12/2024)",FALSE,FALSE,FALSE,FALSE,FALSE,"RI0085QZG0000",2024-12-07,"RI0085QZG0000",2024-12-07,"RI0085QZG0000",2024-12-07,"RI008FTW20000",NA,NA,"re",NA,"indefinido"
"10006411320238260180","18676596","Apelação Cível","Duplicata","Nelson Jorge Júnior","Espírito Santo do Pinhal","13ª Câmara de Direito Privado",2024-12-07,2024-12-07,"APELAÇÃO –  AÇÃO ANULATÓRIA DE NEGÓCIO JURÍDICO –  CONTRATO ASSINADO - TEORIA DA APARÊNCIA
–  Contrato celebrado por preposto de empresa –  Prova –  Funcionário que se apresenta como autorizado a celebrar a avença –  Sujeição da contratante aos termos do pacto –  Cabimento:

–  Havendo prova de contratação por preposto de empresa que se apresenta como autorizado a celebrar a avença, é de rigor o cumprimento do acordo pela contratante, à vista da boa-fé da parte contratada e da aplicação da teoria da aparência.

RECURSO PROVIDO.  (TJSP;  Apelação Cível 1000641-13.2023.8.26.0180; Relator (a): Nelson Jorge Júnior; Órgão Julgador: 13ª Câmara de Direito Privado; Foro de Espírito Santo do Pinhal - 1ª Vara; Data do Julgamento: 07/12/2024; Data de Registro: 07/12/2024)",FALSE,FALSE,FALSE,FALSE,FALSE,"RI0085QZG0000",2024-12-07,"RI0085QZG0000",2024-12-07,"RI0085QZG12KW",2025-05-09,"RI0085QZG0000",2024-12-07,"Deram provimento ao recurso. V. U.","re","provido","indefinido"
"10006411320238260180","18676596","Apelação Cível","Duplicata","Nelson Jorge Júnior","Espírito Santo do Pinhal","13ª Câmara de Direito Privado",2024-12-07,2024-12-07,"APELAÇÃO –  AÇÃO ANULATÓRIA DE NEGÓCIO JURÍDICO –  CONTRATO ASSINADO - TEORIA DA APARÊNCIA
–  Contrato celebrado por preposto de empresa –  Prova –  Funcionário que se apresenta como autorizado a celebrar a avença –  Sujeição da contratante aos termos do pacto –  Cabimento:

–  Havendo prova de contratação por preposto de empresa que se apresenta como autorizado a celebrar a avença, é de rigor o cumprimento do acordo pela contratante, à vista da boa-fé da parte contratada e da aplicação da teoria da aparência.

RECURSO PROVIDO.  (TJSP;  Apelação Cível 1000641-13.2023.8.26.0180; Relator (a): Nelson Jorge Júnior; Órgão Julgador: 13ª Câmara de Direito Privado; Foro de Espírito Santo do Pinhal - 1ª Vara; Data do Julgamento: 07/12/2024; Data de Registro: 07/12/2024)",FALSE,FALSE,FALSE,FALSE,FALSE,"RI0085QZG0000",2024-12-07,"RI0085QZG0000",2024-12-07,"RI0085QZG12KW",2025-05-09,"RI0085QZG12KW",2025-05-09,"Rejeitaram os embargos. V. U.","re","embargos rejeitados","indefinido"
"10006411320238260180","18676596","Apelação Cível","Duplicata","Nelson Jorge Júnior","Espírito Santo do Pinhal","13ª Câmara de Direito Privado",2024-12-07,2024-12-07,"APELAÇÃO –  AÇÃO ANULATÓRIA DE NEGÓCIO JURÍDICO –  CONTRATO ASSINADO - TEORIA DA APARÊNCIA
–  Contrato celebrado por preposto de empresa –  Prova –  Funcionário que se apresenta como autorizado a celebrar a avença –  Sujeição da contratante aos termos do pacto –  Cabimento:

–  Havendo prova de contratação por preposto de empresa que se apresenta como autorizado a celebrar a avença, é de rigor o cumprimento do acordo pela contratante, à vista da boa-fé da parte contratada e da aplicação da teoria da aparência.

RECURSO PROVIDO.  (TJSP;  Apelação Cível 1000641-13.2023.8.26.0180; Relator (a): Nelson Jorge Júnior; Órgão Julgador: 13ª Câmara de Direito Privado; Foro de Espírito Santo do Pinhal - 1ª Vara; Data do Julgamento: 07/12/2024; Data de Registro: 07/12/2024)",FALSE,FALSE,FALSE,FALSE,FALSE,"RI0085QZG0000",2024-12-07,"RI0085QZG0000",2024-12-07,"RI0085QZG12KW",2025-05-09,"RI008FTW20000",NA,NA,"re",NA,"indefinido"
"10006411320238260180","18676596","Apelação Cível","Duplicata","Nelson Jorge Júnior","Espírito Santo do Pinhal","13ª Câmara de Direito Privado",2024-12-07,2024-12-07,"APELAÇÃO –  AÇÃO ANULATÓRIA DE NEGÓCIO JURÍDICO –  CONTRATO ASSINADO - TEORIA DA APARÊNCIA
–  Contrato celebrado por preposto de empresa –  Prova –  Funcionário que se apresenta como autorizado a celebrar a avença –  Sujeição da contratante aos termos do pacto –  Cabimento:

–  Havendo prova de contratação por preposto de empresa que se apresenta como autorizado a celebrar a avença, é de rigor o cumprimento do acordo pela contratante, à vista da boa-fé da parte contratada e da aplicação da teoria da aparência.

RECURSO PROVIDO.  (TJSP;  Apelação Cível 1000641-13.2023.8.26.0180; Relator (a): Nelson Jorge Júnior; Órgão Julgador: 13ª Câmara de Direito Privado; Foro de Espírito Santo do Pinhal - 1ª Vara; Data do Julgamento: 07/12/2024; Data de Registro: 07/12/2024)",FALSE,FALSE,FALSE,FALSE,FALSE,"RI0085QZG0000",2024-12-07,"RI0085QZG0000",2024-12-07,"RI008FTW20000",NA,"RI0085QZG0000",2024-12-07,"Deram provimento ao recurso. V. U.","re","provido","indefinido"
"10006411320238260180","18676596","Apelação Cível","Duplicata","Nelson Jorge Júnior","Espírito Santo do Pinhal","13ª Câmara de Direito Privado",2024-12-07,2024-12-07,"APELAÇÃO –  AÇÃO ANULATÓRIA DE NEGÓCIO JURÍDICO –  CONTRATO ASSINADO - TEORIA DA APARÊNCIA
–  Contrato celebrado por preposto de empresa –  Prova –  Funcionário que se apresenta como autorizado a celebrar a avença –  Sujeição da contratante aos termos do pacto –  Cabimento:

–  Havendo prova de contratação por preposto de empresa que se apresenta como autorizado a celebrar a avença, é de rigor o cumprimento do acordo pela contratante, à vista da boa-fé da parte contratada e da aplicação da teoria da aparência.

RECURSO PROVIDO.  (TJSP;  Apelação Cível 1000641-13.2023.8.26.0180; Relator (a): Nelson Jorge Júnior; Órgão Julgador: 13ª Câmara de Direito Privado; Foro de Espírito Santo do Pinhal - 1ª Vara; Data do Julgamento: 07/12/2024; Data de Registro: 07/12/2024)",FALSE,FALSE,FALSE,FALSE,FALSE,"RI0085QZG0000",2024-12-07,"RI0085QZG0000",2024-12-07,"RI008FTW20000",NA,"RI0085QZG12KW",2025-05-09,"Rejeitaram os embargos. V. U.","re","embargos rejeitados","indefinido"
"10006411320238260180","18676596","Apelação Cível","Duplicata","Nelson Jorge Júnior","Espírito Santo do Pinhal","13ª Câmara de Direito Privado",2024-12-07,2024-12-07,"APELAÇÃO –  AÇÃO ANULATÓRIA DE NEGÓCIO JURÍDICO –  CONTRATO ASSINADO - TEORIA DA APARÊNCIA
–  Contrato celebrado por preposto de empresa –  Prova –  Funcionário que se apresenta como autorizado a celebrar a avença –  Sujeição da contratante aos termos do pacto –  Cabimento:

–  Havendo prova de contratação por preposto de empresa que se apresenta como autorizado a celebrar a avença, é de rigor o cumprimento do acordo pela contratante, à vista da boa-fé da parte contratada e da aplicação da teoria da aparência.

RECURSO PROVIDO.  (TJSP;  Apelação Cível 1000641-13.2023.8.26.0180; Relator (a): Nelson Jorge Júnior; Órgão Julgador: 13ª Câmara de Direito Privado; Foro de Espírito Santo do Pinhal - 1ª Vara; Data do Julgamento: 07/12/2024; Data de Registro: 07/12/2024)",FALSE,FALSE,FALSE,FALSE,FALSE,"RI0085QZG0000",2024-12-07,"RI0085QZG0000",2024-12-07,"RI008FTW20000",NA,"RI008FTW20000",NA,NA,"re",NA,"indefinido"
"10006411320238260180","18676596","Apelação Cível","Duplicata","Nelson Jorge Júnior","Espírito Santo do Pinhal","13ª Câmara de Direito Privado",2024-12-07,2024-12-07,"APELAÇÃO –  AÇÃO ANULATÓRIA DE NEGÓCIO JURÍDICO –  CONTRATO ASSINADO - TEORIA DA APARÊNCIA
–  Contrato celebrado por preposto de empresa –  Prova –  Funcionário que se apresenta como autorizado a celebrar a avença –  Sujeição da contratante aos termos do pacto –  Cabimento:

–  Havendo prova de contratação por preposto de empresa que se apresenta como autorizado a celebrar a avença, é de rigor o cumprimento do acordo pela contratante, à vista da boa-fé da parte contratada e da aplicação da teoria da aparência.

RECURSO PROVIDO.  (TJSP;  Apelação Cível 1000641-13.2023.8.26.0180; Relator (a): Nelson Jorge Júnior; Órgão Julgador: 13ª Câmara de Direito Privado; Foro de Espírito Santo do Pinhal - 1ª Vara; Data do Julgamento: 07/12/2024; Data de Registro: 07/12/2024)",FALSE,FALSE,FALSE,FALSE,FALSE,"RI0085QZG0000",2024-12-07,"RI0085QZG12KW",2025-05-09,"RI0085QZG0000",2024-12-07,"RI0085QZG0000",2024-12-07,"Deram provimento ao recurso. V. U.","re","provido","indefinido"
"10006411320238260180","18676596","Apelação Cível","Duplicata","Nelson Jorge Júnior","Espírito Santo do Pinhal","13ª Câmara de Direito Privado",2024-12-07,2024-12-07,"APELAÇÃO –  AÇÃO ANULATÓRIA DE NEGÓCIO JURÍDICO –  CONTRATO ASSINADO - TEORIA DA APARÊNCIA
–  Contrato celebrado por preposto de empresa –  Prova –  Funcionário que se apresenta como autorizado a celebrar a avença –  Sujeição da contratante aos termos do pacto –  Cabimento:

–  Havendo prova de contratação por preposto de empresa que se apresenta como autorizado a celebrar a avença, é de rigor o cumprimento do acordo pela contratante, à vista da boa-fé da parte contratada e da aplicação da teoria da aparência.

RECURSO PROVIDO.  (TJSP;  Apelação Cível 1000641-13.2023.8.26.0180; Relator (a): Nelson Jorge Júnior; Órgão Julgador: 13ª Câmara de Direito Privado; Foro de Espírito Santo do Pinhal - 1ª Vara; Data do Julgamento: 07/12/2024; Data de Registro: 07/12/2024)",FALSE,FALSE,FALSE,FALSE,FALSE,"RI0085QZG0000",2024-12-07,"RI0085QZG12KW",2025-05-09,"RI0085QZG0000",2024-12-07,"RI0085QZG12KW",2025-05-09,"Rejeitaram os embargos. V. U.","re","embargos rejeitados","indefinido"
"10006411320238260180","18676596","Apelação Cível","Duplicata","Nelson Jorge Júnior","Espírito Santo do Pinhal","13ª Câmara de Direito Privado",2024-12-07,2024-12-07,"APELAÇÃO –  AÇÃO ANULATÓRIA DE NEGÓCIO JURÍDICO –  CONTRATO ASSINADO - TEORIA DA APARÊNCIA
–  Contrato celebrado por preposto de empresa –  Prova –  Funcionário que se apresenta como autorizado a celebrar a avença –  Sujeição da contratante aos termos do pacto –  Cabimento:

–  Havendo prova de contratação por preposto de empresa que se apresenta como autorizado a celebrar a avença, é de rigor o cumprimento do acordo pela contratante, à vista da boa-fé da parte contratada e da aplicação da teoria da aparência.

RECURSO PROVIDO.  (TJSP;  Apelação Cível 1000641-13.2023.8.26.0180; Relator (a): Nelson Jorge Júnior; Órgão Julgador: 13ª Câmara de Direito Privado; Foro de Espírito Santo do Pinhal - 1ª Vara; Data do Julgamento: 07/12/2024; Data de Registro: 07/12/2024)",FALSE,FALSE,FALSE,FALSE,FALSE,"RI0085QZG0000",2024-12-07,"RI0085QZG12KW",2025-05-09,"RI0085QZG0000",2024-12-07,"RI008FTW20000",NA,NA,"re",NA,"indefinido"
"10006411320238260180","18676596","Apelação Cível","Duplicata","Nelson Jorge Júnior","Espírito Santo do Pinhal","13ª Câmara de Direito Privado",2024-12-07,2024-12-07,"APELAÇÃO –  AÇÃO ANULATÓRIA DE NEGÓCIO JURÍDICO –  CONTRATO ASSINADO - TEORIA DA APARÊNCIA
–  Contrato celebrado por preposto de empresa –  Prova –  Funcionário que se apresenta como autorizado a celebrar a avença –  Sujeição da contratante aos termos do pacto –  Cabimento:

–  Havendo prova de contratação por preposto de empresa que se apresenta como autorizado a celebrar a avença, é de rigor o cumprimento do acordo pela contratante, à vista da boa-fé da parte contratada e da aplicação da teoria da aparência.

RECURSO PROVIDO.  (TJSP;  Apelação Cível 1000641-13.2023.8.26.0180; Relator (a): Nelson Jorge Júnior; Órgão Julgador: 13ª Câmara de Direito Privado; Foro de Espírito Santo do Pinhal - 1ª Vara; Data do Julgamento: 07/12/2024; Data de Registro: 07/12/2024)",FALSE,FALSE,FALSE,FALSE,FALSE,"RI0085QZG0000",2024-12-07,"RI0085QZG12KW",2025-05-09,"RI0085QZG12KW",2025-05-09,"RI0085QZG0000",2024-12-07,"Deram provimento ao recurso. V. U.","re","provido","indefinido"
"10006411320238260180","18676596","Apelação Cível","Duplicata","Nelson Jorge Júnior","Espírito Santo do Pinhal","13ª Câmara de Direito Privado",2024-12-07,2024-12-07,"APELAÇÃO –  AÇÃO ANULATÓRIA DE NEGÓCIO JURÍDICO –  CONTRATO ASSINADO - TEORIA DA APARÊNCIA
–  Contrato celebrado por preposto de empresa –  Prova –  Funcionário que se apresenta como autorizado a celebrar a avença –  Sujeição da contratante aos termos do pacto –  Cabimento:

–  Havendo prova de contratação por preposto de empresa que se apresenta como autorizado a celebrar a avença, é de rigor o cumprimento do acordo pela contratante, à vista da boa-fé da parte contratada e da aplicação da teoria da aparência.

RECURSO PROVIDO.  (TJSP;  Apelação Cível 1000641-13.2023.8.26.0180; Relator (a): Nelson Jorge Júnior; Órgão Julgador: 13ª Câmara de Direito Privado; Foro de Espírito Santo do Pinhal - 1ª Vara; Data do Julgamento: 07/12/2024; Data de Registro: 07/12/2024)",FALSE,FALSE,FALSE,FALSE,FALSE,"RI0085QZG0000",2024-12-07,"RI0085QZG12KW",2025-05-09,"RI0085QZG12KW",2025-05-09,"RI0085QZG12KW",2025-05-09,"Rejeitaram os embargos. V. U.","re","embargos rejeitados","indefinido"
"10006411320238260180","18676596","Apelação Cível","Duplicata","Nelson Jorge Júnior","Espírito Santo do Pinhal","13ª Câmara de Direito Privado",2024-12-07,2024-12-07,"APELAÇÃO –  AÇÃO ANULATÓRIA DE NEGÓCIO JURÍDICO –  CONTRATO ASSINADO - TEORIA DA APARÊNCIA
–  Contrato celebrado por preposto de empresa –  Prova –  Funcionário que se apresenta como autorizado a celebrar a avença –  Sujeição da contratante aos termos do pacto –  Cabimento:

–  Havendo prova de contratação por preposto de empresa que se apresenta como autorizado a celebrar a avença, é de rigor o cumprimento do acordo pela contratante, à vista da boa-fé da parte contratada e da aplicação da teoria da aparência.

RECURSO PROVIDO.  (TJSP;  Apelação Cível 1000641-13.2023.8.26.0180; Relator (a): Nelson Jorge Júnior; Órgão Julgador: 13ª Câmara de Direito Privado; Foro de Espírito Santo do Pinhal - 1ª Vara; Data do Julgamento: 07/12/2024; Data de Registro: 07/12/2024)",FALSE,FALSE,FALSE,FALSE,FALSE,"RI0085QZG0000",2024-12-07,"RI0085QZG12KW",2025-05-09,"RI0085QZG12KW",2025-05-09,"RI008FTW20000",NA,NA,"re",NA,"indefinido"
"10006411320238260180","18676596","Apelação Cível","Duplicata","Nelson Jorge Júnior","Espírito Santo do Pinhal","13ª Câmara de Direito Privado",2024-12-07,2024-12-07,"APELAÇÃO –  AÇÃO ANULATÓRIA DE NEGÓCIO JURÍDICO –  CONTRATO ASSINADO - TEORIA DA APARÊNCIA
–  Contrato celebrado por preposto de empresa –  Prova –  Funcionário que se apresenta como autorizado a celebrar a avença –  Sujeição da contratante aos termos do pacto –  Cabimento:

–  Havendo prova de contratação por preposto de empresa que se apresenta como autorizado a celebrar a avença, é de rigor o cumprimento do acordo pela contratante, à vista da boa-fé da parte contratada e da aplicação da teoria da aparência.

RECURSO PROVIDO.  (TJSP;  Apelação Cível 1000641-13.2023.8.26.0180; Relator (a): Nelson Jorge Júnior; Órgão Julgador: 13ª Câmara de Direito Privado; Foro de Espírito Santo do Pinhal - 1ª Vara; Data do Julgamento: 07/12/2024; Data de Registro: 07/12/2024)",FALSE,FALSE,FALSE,FALSE,FALSE,"RI0085QZG0000",2024-12-07,"RI0085QZG12KW",2025-05-09,"RI008FTW20000",NA,"RI0085QZG0000",2024-12-07,"Deram provimento ao recurso. V. U.","re","provido","indefinido"
"10006411320238260180","18676596","Apelação Cível","Duplicata","Nelson Jorge Júnior","Espírito Santo do Pinhal","13ª Câmara de Direito Privado",2024-12-07,2024-12-07,"APELAÇÃO –  AÇÃO ANULATÓRIA DE NEGÓCIO JURÍDICO –  CONTRATO ASSINADO - TEORIA DA APARÊNCIA
–  Contrato celebrado por preposto de empresa –  Prova –  Funcionário que se apresenta como autorizado a celebrar a avença –  Sujeição da contratante aos termos do pacto –  Cabimento:

–  Havendo prova de contratação por preposto de empresa que se apresenta como autorizado a celebrar a avença, é de rigor o cumprimento do acordo pela contratante, à vista da boa-fé da parte contratada e da aplicação da teoria da aparência.

RECURSO PROVIDO.  (TJSP;  Apelação Cível 1000641-13.2023.8.26.0180; Relator (a): Nelson Jorge Júnior; Órgão Julgador: 13ª Câmara de Direito Privado; Foro de Espírito Santo do Pinhal - 1ª Vara; Data do Julgamento: 07/12/2024; Data de Registro: 07/12/2024)",FALSE,FALSE,FALSE,FALSE,FALSE,"RI0085QZG0000",2024-12-07,"RI0085QZG12KW",2025-05-09,"RI008FTW20000",NA,"RI0085QZG12KW",2025-05-09,"Rejeitaram os embargos. V. U.","re","embargos rejeitados","indefinido"
"10006411320238260180","18676596","Apelação Cível","Duplicata","Nelson Jorge Júnior","Espírito Santo do Pinhal","13ª Câmara de Direito Privado",2024-12-07,2024-12-07,"APELAÇÃO –  AÇÃO ANULATÓRIA DE NEGÓCIO JURÍDICO –  CONTRATO ASSINADO - TEORIA DA APARÊNCIA
–  Contrato celebrado por preposto de empresa –  Prova –  Funcionário que se apresenta como autorizado a celebrar a avença –  Sujeição da contratante aos termos do pacto –  Cabimento:

–  Havendo prova de contratação por preposto de empresa que se apresenta como autorizado a celebrar a avença, é de rigor o cumprimento do acordo pela contratante, à vista da boa-fé da parte contratada e da aplicação da teoria da aparência.

RECURSO PROVIDO.  (TJSP;  Apelação Cível 1000641-13.2023.8.26.0180; Relator (a): Nelson Jorge Júnior; Órgão Julgador: 13ª Câmara de Direito Privado; Foro de Espírito Santo do Pinhal - 1ª Vara; Data do Julgamento: 07/12/2024; Data de Registro: 07/12/2024)",FALSE,FALSE,FALSE,FALSE,FALSE,"RI0085QZG0000",2024-12-07,"RI0085QZG12KW",2025-05-09,"RI008FTW20000",NA,"RI008FTW20000",NA,NA,"re",NA,"indefinido"
"10006411320238260180","18676596","Apelação Cível","Duplicata","Nelson Jorge Júnior","Espírito Santo do Pinhal","13ª Câmara de Direito Privado",2024-12-07,2024-12-07,"APELAÇÃO –  AÇÃO ANULATÓRIA DE NEGÓCIO JURÍDICO –  CONTRATO ASSINADO - TEORIA DA APARÊNCIA
–  Contrato celebrado por preposto de empresa –  Prova –  Funcionário que se apresenta como autorizado a celebrar a avença –  Sujeição da contratante aos termos do pacto –  Cabimento:

–  Havendo prova de contratação por preposto de empresa que se apresenta como autorizado a celebrar a avença, é de rigor o cumprimento do acordo pela contratante, à vista da boa-fé da parte contratada e da aplicação da teoria da aparência.

RECURSO PROVIDO.  (TJSP;  Apelação Cível 1000641-13.2023.8.26.0180; Relator (a): Nelson Jorge Júnior; Órgão Julgador: 13ª Câmara de Direito Privado; Foro de Espírito Santo do Pinhal - 1ª Vara; Data do Julgamento: 07/12/2024; Data de Registro: 07/12/2024)",FALSE,FALSE,FALSE,FALSE,FALSE,"RI0085QZG0000",2024-12-07,"RI008FTW20000",NA,"RI0085QZG0000",2024-12-07,"RI0085QZG0000",2024-12-07,"Deram provimento ao recurso. V. U.","re","provido","indefinido"
"10006411320238260180","18676596","Apelação Cível","Duplicata","Nelson Jorge Júnior","Espírito Santo do Pinhal","13ª Câmara de Direito Privado",2024-12-07,2024-12-07,"APELAÇÃO –  AÇÃO ANULATÓRIA DE NEGÓCIO JURÍDICO –  CONTRATO ASSINADO - TEORIA DA APARÊNCIA
–  Contrato celebrado por preposto de empresa –  Prova –  Funcionário que se apresenta como autorizado a celebrar a avença –  Sujeição da contratante aos termos do pacto –  Cabimento:

–  Havendo prova de contratação por preposto de empresa que se apresenta como autorizado a celebrar a avença, é de rigor o cumprimento do acordo pela contratante, à vista da boa-fé da parte contratada e da aplicação da teoria da aparência.

RECURSO PROVIDO.  (TJSP;  Apelação Cível 1000641-13.2023.8.26.0180; Relator (a): Nelson Jorge Júnior; Órgão Julgador: 13ª Câmara de Direito Privado; Foro de Espírito Santo do Pinhal - 1ª Vara; Data do Julgamento: 07/12/2024; Data de Registro: 07/12/2024)",FALSE,FALSE,FALSE,FALSE,FALSE,"RI0085QZG0000",2024-12-07,"RI008FTW20000",NA,"RI0085QZG0000",2024-12-07,"RI0085QZG12KW",2025-05-09,"Rejeitaram os embargos. V. U.","re","embargos rejeitados","indefinido"
"10006411320238260180","18676596","Apelação Cível","Duplicata","Nelson Jorge Júnior","Espírito Santo do Pinhal","13ª Câmara de Direito Privado",2024-12-07,2024-12-07,"APELAÇÃO –  AÇÃO ANULATÓRIA DE NEGÓCIO JURÍDICO –  CONTRATO ASSINADO - TEORIA DA APARÊNCIA
–  Contrato celebrado por preposto de empresa –  Prova –  Funcionário que se apresenta como autorizado a celebrar a avença –  Sujeição da contratante aos termos do pacto –  Cabimento:

–  Havendo prova de contratação por preposto de empresa que se apresenta como autorizado a celebrar a avença, é de rigor o cumprimento do acordo pela contratante, à vista da boa-fé da parte contratada e da aplicação da teoria da aparência.

RECURSO PROVIDO.  (TJSP;  Apelação Cível 1000641-13.2023.8.26.0180; Relator (a): Nelson Jorge Júnior; Órgão Julgador: 13ª Câmara de Direito Privado; Foro de Espírito Santo do Pinhal - 1ª Vara; Data do Julgamento: 07/12/2024; Data de Registro: 07/12/2024)",FALSE,FALSE,FALSE,FALSE,FALSE,"RI0085QZG0000",2024-12-07,"RI008FTW20000",NA,"RI0085QZG0000",2024-12-07,"RI008FTW20000",NA,NA,"re",NA,"indefinido"
"10006411320238260180","18676596","Apelação Cível","Duplicata","Nelson Jorge Júnior","Espírito Santo do Pinhal","13ª Câmara de Direito Privado",2024-12-07,2024-12-07,"APELAÇÃO –  AÇÃO ANULATÓRIA DE NEGÓCIO JURÍDICO –  CONTRATO ASSINADO - TEORIA DA APARÊNCIA
–  Contrato celebrado por preposto de empresa –  Prova –  Funcionário que se apresenta como autorizado a celebrar a avença –  Sujeição da contratante aos termos do pacto –  Cabimento:

–  Havendo prova de contratação por preposto de empresa que se apresenta como autorizado a celebrar a avença, é de rigor o cumprimento do acordo pela contratante, à vista da boa-fé da parte contratada e da aplicação da teoria da aparência.

RECURSO PROVIDO.  (TJSP;  Apelação Cível 1000641-13.2023.8.26.0180; Relator (a): Nelson Jorge Júnior; Órgão Julgador: 13ª Câmara de Direito Privado; Foro de Espírito Santo do Pinhal - 1ª Vara; Data do Julgamento: 07/12/2024; Data de Registro: 07/12/2024)",FALSE,FALSE,FALSE,FALSE,FALSE,"RI0085QZG0000",2024-12-07,"RI008FTW20000",NA,"RI0085QZG12KW",2025-05-09,"RI0085QZG0000",2024-12-07,"Deram provimento ao recurso. V. U.","re","provido","indefinido"
"10006411320238260180","18676596","Apelação Cível","Duplicata","Nelson Jorge Júnior","Espírito Santo do Pinhal","13ª Câmara de Direito Privado",2024-12-07,2024-12-07,"APELAÇÃO –  AÇÃO ANULATÓRIA DE NEGÓCIO JURÍDICO –  CONTRATO ASSINADO - TEORIA DA APARÊNCIA
–  Contrato celebrado por preposto de empresa –  Prova –  Funcionário que se apresenta como autorizado a celebrar a avença –  Sujeição da contratante aos termos do pacto –  Cabimento:

–  Havendo prova de contratação por preposto de empresa que se apresenta como autorizado a celebrar a avença, é de rigor o cumprimento do acordo pela contratante, à vista da boa-fé da parte contratada e da aplicação da teoria da aparência.

RECURSO PROVIDO.  (TJSP;  Apelação Cível 1000641-13.2023.8.26.0180; Relator (a): Nelson Jorge Júnior; Órgão Julgador: 13ª Câmara de Direito Privado; Foro de Espírito Santo do Pinhal - 1ª Vara; Data do Julgamento: 07/12/2024; Data de Registro: 07/12/2024)",FALSE,FALSE,FALSE,FALSE,FALSE,"RI0085QZG0000",2024-12-07,"RI008FTW20000",NA,"RI0085QZG12KW",2025-05-09,"RI0085QZG12KW",2025-05-09,"Rejeitaram os embargos. V. U.","re","embargos rejeitados","indefinido"
"10006411320238260180","18676596","Apelação Cível","Duplicata","Nelson Jorge Júnior","Espírito Santo do Pinhal","13ª Câmara de Direito Privado",2024-12-07,2024-12-07,"APELAÇÃO –  AÇÃO ANULATÓRIA DE NEGÓCIO JURÍDICO –  CONTRATO ASSINADO - TEORIA DA APARÊNCIA
–  Contrato celebrado por preposto de empresa –  Prova –  Funcionário que se apresenta como autorizado a celebrar a avença –  Sujeição da contratante aos termos do pacto –  Cabimento:

–  Havendo prova de contratação por preposto de empresa que se apresenta como autorizado a celebrar a avença, é de rigor o cumprimento do acordo pela contratante, à vista da boa-fé da parte contratada e da aplicação da teoria da aparência.

RECURSO PROVIDO.  (TJSP;  Apelação Cível 1000641-13.2023.8.26.0180; Relator (a): Nelson Jorge Júnior; Órgão Julgador: 13ª Câmara de Direito Privado; Foro de Espírito Santo do Pinhal - 1ª Vara; Data do Julgamento: 07/12/2024; Data de Registro: 07/12/2024)",FALSE,FALSE,FALSE,FALSE,FALSE,"RI0085QZG0000",2024-12-07,"RI008FTW20000",NA,"RI0085QZG12KW",2025-05-09,"RI008FTW20000",NA,NA,"re",NA,"indefinido"
"10006411320238260180","18676596","Apelação Cível","Duplicata","Nelson Jorge Júnior","Espírito Santo do Pinhal","13ª Câmara de Direito Privado",2024-12-07,2024-12-07,"APELAÇÃO –  AÇÃO ANULATÓRIA DE NEGÓCIO JURÍDICO –  CONTRATO ASSINADO - TEORIA DA APARÊNCIA
–  Contrato celebrado por preposto de empresa –  Prova –  Funcionário que se apresenta como autorizado a celebrar a avença –  Sujeição da contratante aos termos do pacto –  Cabimento:

–  Havendo prova de contratação por preposto de empresa que se apresenta como autorizado a celebrar a avença, é de rigor o cumprimento do acordo pela contratante, à vista da boa-fé da parte contratada e da aplicação da teoria da aparência.

RECURSO PROVIDO.  (TJSP;  Apelação Cível 1000641-13.2023.8.26.0180; Relator (a): Nelson Jorge Júnior; Órgão Julgador: 13ª Câmara de Direito Privado; Foro de Espírito Santo do Pinhal - 1ª Vara; Data do Julgamento: 07/12/2024; Data de Registro: 07/12/2024)",FALSE,FALSE,FALSE,FALSE,FALSE,"RI0085QZG0000",2024-12-07,"RI008FTW20000",NA,"RI008FTW20000",NA,"RI0085QZG0000",2024-12-07,"Deram provimento ao recurso. V. U.","re","provido","indefinido"
"10006411320238260180","18676596","Apelação Cível","Duplicata","Nelson Jorge Júnior","Espírito Santo do Pinhal","13ª Câmara de Direito Privado",2024-12-07,2024-12-07,"APELAÇÃO –  AÇÃO ANULATÓRIA DE NEGÓCIO JURÍDICO –  CONTRATO ASSINADO - TEORIA DA APARÊNCIA
–  Contrato celebrado por preposto de empresa –  Prova –  Funcionário que se apresenta como autorizado a celebrar a avença –  Sujeição da contratante aos termos do pacto –  Cabimento:

–  Havendo prova de contratação por preposto de empresa que se apresenta como autorizado a celebrar a avença, é de rigor o cumprimento do acordo pela contratante, à vista da boa-fé da parte contratada e da aplicação da teoria da aparência.

RECURSO PROVIDO.  (TJSP;  Apelação Cível 1000641-13.2023.8.26.0180; Relator (a): Nelson Jorge Júnior; Órgão Julgador: 13ª Câmara de Direito Privado; Foro de Espírito Santo do Pinhal - 1ª Vara; Data do Julgamento: 07/12/2024; Data de Registro: 07/12/2024)",FALSE,FALSE,FALSE,FALSE,FALSE,"RI0085QZG0000",2024-12-07,"RI008FTW20000",NA,"RI008FTW20000",NA,"RI0085QZG12KW",2025-05-09,"Rejeitaram os embargos. V. U.","re","embargos rejeitados","indefinido"
"10006411320238260180","18676596","Apelação Cível","Duplicata","Nelson Jorge Júnior","Espírito Santo do Pinhal","13ª Câmara de Direito Privado",2024-12-07,2024-12-07,"APELAÇÃO –  AÇÃO ANULATÓRIA DE NEGÓCIO JURÍDICO –  CONTRATO ASSINADO - TEORIA DA APARÊNCIA
–  Contrato celebrado por preposto de empresa –  Prova –  Funcionário que se apresenta como autorizado a celebrar a avença –  Sujeição da contratante aos termos do pacto –  Cabimento:

–  Havendo prova de contratação por preposto de empresa que se apresenta como autorizado a celebrar a avença, é de rigor o cumprimento do acordo pela contratante, à vista da boa-fé da parte contratada e da aplicação da teoria da aparência.

RECURSO PROVIDO.  (TJSP;  Apelação Cível 1000641-13.2023.8.26.0180; Relator (a): Nelson Jorge Júnior; Órgão Julgador: 13ª Câmara de Direito Privado; Foro de Espírito Santo do Pinhal - 1ª Vara; Data do Julgamento: 07/12/2024; Data de Registro: 07/12/2024)",FALSE,FALSE,FALSE,FALSE,FALSE,"RI0085QZG0000",2024-12-07,"RI008FTW20000",NA,"RI008FTW20000",NA,"RI008FTW20000",NA,NA,"re",NA,"indefinido"
"10006411320238260180","18676596","Apelação Cível","Duplicata","Nelson Jorge Júnior","Espírito Santo do Pinhal","13ª Câmara de Direito Privado",2024-12-07,2024-12-07,"APELAÇÃO –  AÇÃO ANULATÓRIA DE NEGÓCIO JURÍDICO –  CONTRATO ASSINADO - TEORIA DA APARÊNCIA
–  Contrato celebrado por preposto de empresa –  Prova –  Funcionário que se apresenta como autorizado a celebrar a avença –  Sujeição da contratante aos termos do pacto –  Cabimento:

–  Havendo prova de contratação por preposto de empresa que se apresenta como autorizado a celebrar a avença, é de rigor o cumprimento do acordo pela contratante, à vista da boa-fé da parte contratada e da aplicação da teoria da aparência.

RECURSO PROVIDO.  (TJSP;  Apelação Cível 1000641-13.2023.8.26.0180; Relator (a): Nelson Jorge Júnior; Órgão Julgador: 13ª Câmara de Direito Privado; Foro de Espírito Santo do Pinhal - 1ª Vara; Data do Julgamento: 07/12/2024; Data de Registro: 07/12/2024)",FALSE,FALSE,FALSE,FALSE,FALSE,"RI0085QZG12KW",2025-05-09,"RI0085QZG0000",2024-12-07,"RI0085QZG0000",2024-12-07,"RI0085QZG0000",2024-12-07,"Deram provimento ao recurso. V. U.","re","provido","indefinido"
"10006411320238260180","18676596","Apelação Cível","Duplicata","Nelson Jorge Júnior","Espírito Santo do Pinhal","13ª Câmara de Direito Privado",2024-12-07,2024-12-07,"APELAÇÃO –  AÇÃO ANULATÓRIA DE NEGÓCIO JURÍDICO –  CONTRATO ASSINADO - TEORIA DA APARÊNCIA
–  Contrato celebrado por preposto de empresa –  Prova –  Funcionário que se apresenta como autorizado a celebrar a avença –  Sujeição da contratante aos termos do pacto –  Cabimento:

–  Havendo prova de contratação por preposto de empresa que se apresenta como autorizado a celebrar a avença, é de rigor o cumprimento do acordo pela contratante, à vista da boa-fé da parte contratada e da aplicação da teoria da aparência.

RECURSO PROVIDO.  (TJSP;  Apelação Cível 1000641-13.2023.8.26.0180; Relator (a): Nelson Jorge Júnior; Órgão Julgador: 13ª Câmara de Direito Privado; Foro de Espírito Santo do Pinhal - 1ª Vara; Data do Julgamento: 07/12/2024; Data de Registro: 07/12/2024)",FALSE,FALSE,FALSE,FALSE,FALSE,"RI0085QZG12KW",2025-05-09,"RI0085QZG0000",2024-12-07,"RI0085QZG0000",2024-12-07,"RI0085QZG12KW",2025-05-09,"Rejeitaram os embargos. V. U.","re","embargos rejeitados","indefinido"
"10006411320238260180","18676596","Apelação Cível","Duplicata","Nelson Jorge Júnior","Espírito Santo do Pinhal","13ª Câmara de Direito Privado",2024-12-07,2024-12-07,"APELAÇÃO –  AÇÃO ANULATÓRIA DE NEGÓCIO JURÍDICO –  CONTRATO ASSINADO - TEORIA DA APARÊNCIA
–  Contrato celebrado por preposto de empresa –  Prova –  Funcionário que se apresenta como autorizado a celebrar a avença –  Sujeição da contratante aos termos do pacto –  Cabimento:

–  Havendo prova de contratação por preposto de empresa que se apresenta como autorizado a celebrar a avença, é de rigor o cumprimento do acordo pela contratante, à vista da boa-fé da parte contratada e da aplicação da teoria da aparência.

RECURSO PROVIDO.  (TJSP;  Apelação Cível 1000641-13.2023.8.26.0180; Relator (a): Nelson Jorge Júnior; Órgão Julgador: 13ª Câmara de Direito Privado; Foro de Espírito Santo do Pinhal - 1ª Vara; Data do Julgamento: 07/12/2024; Data de Registro: 07/12/2024)",FALSE,FALSE,FALSE,FALSE,FALSE,"RI0085QZG12KW",2025-05-09,"RI0085QZG0000",2024-12-07,"RI0085QZG0000",2024-12-07,"RI008FTW20000",NA,NA,"re",NA,"indefinido"
"10006411320238260180","18676596","Apelação Cível","Duplicata","Nelson Jorge Júnior","Espírito Santo do Pinhal","13ª Câmara de Direito Privado",2024-12-07,2024-12-07,"APELAÇÃO –  AÇÃO ANULATÓRIA DE NEGÓCIO JURÍDICO –  CONTRATO ASSINADO - TEORIA DA APARÊNCIA
–  Contrato celebrado por preposto de empresa –  Prova –  Funcionário que se apresenta como autorizado a celebrar a avença –  Sujeição da contratante aos termos do pacto –  Cabimento:

–  Havendo prova de contratação por preposto de empresa que se apresenta como autorizado a celebrar a avença, é de rigor o cumprimento do acordo pela contratante, à vista da boa-fé da parte contratada e da aplicação da teoria da aparência.

RECURSO PROVIDO.  (TJSP;  Apelação Cível 1000641-13.2023.8.26.0180; Relator (a): Nelson Jorge Júnior; Órgão Julgador: 13ª Câmara de Direito Privado; Foro de Espírito Santo do Pinhal - 1ª Vara; Data do Julgamento: 07/12/2024; Data de Registro: 07/12/2024)",FALSE,FALSE,FALSE,FALSE,FALSE,"RI0085QZG12KW",2025-05-09,"RI0085QZG0000",2024-12-07,"RI0085QZG12KW",2025-05-09,"RI0085QZG0000",2024-12-07,"Deram provimento ao recurso. V. U.","re","provido","indefinido"
"10006411320238260180","18676596","Apelação Cível","Duplicata","Nelson Jorge Júnior","Espírito Santo do Pinhal","13ª Câmara de Direito Privado",2024-12-07,2024-12-07,"APELAÇÃO –  AÇÃO ANULATÓRIA DE NEGÓCIO JURÍDICO –  CONTRATO ASSINADO - TEORIA DA APARÊNCIA
–  Contrato celebrado por preposto de empresa –  Prova –  Funcionário que se apresenta como autorizado a celebrar a avença –  Sujeição da contratante aos termos do pacto –  Cabimento:

–  Havendo prova de contratação por preposto de empresa que se apresenta como autorizado a celebrar a avença, é de rigor o cumprimento do acordo pela contratante, à vista da boa-fé da parte contratada e da aplicação da teoria da aparência.

RECURSO PROVIDO.  (TJSP;  Apelação Cível 1000641-13.2023.8.26.0180; Relator (a): Nelson Jorge Júnior; Órgão Julgador: 13ª Câmara de Direito Privado; Foro de Espírito Santo do Pinhal - 1ª Vara; Data do Julgamento: 07/12/2024; Data de Registro: 07/12/2024)",FALSE,FALSE,FALSE,FALSE,FALSE,"RI0085QZG12KW",2025-05-09,"RI0085QZG0000",2024-12-07,"RI0085QZG12KW",2025-05-09,"RI0085QZG12KW",2025-05-09,"Rejeitaram os embargos. V. U.","re","embargos rejeitados","indefinido"
"10006411320238260180","18676596","Apelação Cível","Duplicata","Nelson Jorge Júnior","Espírito Santo do Pinhal","13ª Câmara de Direito Privado",2024-12-07,2024-12-07,"APELAÇÃO –  AÇÃO ANULATÓRIA DE NEGÓCIO JURÍDICO –  CONTRATO ASSINADO - TEORIA DA APARÊNCIA
–  Contrato celebrado por preposto de empresa –  Prova –  Funcionário que se apresenta como autorizado a celebrar a avença –  Sujeição da contratante aos termos do pacto –  Cabimento:

–  Havendo prova de contratação por preposto de empresa que se apresenta como autorizado a celebrar a avença, é de rigor o cumprimento do acordo pela contratante, à vista da boa-fé da parte contratada e da aplicação da teoria da aparência.

RECURSO PROVIDO.  (TJSP;  Apelação Cível 1000641-13.2023.8.26.0180; Relator (a): Nelson Jorge Júnior; Órgão Julgador: 13ª Câmara de Direito Privado; Foro de Espírito Santo do Pinhal - 1ª Vara; Data do Julgamento: 07/12/2024; Data de Registro: 07/12/2024)",FALSE,FALSE,FALSE,FALSE,FALSE,"RI0085QZG12KW",2025-05-09,"RI0085QZG0000",2024-12-07,"RI0085QZG12KW",2025-05-09,"RI008FTW20000",NA,NA,"re",NA,"indefinido"
"10006411320238260180","18676596","Apelação Cível","Duplicata","Nelson Jorge Júnior","Espírito Santo do Pinhal","13ª Câmara de Direito Privado",2024-12-07,2024-12-07,"APELAÇÃO –  AÇÃO ANULATÓRIA DE NEGÓCIO JURÍDICO –  CONTRATO ASSINADO - TEORIA DA APARÊNCIA
–  Contrato celebrado por preposto de empresa –  Prova –  Funcionário que se apresenta como autorizado a celebrar a avença –  Sujeição da contratante aos termos do pacto –  Cabimento:

–  Havendo prova de contratação por preposto de empresa que se apresenta como autorizado a celebrar a avença, é de rigor o cumprimento do acordo pela contratante, à vista da boa-fé da parte contratada e da aplicação da teoria da aparência.

RECURSO PROVIDO.  (TJSP;  Apelação Cível 1000641-13.2023.8.26.0180; Relator (a): Nelson Jorge Júnior; Órgão Julgador: 13ª Câmara de Direito Privado; Foro de Espírito Santo do Pinhal - 1ª Vara; Data do Julgamento: 07/12/2024; Data de Registro: 07/12/2024)",FALSE,FALSE,FALSE,FALSE,FALSE,"RI0085QZG12KW",2025-05-09,"RI0085QZG0000",2024-12-07,"RI008FTW20000",NA,"RI0085QZG0000",2024-12-07,"Deram provimento ao recurso. V. U.","re","provido","indefinido"
"10006411320238260180","18676596","Apelação Cível","Duplicata","Nelson Jorge Júnior","Espírito Santo do Pinhal","13ª Câmara de Direito Privado",2024-12-07,2024-12-07,"APELAÇÃO –  AÇÃO ANULATÓRIA DE NEGÓCIO JURÍDICO –  CONTRATO ASSINADO - TEORIA DA APARÊNCIA
–  Contrato celebrado por preposto de empresa –  Prova –  Funcionário que se apresenta como autorizado a celebrar a avença –  Sujeição da contratante aos termos do pacto –  Cabimento:

–  Havendo prova de contratação por preposto de empresa que se apresenta como autorizado a celebrar a avença, é de rigor o cumprimento do acordo pela contratante, à vista da boa-fé da parte contratada e da aplicação da teoria da aparência.

RECURSO PROVIDO.  (TJSP;  Apelação Cível 1000641-13.2023.8.26.0180; Relator (a): Nelson Jorge Júnior; Órgão Julgador: 13ª Câmara de Direito Privado; Foro de Espírito Santo do Pinhal - 1ª Vara; Data do Julgamento: 07/12/2024; Data de Registro: 07/12/2024)",FALSE,FALSE,FALSE,FALSE,FALSE,"RI0085QZG12KW",2025-05-09,"RI0085QZG0000",2024-12-07,"RI008FTW20000",NA,"RI0085QZG12KW",2025-05-09,"Rejeitaram os embargos. V. U.","re","embargos rejeitados","indefinido"
"10006411320238260180","18676596","Apelação Cível","Duplicata","Nelson Jorge Júnior","Espírito Santo do Pinhal","13ª Câmara de Direito Privado",2024-12-07,2024-12-07,"APELAÇÃO –  AÇÃO ANULATÓRIA DE NEGÓCIO JURÍDICO –  CONTRATO ASSINADO - TEORIA DA APARÊNCIA
–  Contrato celebrado por preposto de empresa –  Prova –  Funcionário que se apresenta como autorizado a celebrar a avença –  Sujeição da contratante aos termos do pacto –  Cabimento:

–  Havendo prova de contratação por preposto de empresa que se apresenta como autorizado a celebrar a avença, é de rigor o cumprimento do acordo pela contratante, à vista da boa-fé da parte contratada e da aplicação da teoria da aparência.

RECURSO PROVIDO.  (TJSP;  Apelação Cível 1000641-13.2023.8.26.0180; Relator (a): Nelson Jorge Júnior; Órgão Julgador: 13ª Câmara de Direito Privado; Foro de Espírito Santo do Pinhal - 1ª Vara; Data do Julgamento: 07/12/2024; Data de Registro: 07/12/2024)",FALSE,FALSE,FALSE,FALSE,FALSE,"RI0085QZG12KW",2025-05-09,"RI0085QZG0000",2024-12-07,"RI008FTW20000",NA,"RI008FTW20000",NA,NA,"re",NA,"indefinido"
"10006411320238260180","18676596","Apelação Cível","Duplicata","Nelson Jorge Júnior","Espírito Santo do Pinhal","13ª Câmara de Direito Privado",2024-12-07,2024-12-07,"APELAÇÃO –  AÇÃO ANULATÓRIA DE NEGÓCIO JURÍDICO –  CONTRATO ASSINADO - TEORIA DA APARÊNCIA
–  Contrato celebrado por preposto de empresa –  Prova –  Funcionário que se apresenta como autorizado a celebrar a avença –  Sujeição da contratante aos termos do pacto –  Cabimento:

–  Havendo prova de contratação por preposto de empresa que se apresenta como autorizado a celebrar a avença, é de rigor o cumprimento do acordo pela contratante, à vista da boa-fé da parte contratada e da aplicação da teoria da aparência.

RECURSO PROVIDO.  (TJSP;  Apelação Cível 1000641-13.2023.8.26.0180; Relator (a): Nelson Jorge Júnior; Órgão Julgador: 13ª Câmara de Direito Privado; Foro de Espírito Santo do Pinhal - 1ª Vara; Data do Julgamento: 07/12/2024; Data de Registro: 07/12/2024)",FALSE,FALSE,FALSE,FALSE,FALSE,"RI0085QZG12KW",2025-05-09,"RI0085QZG12KW",2025-05-09,"RI0085QZG0000",2024-12-07,"RI0085QZG0000",2024-12-07,"Deram provimento ao recurso. V. U.","re","provido","indefinido"
"10006411320238260180","18676596","Apelação Cível","Duplicata","Nelson Jorge Júnior","Espírito Santo do Pinhal","13ª Câmara de Direito Privado",2024-12-07,2024-12-07,"APELAÇÃO –  AÇÃO ANULATÓRIA DE NEGÓCIO JURÍDICO –  CONTRATO ASSINADO - TEORIA DA APARÊNCIA
–  Contrato celebrado por preposto de empresa –  Prova –  Funcionário que se apresenta como autorizado a celebrar a avença –  Sujeição da contratante aos termos do pacto –  Cabimento:

–  Havendo prova de contratação por preposto de empresa que se apresenta como autorizado a celebrar a avença, é de rigor o cumprimento do acordo pela contratante, à vista da boa-fé da parte contratada e da aplicação da teoria da aparência.

RECURSO PROVIDO.  (TJSP;  Apelação Cível 1000641-13.2023.8.26.0180; Relator (a): Nelson Jorge Júnior; Órgão Julgador: 13ª Câmara de Direito Privado; Foro de Espírito Santo do Pinhal - 1ª Vara; Data do Julgamento: 07/12/2024; Data de Registro: 07/12/2024)",FALSE,FALSE,FALSE,FALSE,FALSE,"RI0085QZG12KW",2025-05-09,"RI0085QZG12KW",2025-05-09,"RI0085QZG0000",2024-12-07,"RI0085QZG12KW",2025-05-09,"Rejeitaram os embargos. V. U.","re","embargos rejeitados","indefinido"
"10006411320238260180","18676596","Apelação Cível","Duplicata","Nelson Jorge Júnior","Espírito Santo do Pinhal","13ª Câmara de Direito Privado",2024-12-07,2024-12-07,"APELAÇÃO –  AÇÃO ANULATÓRIA DE NEGÓCIO JURÍDICO –  CONTRATO ASSINADO - TEORIA DA APARÊNCIA
–  Contrato celebrado por preposto de empresa –  Prova –  Funcionário que se apresenta como autorizado a celebrar a avença –  Sujeição da contratante aos termos do pacto –  Cabimento:

–  Havendo prova de contratação por preposto de empresa que se apresenta como autorizado a celebrar a avença, é de rigor o cumprimento do acordo pela contratante, à vista da boa-fé da parte contratada e da aplicação da teoria da aparência.

RECURSO PROVIDO.  (TJSP;  Apelação Cível 1000641-13.2023.8.26.0180; Relator (a): Nelson Jorge Júnior; Órgão Julgador: 13ª Câmara de Direito Privado; Foro de Espírito Santo do Pinhal - 1ª Vara; Data do Julgamento: 07/12/2024; Data de Registro: 07/12/2024)",FALSE,FALSE,FALSE,FALSE,FALSE,"RI0085QZG12KW",2025-05-09,"RI0085QZG12KW",2025-05-09,"RI0085QZG0000",2024-12-07,"RI008FTW20000",NA,NA,"re",NA,"indefinido"
"10006411320238260180","18676596","Apelação Cível","Duplicata","Nelson Jorge Júnior","Espírito Santo do Pinhal","13ª Câmara de Direito Privado",2024-12-07,2024-12-07,"APELAÇÃO –  AÇÃO ANULATÓRIA DE NEGÓCIO JURÍDICO –  CONTRATO ASSINADO - TEORIA DA APARÊNCIA
–  Contrato celebrado por preposto de empresa –  Prova –  Funcionário que se apresenta como autorizado a celebrar a avença –  Sujeição da contratante aos termos do pacto –  Cabimento:

–  Havendo prova de contratação por preposto de empresa que se apresenta como autorizado a celebrar a avença, é de rigor o cumprimento do acordo pela contratante, à vista da boa-fé da parte contratada e da aplicação da teoria da aparência.

RECURSO PROVIDO.  (TJSP;  Apelação Cível 1000641-13.2023.8.26.0180; Relator (a): Nelson Jorge Júnior; Órgão Julgador: 13ª Câmara de Direito Privado; Foro de Espírito Santo do Pinhal - 1ª Vara; Data do Julgamento: 07/12/2024; Data de Registro: 07/12/2024)",FALSE,FALSE,FALSE,FALSE,FALSE,"RI0085QZG12KW",2025-05-09,"RI0085QZG12KW",2025-05-09,"RI0085QZG12KW",2025-05-09,"RI0085QZG0000",2024-12-07,"Deram provimento ao recurso. V. U.","re","provido","indefinido"
"10006411320238260180","18676596","Apelação Cível","Duplicata","Nelson Jorge Júnior","Espírito Santo do Pinhal","13ª Câmara de Direito Privado",2024-12-07,2024-12-07,"APELAÇÃO –  AÇÃO ANULATÓRIA DE NEGÓCIO JURÍDICO –  CONTRATO ASSINADO - TEORIA DA APARÊNCIA
–  Contrato celebrado por preposto de empresa –  Prova –  Funcionário que se apresenta como autorizado a celebrar a avença –  Sujeição da contratante aos termos do pacto –  Cabimento:

–  Havendo prova de contratação por preposto de empresa que se apresenta como autorizado a celebrar a avença, é de rigor o cumprimento do acordo pela contratante, à vista da boa-fé da parte contratada e da aplicação da teoria da aparência.

RECURSO PROVIDO.  (TJSP;  Apelação Cível 1000641-13.2023.8.26.0180; Relator (a): Nelson Jorge Júnior; Órgão Julgador: 13ª Câmara de Direito Privado; Foro de Espírito Santo do Pinhal - 1ª Vara; Data do Julgamento: 07/12/2024; Data de Registro: 07/12/2024)",FALSE,FALSE,FALSE,FALSE,FALSE,"RI0085QZG12KW",2025-05-09,"RI0085QZG12KW",2025-05-09,"RI0085QZG12KW",2025-05-09,"RI0085QZG12KW",2025-05-09,"Rejeitaram os embargos. V. U.","re","embargos rejeitados","indefinido"
"10006411320238260180","18676596","Apelação Cível","Duplicata","Nelson Jorge Júnior","Espírito Santo do Pinhal","13ª Câmara de Direito Privado",2024-12-07,2024-12-07,"APELAÇÃO –  AÇÃO ANULATÓRIA DE NEGÓCIO JURÍDICO –  CONTRATO ASSINADO - TEORIA DA APARÊNCIA
–  Contrato celebrado por preposto de empresa –  Prova –  Funcionário que se apresenta como autorizado a celebrar a avença –  Sujeição da contratante aos termos do pacto –  Cabimento:

–  Havendo prova de contratação por preposto de empresa que se apresenta como autorizado a celebrar a avença, é de rigor o cumprimento do acordo pela contratante, à vista da boa-fé da parte contratada e da aplicação da teoria da aparência.

RECURSO PROVIDO.  (TJSP;  Apelação Cível 1000641-13.2023.8.26.0180; Relator (a): Nelson Jorge Júnior; Órgão Julgador: 13ª Câmara de Direito Privado; Foro de Espírito Santo do Pinhal - 1ª Vara; Data do Julgamento: 07/12/2024; Data de Registro: 07/12/2024)",FALSE,FALSE,FALSE,FALSE,FALSE,"RI0085QZG12KW",2025-05-09,"RI0085QZG12KW",2025-05-09,"RI0085QZG12KW",2025-05-09,"RI008FTW20000",NA,NA,"re",NA,"indefinido"
"10006411320238260180","18676596","Apelação Cível","Duplicata","Nelson Jorge Júnior","Espírito Santo do Pinhal","13ª Câmara de Direito Privado",2024-12-07,2024-12-07,"APELAÇÃO –  AÇÃO ANULATÓRIA DE NEGÓCIO JURÍDICO –  CONTRATO ASSINADO - TEORIA DA APARÊNCIA
–  Contrato celebrado por preposto de empresa –  Prova –  Funcionário que se apresenta como autorizado a celebrar a avença –  Sujeição da contratante aos termos do pacto –  Cabimento:

–  Havendo prova de contratação por preposto de empresa que se apresenta como autorizado a celebrar a avença, é de rigor o cumprimento do acordo pela contratante, à vista da boa-fé da parte contratada e da aplicação da teoria da aparência.

RECURSO PROVIDO.  (TJSP;  Apelação Cível 1000641-13.2023.8.26.0180; Relator (a): Nelson Jorge Júnior; Órgão Julgador: 13ª Câmara de Direito Privado; Foro de Espírito Santo do Pinhal - 1ª Vara; Data do Julgamento: 07/12/2024; Data de Registro: 07/12/2024)",FALSE,FALSE,FALSE,FALSE,FALSE,"RI0085QZG12KW",2025-05-09,"RI0085QZG12KW",2025-05-09,"RI008FTW20000",NA,"RI0085QZG0000",2024-12-07,"Deram provimento ao recurso. V. U.","re","provido","indefinido"
"10006411320238260180","18676596","Apelação Cível","Duplicata","Nelson Jorge Júnior","Espírito Santo do Pinhal","13ª Câmara de Direito Privado",2024-12-07,2024-12-07,"APELAÇÃO –  AÇÃO ANULATÓRIA DE NEGÓCIO JURÍDICO –  CONTRATO ASSINADO - TEORIA DA APARÊNCIA
–  Contrato celebrado por preposto de empresa –  Prova –  Funcionário que se apresenta como autorizado a celebrar a avença –  Sujeição da contratante aos termos do pacto –  Cabimento:

–  Havendo prova de contratação por preposto de empresa que se apresenta como autorizado a celebrar a avença, é de rigor o cumprimento do acordo pela contratante, à vista da boa-fé da parte contratada e da aplicação da teoria da aparência.

RECURSO PROVIDO.  (TJSP;  Apelação Cível 1000641-13.2023.8.26.0180; Relator (a): Nelson Jorge Júnior; Órgão Julgador: 13ª Câmara de Direito Privado; Foro de Espírito Santo do Pinhal - 1ª Vara; Data do Julgamento: 07/12/2024; Data de Registro: 07/12/2024)",FALSE,FALSE,FALSE,FALSE,FALSE,"RI0085QZG12KW",2025-05-09,"RI0085QZG12KW",2025-05-09,"RI008FTW20000",NA,"RI0085QZG12KW",2025-05-09,"Rejeitaram os embargos. V. U.","re","embargos rejeitados","indefinido"
"10006411320238260180","18676596","Apelação Cível","Duplicata","Nelson Jorge Júnior","Espírito Santo do Pinhal","13ª Câmara de Direito Privado",2024-12-07,2024-12-07,"APELAÇÃO –  AÇÃO ANULATÓRIA DE NEGÓCIO JURÍDICO –  CONTRATO ASSINADO - TEORIA DA APARÊNCIA
–  Contrato celebrado por preposto de empresa –  Prova –  Funcionário que se apresenta como autorizado a celebrar a avença –  Sujeição da contratante aos termos do pacto –  Cabimento:

–  Havendo prova de contratação por preposto de empresa que se apresenta como autorizado a celebrar a avença, é de rigor o cumprimento do acordo pela contratante, à vista da boa-fé da parte contratada e da aplicação da teoria da aparência.

RECURSO PROVIDO.  (TJSP;  Apelação Cível 1000641-13.2023.8.26.0180; Relator (a): Nelson Jorge Júnior; Órgão Julgador: 13ª Câmara de Direito Privado; Foro de Espírito Santo do Pinhal - 1ª Vara; Data do Julgamento: 07/12/2024; Data de Registro: 07/12/2024)",FALSE,FALSE,FALSE,FALSE,FALSE,"RI0085QZG12KW",2025-05-09,"RI0085QZG12KW",2025-05-09,"RI008FTW20000",NA,"RI008FTW20000",NA,NA,"re",NA,"indefinido"
"10006411320238260180","18676596","Apelação Cível","Duplicata","Nelson Jorge Júnior","Espírito Santo do Pinhal","13ª Câmara de Direito Privado",2024-12-07,2024-12-07,"APELAÇÃO –  AÇÃO ANULATÓRIA DE NEGÓCIO JURÍDICO –  CONTRATO ASSINADO - TEORIA DA APARÊNCIA
–  Contrato celebrado por preposto de empresa –  Prova –  Funcionário que se apresenta como autorizado a celebrar a avença –  Sujeição da contratante aos termos do pacto –  Cabimento:

–  Havendo prova de contratação por preposto de empresa que se apresenta como autorizado a celebrar a avença, é de rigor o cumprimento do acordo pela contratante, à vista da boa-fé da parte contratada e da aplicação da teoria da aparência.

RECURSO PROVIDO.  (TJSP;  Apelação Cível 1000641-13.2023.8.26.0180; Relator (a): Nelson Jorge Júnior; Órgão Julgador: 13ª Câmara de Direito Privado; Foro de Espírito Santo do Pinhal - 1ª Vara; Data do Julgamento: 07/12/2024; Data de Registro: 07/12/2024)",FALSE,FALSE,FALSE,FALSE,FALSE,"RI0085QZG12KW",2025-05-09,"RI008FTW20000",NA,"RI0085QZG0000",2024-12-07,"RI0085QZG0000",2024-12-07,"Deram provimento ao recurso. V. U.","re","provido","indefinido"
"10006411320238260180","18676596","Apelação Cível","Duplicata","Nelson Jorge Júnior","Espírito Santo do Pinhal","13ª Câmara de Direito Privado",2024-12-07,2024-12-07,"APELAÇÃO –  AÇÃO ANULATÓRIA DE NEGÓCIO JURÍDICO –  CONTRATO ASSINADO - TEORIA DA APARÊNCIA
–  Contrato celebrado por preposto de empresa –  Prova –  Funcionário que se apresenta como autorizado a celebrar a avença –  Sujeição da contratante aos termos do pacto –  Cabimento:

–  Havendo prova de contratação por preposto de empresa que se apresenta como autorizado a celebrar a avença, é de rigor o cumprimento do acordo pela contratante, à vista da boa-fé da parte contratada e da aplicação da teoria da aparência.

RECURSO PROVIDO.  (TJSP;  Apelação Cível 1000641-13.2023.8.26.0180; Relator (a): Nelson Jorge Júnior; Órgão Julgador: 13ª Câmara de Direito Privado; Foro de Espírito Santo do Pinhal - 1ª Vara; Data do Julgamento: 07/12/2024; Data de Registro: 07/12/2024)",FALSE,FALSE,FALSE,FALSE,FALSE,"RI0085QZG12KW",2025-05-09,"RI008FTW20000",NA,"RI0085QZG0000",2024-12-07,"RI0085QZG12KW",2025-05-09,"Rejeitaram os embargos. V. U.","re","embargos rejeitados","indefinido"
"10006411320238260180","18676596","Apelação Cível","Duplicata","Nelson Jorge Júnior","Espírito Santo do Pinhal","13ª Câmara de Direito Privado",2024-12-07,2024-12-07,"APELAÇÃO –  AÇÃO ANULATÓRIA DE NEGÓCIO JURÍDICO –  CONTRATO ASSINADO - TEORIA DA APARÊNCIA
–  Contrato celebrado por preposto de empresa –  Prova –  Funcionário que se apresenta como autorizado a celebrar a avença –  Sujeição da contratante aos termos do pacto –  Cabimento:

–  Havendo prova de contratação por preposto de empresa que se apresenta como autorizado a celebrar a avença, é de rigor o cumprimento do acordo pela contratante, à vista da boa-fé da parte contratada e da aplicação da teoria da aparência.

RECURSO PROVIDO.  (TJSP;  Apelação Cível 1000641-13.2023.8.26.0180; Relator (a): Nelson Jorge Júnior; Órgão Julgador: 13ª Câmara de Direito Privado; Foro de Espírito Santo do Pinhal - 1ª Vara; Data do Julgamento: 07/12/2024; Data de Registro: 07/12/2024)",FALSE,FALSE,FALSE,FALSE,FALSE,"RI0085QZG12KW",2025-05-09,"RI008FTW20000",NA,"RI0085QZG0000",2024-12-07,"RI008FTW20000",NA,NA,"re",NA,"indefinido"
"10006411320238260180","18676596","Apelação Cível","Duplicata","Nelson Jorge Júnior","Espírito Santo do Pinhal","13ª Câmara de Direito Privado",2024-12-07,2024-12-07,"APELAÇÃO –  AÇÃO ANULATÓRIA DE NEGÓCIO JURÍDICO –  CONTRATO ASSINADO - TEORIA DA APARÊNCIA
–  Contrato celebrado por preposto de empresa –  Prova –  Funcionário que se apresenta como autorizado a celebrar a avença –  Sujeição da contratante aos termos do pacto –  Cabimento:

–  Havendo prova de contratação por preposto de empresa que se apresenta como autorizado a celebrar a avença, é de rigor o cumprimento do acordo pela contratante, à vista da boa-fé da parte contratada e da aplicação da teoria da aparência.

RECURSO PROVIDO.  (TJSP;  Apelação Cível 1000641-13.2023.8.26.0180; Relator (a): Nelson Jorge Júnior; Órgão Julgador: 13ª Câmara de Direito Privado; Foro de Espírito Santo do Pinhal - 1ª Vara; Data do Julgamento: 07/12/2024; Data de Registro: 07/12/2024)",FALSE,FALSE,FALSE,FALSE,FALSE,"RI0085QZG12KW",2025-05-09,"RI008FTW20000",NA,"RI0085QZG12KW",2025-05-09,"RI0085QZG0000",2024-12-07,"Deram provimento ao recurso. V. U.","re","provido","indefinido"
"10006411320238260180","18676596","Apelação Cível","Duplicata","Nelson Jorge Júnior","Espírito Santo do Pinhal","13ª Câmara de Direito Privado",2024-12-07,2024-12-07,"APELAÇÃO –  AÇÃO ANULATÓRIA DE NEGÓCIO JURÍDICO –  CONTRATO ASSINADO - TEORIA DA APARÊNCIA
–  Contrato celebrado por preposto de empresa –  Prova –  Funcionário que se apresenta como autorizado a celebrar a avença –  Sujeição da contratante aos termos do pacto –  Cabimento:

–  Havendo prova de contratação por preposto de empresa que se apresenta como autorizado a celebrar a avença, é de rigor o cumprimento do acordo pela contratante, à vista da boa-fé da parte contratada e da aplicação da teoria da aparência.

RECURSO PROVIDO.  (TJSP;  Apelação Cível 1000641-13.2023.8.26.0180; Relator (a): Nelson Jorge Júnior; Órgão Julgador: 13ª Câmara de Direito Privado; Foro de Espírito Santo do Pinhal - 1ª Vara; Data do Julgamento: 07/12/2024; Data de Registro: 07/12/2024)",FALSE,FALSE,FALSE,FALSE,FALSE,"RI0085QZG12KW",2025-05-09,"RI008FTW20000",NA,"RI0085QZG12KW",2025-05-09,"RI0085QZG12KW",2025-05-09,"Rejeitaram os embargos. V. U.","re","embargos rejeitados","indefinido"
"10006411320238260180","18676596","Apelação Cível","Duplicata","Nelson Jorge Júnior","Espírito Santo do Pinhal","13ª Câmara de Direito Privado",2024-12-07,2024-12-07,"APELAÇÃO –  AÇÃO ANULATÓRIA DE NEGÓCIO JURÍDICO –  CONTRATO ASSINADO - TEORIA DA APARÊNCIA
–  Contrato celebrado por preposto de empresa –  Prova –  Funcionário que se apresenta como autorizado a celebrar a avença –  Sujeição da contratante aos termos do pacto –  Cabimento:

–  Havendo prova de contratação por preposto de empresa que se apresenta como autorizado a celebrar a avença, é de rigor o cumprimento do acordo pela contratante, à vista da boa-fé da parte contratada e da aplicação da teoria da aparência.

RECURSO PROVIDO.  (TJSP;  Apelação Cível 1000641-13.2023.8.26.0180; Relator (a): Nelson Jorge Júnior; Órgão Julgador: 13ª Câmara de Direito Privado; Foro de Espírito Santo do Pinhal - 1ª Vara; Data do Julgamento: 07/12/2024; Data de Registro: 07/12/2024)",FALSE,FALSE,FALSE,FALSE,FALSE,"RI0085QZG12KW",2025-05-09,"RI008FTW20000",NA,"RI0085QZG12KW",2025-05-09,"RI008FTW20000",NA,NA,"re",NA,"indefinido"
"10006411320238260180","18676596","Apelação Cível","Duplicata","Nelson Jorge Júnior","Espírito Santo do Pinhal","13ª Câmara de Direito Privado",2024-12-07,2024-12-07,"APELAÇÃO –  AÇÃO ANULATÓRIA DE NEGÓCIO JURÍDICO –  CONTRATO ASSINADO - TEORIA DA APARÊNCIA
–  Contrato celebrado por preposto de empresa –  Prova –  Funcionário que se apresenta como autorizado a celebrar a avença –  Sujeição da contratante aos termos do pacto –  Cabimento:

–  Havendo prova de contratação por preposto de empresa que se apresenta como autorizado a celebrar a avença, é de rigor o cumprimento do acordo pela contratante, à vista da boa-fé da parte contratada e da aplicação da teoria da aparência.

RECURSO PROVIDO.  (TJSP;  Apelação Cível 1000641-13.2023.8.26.0180; Relator (a): Nelson Jorge Júnior; Órgão Julgador: 13ª Câmara de Direito Privado; Foro de Espírito Santo do Pinhal - 1ª Vara; Data do Julgamento: 07/12/2024; Data de Registro: 07/12/2024)",FALSE,FALSE,FALSE,FALSE,FALSE,"RI0085QZG12KW",2025-05-09,"RI008FTW20000",NA,"RI008FTW20000",NA,"RI0085QZG0000",2024-12-07,"Deram provimento ao recurso. V. U.","re","provido","indefinido"
"10006411320238260180","18676596","Apelação Cível","Duplicata","Nelson Jorge Júnior","Espírito Santo do Pinhal","13ª Câmara de Direito Privado",2024-12-07,2024-12-07,"APELAÇÃO –  AÇÃO ANULATÓRIA DE NEGÓCIO JURÍDICO –  CONTRATO ASSINADO - TEORIA DA APARÊNCIA
–  Contrato celebrado por preposto de empresa –  Prova –  Funcionário que se apresenta como autorizado a celebrar a avença –  Sujeição da contratante aos termos do pacto –  Cabimento:

–  Havendo prova de contratação por preposto de empresa que se apresenta como autorizado a celebrar a avença, é de rigor o cumprimento do acordo pela contratante, à vista da boa-fé da parte contratada e da aplicação da teoria da aparência.

RECURSO PROVIDO.  (TJSP;  Apelação Cível 1000641-13.2023.8.26.0180; Relator (a): Nelson Jorge Júnior; Órgão Julgador: 13ª Câmara de Direito Privado; Foro de Espírito Santo do Pinhal - 1ª Vara; Data do Julgamento: 07/12/2024; Data de Registro: 07/12/2024)",FALSE,FALSE,FALSE,FALSE,FALSE,"RI0085QZG12KW",2025-05-09,"RI008FTW20000",NA,"RI008FTW20000",NA,"RI0085QZG12KW",2025-05-09,"Rejeitaram os embargos. V. U.","re","embargos rejeitados","indefinido"
"10006411320238260180","18676596","Apelação Cível","Duplicata","Nelson Jorge Júnior","Espírito Santo do Pinhal","13ª Câmara de Direito Privado",2024-12-07,2024-12-07,"APELAÇÃO –  AÇÃO ANULATÓRIA DE NEGÓCIO JURÍDICO –  CONTRATO ASSINADO - TEORIA DA APARÊNCIA
–  Contrato celebrado por preposto de empresa –  Prova –  Funcionário que se apresenta como autorizado a celebrar a avença –  Sujeição da contratante aos termos do pacto –  Cabimento:

–  Havendo prova de contratação por preposto de empresa que se apresenta como autorizado a celebrar a avença, é de rigor o cumprimento do acordo pela contratante, à vista da boa-fé da parte contratada e da aplicação da teoria da aparência.

RECURSO PROVIDO.  (TJSP;  Apelação Cível 1000641-13.2023.8.26.0180; Relator (a): Nelson Jorge Júnior; Órgão Julgador: 13ª Câmara de Direito Privado; Foro de Espírito Santo do Pinhal - 1ª Vara; Data do Julgamento: 07/12/2024; Data de Registro: 07/12/2024)",FALSE,FALSE,FALSE,FALSE,FALSE,"RI0085QZG12KW",2025-05-09,"RI008FTW20000",NA,"RI008FTW20000",NA,"RI008FTW20000",NA,NA,"re",NA,"indefinido"
"10006411320238260180","18676596","Apelação Cível","Duplicata","Nelson Jorge Júnior","Espírito Santo do Pinhal","13ª Câmara de Direito Privado",2024-12-07,2024-12-07,"APELAÇÃO –  AÇÃO ANULATÓRIA DE NEGÓCIO JURÍDICO –  CONTRATO ASSINADO - TEORIA DA APARÊNCIA
–  Contrato celebrado por preposto de empresa –  Prova –  Funcionário que se apresenta como autorizado a celebrar a avença –  Sujeição da contratante aos termos do pacto –  Cabimento:

–  Havendo prova de contratação por preposto de empresa que se apresenta como autorizado a celebrar a avença, é de rigor o cumprimento do acordo pela contratante, à vista da boa-fé da parte contratada e da aplicação da teoria da aparência.

RECURSO PROVIDO.  (TJSP;  Apelação Cível 1000641-13.2023.8.26.0180; Relator (a): Nelson Jorge Júnior; Órgão Julgador: 13ª Câmara de Direito Privado; Foro de Espírito Santo do Pinhal - 1ª Vara; Data do Julgamento: 07/12/2024; Data de Registro: 07/12/2024)",FALSE,FALSE,FALSE,FALSE,FALSE,"RI008FTW20000",NA,"RI0085QZG0000",2024-12-07,"RI0085QZG0000",2024-12-07,"RI0085QZG0000",2024-12-07,"Deram provimento ao recurso. V. U.","re","provido","indefinido"
"10006411320238260180","18676596","Apelação Cível","Duplicata","Nelson Jorge Júnior","Espírito Santo do Pinhal","13ª Câmara de Direito Privado",2024-12-07,2024-12-07,"APELAÇÃO –  AÇÃO ANULATÓRIA DE NEGÓCIO JURÍDICO –  CONTRATO ASSINADO - TEORIA DA APARÊNCIA
–  Contrato celebrado por preposto de empresa –  Prova –  Funcionário que se apresenta como autorizado a celebrar a avença –  Sujeição da contratante aos termos do pacto –  Cabimento:

–  Havendo prova de contratação por preposto de empresa que se apresenta como autorizado a celebrar a avença, é de rigor o cumprimento do acordo pela contratante, à vista da boa-fé da parte contratada e da aplicação da teoria da aparência.

RECURSO PROVIDO.  (TJSP;  Apelação Cível 1000641-13.2023.8.26.0180; Relator (a): Nelson Jorge Júnior; Órgão Julgador: 13ª Câmara de Direito Privado; Foro de Espírito Santo do Pinhal - 1ª Vara; Data do Julgamento: 07/12/2024; Data de Registro: 07/12/2024)",FALSE,FALSE,FALSE,FALSE,FALSE,"RI008FTW20000",NA,"RI0085QZG0000",2024-12-07,"RI0085QZG0000",2024-12-07,"RI0085QZG12KW",2025-05-09,"Rejeitaram os embargos. V. U.","re","embargos rejeitados","indefinido"
"10006411320238260180","18676596","Apelação Cível","Duplicata","Nelson Jorge Júnior","Espírito Santo do Pinhal","13ª Câmara de Direito Privado",2024-12-07,2024-12-07,"APELAÇÃO –  AÇÃO ANULATÓRIA DE NEGÓCIO JURÍDICO –  CONTRATO ASSINADO - TEORIA DA APARÊNCIA
–  Contrato celebrado por preposto de empresa –  Prova –  Funcionário que se apresenta como autorizado a celebrar a avença –  Sujeição da contratante aos termos do pacto –  Cabimento:

–  Havendo prova de contratação por preposto de empresa que se apresenta como autorizado a celebrar a avença, é de rigor o cumprimento do acordo pela contratante, à vista da boa-fé da parte contratada e da aplicação da teoria da aparência.

RECURSO PROVIDO.  (TJSP;  Apelação Cível 1000641-13.2023.8.26.0180; Relator (a): Nelson Jorge Júnior; Órgão Julgador: 13ª Câmara de Direito Privado; Foro de Espírito Santo do Pinhal - 1ª Vara; Data do Julgamento: 07/12/2024; Data de Registro: 07/12/2024)",FALSE,FALSE,FALSE,FALSE,FALSE,"RI008FTW20000",NA,"RI0085QZG0000",2024-12-07,"RI0085QZG0000",2024-12-07,"RI008FTW20000",NA,NA,"re",NA,"indefinido"
"10006411320238260180","18676596","Apelação Cível","Duplicata","Nelson Jorge Júnior","Espírito Santo do Pinhal","13ª Câmara de Direito Privado",2024-12-07,2024-12-07,"APELAÇÃO –  AÇÃO ANULATÓRIA DE NEGÓCIO JURÍDICO –  CONTRATO ASSINADO - TEORIA DA APARÊNCIA
–  Contrato celebrado por preposto de empresa –  Prova –  Funcionário que se apresenta como autorizado a celebrar a avença –  Sujeição da contratante aos termos do pacto –  Cabimento:

–  Havendo prova de contratação por preposto de empresa que se apresenta como autorizado a celebrar a avença, é de rigor o cumprimento do acordo pela contratante, à vista da boa-fé da parte contratada e da aplicação da teoria da aparência.

RECURSO PROVIDO.  (TJSP;  Apelação Cível 1000641-13.2023.8.26.0180; Relator (a): Nelson Jorge Júnior; Órgão Julgador: 13ª Câmara de Direito Privado; Foro de Espírito Santo do Pinhal - 1ª Vara; Data do Julgamento: 07/12/2024; Data de Registro: 07/12/2024)",FALSE,FALSE,FALSE,FALSE,FALSE,"RI008FTW20000",NA,"RI0085QZG0000",2024-12-07,"RI0085QZG12KW",2025-05-09,"RI0085QZG0000",2024-12-07,"Deram provimento ao recurso. V. U.","re","provido","indefinido"
"10006411320238260180","18676596","Apelação Cível","Duplicata","Nelson Jorge Júnior","Espírito Santo do Pinhal","13ª Câmara de Direito Privado",2024-12-07,2024-12-07,"APELAÇÃO –  AÇÃO ANULATÓRIA DE NEGÓCIO JURÍDICO –  CONTRATO ASSINADO - TEORIA DA APARÊNCIA
–  Contrato celebrado por preposto de empresa –  Prova –  Funcionário que se apresenta como autorizado a celebrar a avença –  Sujeição da contratante aos termos do pacto –  Cabimento:

–  Havendo prova de contratação por preposto de empresa que se apresenta como autorizado a celebrar a avença, é de rigor o cumprimento do acordo pela contratante, à vista da boa-fé da parte contratada e da aplicação da teoria da aparência.

RECURSO PROVIDO.  (TJSP;  Apelação Cível 1000641-13.2023.8.26.0180; Relator (a): Nelson Jorge Júnior; Órgão Julgador: 13ª Câmara de Direito Privado; Foro de Espírito Santo do Pinhal - 1ª Vara; Data do Julgamento: 07/12/2024; Data de Registro: 07/12/2024)",FALSE,FALSE,FALSE,FALSE,FALSE,"RI008FTW20000",NA,"RI0085QZG0000",2024-12-07,"RI0085QZG12KW",2025-05-09,"RI0085QZG12KW",2025-05-09,"Rejeitaram os embargos. V. U.","re","embargos rejeitados","indefinido"
"10006411320238260180","18676596","Apelação Cível","Duplicata","Nelson Jorge Júnior","Espírito Santo do Pinhal","13ª Câmara de Direito Privado",2024-12-07,2024-12-07,"APELAÇÃO –  AÇÃO ANULATÓRIA DE NEGÓCIO JURÍDICO –  CONTRATO ASSINADO - TEORIA DA APARÊNCIA
–  Contrato celebrado por preposto de empresa –  Prova –  Funcionário que se apresenta como autorizado a celebrar a avença –  Sujeição da contratante aos termos do pacto –  Cabimento:

–  Havendo prova de contratação por preposto de empresa que se apresenta como autorizado a celebrar a avença, é de rigor o cumprimento do acordo pela contratante, à vista da boa-fé da parte contratada e da aplicação da teoria da aparência.

RECURSO PROVIDO.  (TJSP;  Apelação Cível 1000641-13.2023.8.26.0180; Relator (a): Nelson Jorge Júnior; Órgão Julgador: 13ª Câmara de Direito Privado; Foro de Espírito Santo do Pinhal - 1ª Vara; Data do Julgamento: 07/12/2024; Data de Registro: 07/12/2024)",FALSE,FALSE,FALSE,FALSE,FALSE,"RI008FTW20000",NA,"RI0085QZG0000",2024-12-07,"RI0085QZG12KW",2025-05-09,"RI008FTW20000",NA,NA,"re",NA,"indefinido"
"10006411320238260180","18676596","Apelação Cível","Duplicata","Nelson Jorge Júnior","Espírito Santo do Pinhal","13ª Câmara de Direito Privado",2024-12-07,2024-12-07,"APELAÇÃO –  AÇÃO ANULATÓRIA DE NEGÓCIO JURÍDICO –  CONTRATO ASSINADO - TEORIA DA APARÊNCIA
–  Contrato celebrado por preposto de empresa –  Prova –  Funcionário que se apresenta como autorizado a celebrar a avença –  Sujeição da contratante aos termos do pacto –  Cabimento:

–  Havendo prova de contratação por preposto de empresa que se apresenta como autorizado a celebrar a avença, é de rigor o cumprimento do acordo pela contratante, à vista da boa-fé da parte contratada e da aplicação da teoria da aparência.

RECURSO PROVIDO.  (TJSP;  Apelação Cível 1000641-13.2023.8.26.0180; Relator (a): Nelson Jorge Júnior; Órgão Julgador: 13ª Câmara de Direito Privado; Foro de Espírito Santo do Pinhal - 1ª Vara; Data do Julgamento: 07/12/2024; Data de Registro: 07/12/2024)",FALSE,FALSE,FALSE,FALSE,FALSE,"RI008FTW20000",NA,"RI0085QZG0000",2024-12-07,"RI008FTW20000",NA,"RI0085QZG0000",2024-12-07,"Deram provimento ao recurso. V. U.","re","provido","indefinido"
"10006411320238260180","18676596","Apelação Cível","Duplicata","Nelson Jorge Júnior","Espírito Santo do Pinhal","13ª Câmara de Direito Privado",2024-12-07,2024-12-07,"APELAÇÃO –  AÇÃO ANULATÓRIA DE NEGÓCIO JURÍDICO –  CONTRATO ASSINADO - TEORIA DA APARÊNCIA
–  Contrato celebrado por preposto de empresa –  Prova –  Funcionário que se apresenta como autorizado a celebrar a avença –  Sujeição da contratante aos termos do pacto –  Cabimento:

–  Havendo prova de contratação por preposto de empresa que se apresenta como autorizado a celebrar a avença, é de rigor o cumprimento do acordo pela contratante, à vista da boa-fé da parte contratada e da aplicação da teoria da aparência.

RECURSO PROVIDO.  (TJSP;  Apelação Cível 1000641-13.2023.8.26.0180; Relator (a): Nelson Jorge Júnior; Órgão Julgador: 13ª Câmara de Direito Privado; Foro de Espírito Santo do Pinhal - 1ª Vara; Data do Julgamento: 07/12/2024; Data de Registro: 07/12/2024)",FALSE,FALSE,FALSE,FALSE,FALSE,"RI008FTW20000",NA,"RI0085QZG0000",2024-12-07,"RI008FTW20000",NA,"RI0085QZG12KW",2025-05-09,"Rejeitaram os embargos. V. U.","re","embargos rejeitados","indefinido"
"10006411320238260180","18676596","Apelação Cível","Duplicata","Nelson Jorge Júnior","Espírito Santo do Pinhal","13ª Câmara de Direito Privado",2024-12-07,2024-12-07,"APELAÇÃO –  AÇÃO ANULATÓRIA DE NEGÓCIO JURÍDICO –  CONTRATO ASSINADO - TEORIA DA APARÊNCIA
–  Contrato celebrado por preposto de empresa –  Prova –  Funcionário que se apresenta como autorizado a celebrar a avença –  Sujeição da contratante aos termos do pacto –  Cabimento:

–  Havendo prova de contratação por preposto de empresa que se apresenta como autorizado a celebrar a avença, é de rigor o cumprimento do acordo pela contratante, à vista da boa-fé da parte contratada e da aplicação da teoria da aparência.

RECURSO PROVIDO.  (TJSP;  Apelação Cível 1000641-13.2023.8.26.0180; Relator (a): Nelson Jorge Júnior; Órgão Julgador: 13ª Câmara de Direito Privado; Foro de Espírito Santo do Pinhal - 1ª Vara; Data do Julgamento: 07/12/2024; Data de Registro: 07/12/2024)",FALSE,FALSE,FALSE,FALSE,FALSE,"RI008FTW20000",NA,"RI0085QZG0000",2024-12-07,"RI008FTW20000",NA,"RI008FTW20000",NA,NA,"re",NA,"indefinido"
"10006411320238260180","18676596","Apelação Cível","Duplicata","Nelson Jorge Júnior","Espírito Santo do Pinhal","13ª Câmara de Direito Privado",2024-12-07,2024-12-07,"APELAÇÃO –  AÇÃO ANULATÓRIA DE NEGÓCIO JURÍDICO –  CONTRATO ASSINADO - TEORIA DA APARÊNCIA
–  Contrato celebrado por preposto de empresa –  Prova –  Funcionário que se apresenta como autorizado a celebrar a avença –  Sujeição da contratante aos termos do pacto –  Cabimento:

–  Havendo prova de contratação por preposto de empresa que se apresenta como autorizado a celebrar a avença, é de rigor o cumprimento do acordo pela contratante, à vista da boa-fé da parte contratada e da aplicação da teoria da aparência.

RECURSO PROVIDO.  (TJSP;  Apelação Cível 1000641-13.2023.8.26.0180; Relator (a): Nelson Jorge Júnior; Órgão Julgador: 13ª Câmara de Direito Privado; Foro de Espírito Santo do Pinhal - 1ª Vara; Data do Julgamento: 07/12/2024; Data de Registro: 07/12/2024)",FALSE,FALSE,FALSE,FALSE,FALSE,"RI008FTW20000",NA,"RI0085QZG12KW",2025-05-09,"RI0085QZG0000",2024-12-07,"RI0085QZG0000",2024-12-07,"Deram provimento ao recurso. V. U.","re","provido","indefinido"
"10006411320238260180","18676596","Apelação Cível","Duplicata","Nelson Jorge Júnior","Espírito Santo do Pinhal","13ª Câmara de Direito Privado",2024-12-07,2024-12-07,"APELAÇÃO –  AÇÃO ANULATÓRIA DE NEGÓCIO JURÍDICO –  CONTRATO ASSINADO - TEORIA DA APARÊNCIA
–  Contrato celebrado por preposto de empresa –  Prova –  Funcionário que se apresenta como autorizado a celebrar a avença –  Sujeição da contratante aos termos do pacto –  Cabimento:

–  Havendo prova de contratação por preposto de empresa que se apresenta como autorizado a celebrar a avença, é de rigor o cumprimento do acordo pela contratante, à vista da boa-fé da parte contratada e da aplicação da teoria da aparência.

RECURSO PROVIDO.  (TJSP;  Apelação Cível 1000641-13.2023.8.26.0180; Relator (a): Nelson Jorge Júnior; Órgão Julgador: 13ª Câmara de Direito Privado; Foro de Espírito Santo do Pinhal - 1ª Vara; Data do Julgamento: 07/12/2024; Data de Registro: 07/12/2024)",FALSE,FALSE,FALSE,FALSE,FALSE,"RI008FTW20000",NA,"RI0085QZG12KW",2025-05-09,"RI0085QZG0000",2024-12-07,"RI0085QZG12KW",2025-05-09,"Rejeitaram os embargos. V. U.","re","embargos rejeitados","indefinido"
"10006411320238260180","18676596","Apelação Cível","Duplicata","Nelson Jorge Júnior","Espírito Santo do Pinhal","13ª Câmara de Direito Privado",2024-12-07,2024-12-07,"APELAÇÃO –  AÇÃO ANULATÓRIA DE NEGÓCIO JURÍDICO –  CONTRATO ASSINADO - TEORIA DA APARÊNCIA
–  Contrato celebrado por preposto de empresa –  Prova –  Funcionário que se apresenta como autorizado a celebrar a avença –  Sujeição da contratante aos termos do pacto –  Cabimento:

–  Havendo prova de contratação por preposto de empresa que se apresenta como autorizado a celebrar a avença, é de rigor o cumprimento do acordo pela contratante, à vista da boa-fé da parte contratada e da aplicação da teoria da aparência.

RECURSO PROVIDO.  (TJSP;  Apelação Cível 1000641-13.2023.8.26.0180; Relator (a): Nelson Jorge Júnior; Órgão Julgador: 13ª Câmara de Direito Privado; Foro de Espírito Santo do Pinhal - 1ª Vara; Data do Julgamento: 07/12/2024; Data de Registro: 07/12/2024)",FALSE,FALSE,FALSE,FALSE,FALSE,"RI008FTW20000",NA,"RI0085QZG12KW",2025-05-09,"RI0085QZG0000",2024-12-07,"RI008FTW20000",NA,NA,"re",NA,"indefinido"
"10006411320238260180","18676596","Apelação Cível","Duplicata","Nelson Jorge Júnior","Espírito Santo do Pinhal","13ª Câmara de Direito Privado",2024-12-07,2024-12-07,"APELAÇÃO –  AÇÃO ANULATÓRIA DE NEGÓCIO JURÍDICO –  CONTRATO ASSINADO - TEORIA DA APARÊNCIA
–  Contrato celebrado por preposto de empresa –  Prova –  Funcionário que se apresenta como autorizado a celebrar a avença –  Sujeição da contratante aos termos do pacto –  Cabimento:

–  Havendo prova de contratação por preposto de empresa que se apresenta como autorizado a celebrar a avença, é de rigor o cumprimento do acordo pela contratante, à vista da boa-fé da parte contratada e da aplicação da teoria da aparência.

RECURSO PROVIDO.  (TJSP;  Apelação Cível 1000641-13.2023.8.26.0180; Relator (a): Nelson Jorge Júnior; Órgão Julgador: 13ª Câmara de Direito Privado; Foro de Espírito Santo do Pinhal - 1ª Vara; Data do Julgamento: 07/12/2024; Data de Registro: 07/12/2024)",FALSE,FALSE,FALSE,FALSE,FALSE,"RI008FTW20000",NA,"RI0085QZG12KW",2025-05-09,"RI0085QZG12KW",2025-05-09,"RI0085QZG0000",2024-12-07,"Deram provimento ao recurso. V. U.","re","provido","indefinido"
"10006411320238260180","18676596","Apelação Cível","Duplicata","Nelson Jorge Júnior","Espírito Santo do Pinhal","13ª Câmara de Direito Privado",2024-12-07,2024-12-07,"APELAÇÃO –  AÇÃO ANULATÓRIA DE NEGÓCIO JURÍDICO –  CONTRATO ASSINADO - TEORIA DA APARÊNCIA
–  Contrato celebrado por preposto de empresa –  Prova –  Funcionário que se apresenta como autorizado a celebrar a avença –  Sujeição da contratante aos termos do pacto –  Cabimento:

–  Havendo prova de contratação por preposto de empresa que se apresenta como autorizado a celebrar a avença, é de rigor o cumprimento do acordo pela contratante, à vista da boa-fé da parte contratada e da aplicação da teoria da aparência.

RECURSO PROVIDO.  (TJSP;  Apelação Cível 1000641-13.2023.8.26.0180; Relator (a): Nelson Jorge Júnior; Órgão Julgador: 13ª Câmara de Direito Privado; Foro de Espírito Santo do Pinhal - 1ª Vara; Data do Julgamento: 07/12/2024; Data de Registro: 07/12/2024)",FALSE,FALSE,FALSE,FALSE,FALSE,"RI008FTW20000",NA,"RI0085QZG12KW",2025-05-09,"RI0085QZG12KW",2025-05-09,"RI0085QZG12KW",2025-05-09,"Rejeitaram os embargos. V. U.","re","embargos rejeitados","indefinido"
"10006411320238260180","18676596","Apelação Cível","Duplicata","Nelson Jorge Júnior","Espírito Santo do Pinhal","13ª Câmara de Direito Privado",2024-12-07,2024-12-07,"APELAÇÃO –  AÇÃO ANULATÓRIA DE NEGÓCIO JURÍDICO –  CONTRATO ASSINADO - TEORIA DA APARÊNCIA
–  Contrato celebrado por preposto de empresa –  Prova –  Funcionário que se apresenta como autorizado a celebrar a avença –  Sujeição da contratante aos termos do pacto –  Cabimento:

–  Havendo prova de contratação por preposto de empresa que se apresenta como autorizado a celebrar a avença, é de rigor o cumprimento do acordo pela contratante, à vista da boa-fé da parte contratada e da aplicação da teoria da aparência.

RECURSO PROVIDO.  (TJSP;  Apelação Cível 1000641-13.2023.8.26.0180; Relator (a): Nelson Jorge Júnior; Órgão Julgador: 13ª Câmara de Direito Privado; Foro de Espírito Santo do Pinhal - 1ª Vara; Data do Julgamento: 07/12/2024; Data de Registro: 07/12/2024)",FALSE,FALSE,FALSE,FALSE,FALSE,"RI008FTW20000",NA,"RI0085QZG12KW",2025-05-09,"RI0085QZG12KW",2025-05-09,"RI008FTW20000",NA,NA,"re",NA,"indefinido"
"10006411320238260180","18676596","Apelação Cível","Duplicata","Nelson Jorge Júnior","Espírito Santo do Pinhal","13ª Câmara de Direito Privado",2024-12-07,2024-12-07,"APELAÇÃO –  AÇÃO ANULATÓRIA DE NEGÓCIO JURÍDICO –  CONTRATO ASSINADO - TEORIA DA APARÊNCIA
–  Contrato celebrado por preposto de empresa –  Prova –  Funcionário que se apresenta como autorizado a celebrar a avença –  Sujeição da contratante aos termos do pacto –  Cabimento:

–  Havendo prova de contratação por preposto de empresa que se apresenta como autorizado a celebrar a avença, é de rigor o cumprimento do acordo pela contratante, à vista da boa-fé da parte contratada e da aplicação da teoria da aparência.

RECURSO PROVIDO.  (TJSP;  Apelação Cível 1000641-13.2023.8.26.0180; Relator (a): Nelson Jorge Júnior; Órgão Julgador: 13ª Câmara de Direito Privado; Foro de Espírito Santo do Pinhal - 1ª Vara; Data do Julgamento: 07/12/2024; Data de Registro: 07/12/2024)",FALSE,FALSE,FALSE,FALSE,FALSE,"RI008FTW20000",NA,"RI0085QZG12KW",2025-05-09,"RI008FTW20000",NA,"RI0085QZG0000",2024-12-07,"Deram provimento ao recurso. V. U.","re","provido","indefinido"
"10006411320238260180","18676596","Apelação Cível","Duplicata","Nelson Jorge Júnior","Espírito Santo do Pinhal","13ª Câmara de Direito Privado",2024-12-07,2024-12-07,"APELAÇÃO –  AÇÃO ANULATÓRIA DE NEGÓCIO JURÍDICO –  CONTRATO ASSINADO - TEORIA DA APARÊNCIA
–  Contrato celebrado por preposto de empresa –  Prova –  Funcionário que se apresenta como autorizado a celebrar a avença –  Sujeição da contratante aos termos do pacto –  Cabimento:

–  Havendo prova de contratação por preposto de empresa que se apresenta como autorizado a celebrar a avença, é de rigor o cumprimento do acordo pela contratante, à vista da boa-fé da parte contratada e da aplicação da teoria da aparência.

RECURSO PROVIDO.  (TJSP;  Apelação Cível 1000641-13.2023.8.26.0180; Relator (a): Nelson Jorge Júnior; Órgão Julgador: 13ª Câmara de Direito Privado; Foro de Espírito Santo do Pinhal - 1ª Vara; Data do Julgamento: 07/12/2024; Data de Registro: 07/12/2024)",FALSE,FALSE,FALSE,FALSE,FALSE,"RI008FTW20000",NA,"RI0085QZG12KW",2025-05-09,"RI008FTW20000",NA,"RI0085QZG12KW",2025-05-09,"Rejeitaram os embargos. V. U.","re","embargos rejeitados","indefinido"
"10006411320238260180","18676596","Apelação Cível","Duplicata","Nelson Jorge Júnior","Espírito Santo do Pinhal","13ª Câmara de Direito Privado",2024-12-07,2024-12-07,"APELAÇÃO –  AÇÃO ANULATÓRIA DE NEGÓCIO JURÍDICO –  CONTRATO ASSINADO - TEORIA DA APARÊNCIA
–  Contrato celebrado por preposto de empresa –  Prova –  Funcionário que se apresenta como autorizado a celebrar a avença –  Sujeição da contratante aos termos do pacto –  Cabimento:

–  Havendo prova de contratação por preposto de empresa que se apresenta como autorizado a celebrar a avença, é de rigor o cumprimento do acordo pela contratante, à vista da boa-fé da parte contratada e da aplicação da teoria da aparência.

RECURSO PROVIDO.  (TJSP;  Apelação Cível 1000641-13.2023.8.26.0180; Relator (a): Nelson Jorge Júnior; Órgão Julgador: 13ª Câmara de Direito Privado; Foro de Espírito Santo do Pinhal - 1ª Vara; Data do Julgamento: 07/12/2024; Data de Registro: 07/12/2024)",FALSE,FALSE,FALSE,FALSE,FALSE,"RI008FTW20000",NA,"RI0085QZG12KW",2025-05-09,"RI008FTW20000",NA,"RI008FTW20000",NA,NA,"re",NA,"indefinido"
"10006411320238260180","18676596","Apelação Cível","Duplicata","Nelson Jorge Júnior","Espírito Santo do Pinhal","13ª Câmara de Direito Privado",2024-12-07,2024-12-07,"APELAÇÃO –  AÇÃO ANULATÓRIA DE NEGÓCIO JURÍDICO –  CONTRATO ASSINADO - TEORIA DA APARÊNCIA
–  Contrato celebrado por preposto de empresa –  Prova –  Funcionário que se apresenta como autorizado a celebrar a avença –  Sujeição da contratante aos termos do pacto –  Cabimento:

–  Havendo prova de contratação por preposto de empresa que se apresenta como autorizado a celebrar a avença, é de rigor o cumprimento do acordo pela contratante, à vista da boa-fé da parte contratada e da aplicação da teoria da aparência.

RECURSO PROVIDO.  (TJSP;  Apelação Cível 1000641-13.2023.8.26.0180; Relator (a): Nelson Jorge Júnior; Órgão Julgador: 13ª Câmara de Direito Privado; Foro de Espírito Santo do Pinhal - 1ª Vara; Data do Julgamento: 07/12/2024; Data de Registro: 07/12/2024)",FALSE,FALSE,FALSE,FALSE,FALSE,"RI008FTW20000",NA,"RI008FTW20000",NA,"RI0085QZG0000",2024-12-07,"RI0085QZG0000",2024-12-07,"Deram provimento ao recurso. V. U.","re","provido","indefinido"
"10006411320238260180","18676596","Apelação Cível","Duplicata","Nelson Jorge Júnior","Espírito Santo do Pinhal","13ª Câmara de Direito Privado",2024-12-07,2024-12-07,"APELAÇÃO –  AÇÃO ANULATÓRIA DE NEGÓCIO JURÍDICO –  CONTRATO ASSINADO - TEORIA DA APARÊNCIA
–  Contrato celebrado por preposto de empresa –  Prova –  Funcionário que se apresenta como autorizado a celebrar a avença –  Sujeição da contratante aos termos do pacto –  Cabimento:

–  Havendo prova de contratação por preposto de empresa que se apresenta como autorizado a celebrar a avença, é de rigor o cumprimento do acordo pela contratante, à vista da boa-fé da parte contratada e da aplicação da teoria da aparência.

RECURSO PROVIDO.  (TJSP;  Apelação Cível 1000641-13.2023.8.26.0180; Relator (a): Nelson Jorge Júnior; Órgão Julgador: 13ª Câmara de Direito Privado; Foro de Espírito Santo do Pinhal - 1ª Vara; Data do Julgamento: 07/12/2024; Data de Registro: 07/12/2024)",FALSE,FALSE,FALSE,FALSE,FALSE,"RI008FTW20000",NA,"RI008FTW20000",NA,"RI0085QZG0000",2024-12-07,"RI0085QZG12KW",2025-05-09,"Rejeitaram os embargos. V. U.","re","embargos rejeitados","indefinido"
"10006411320238260180","18676596","Apelação Cível","Duplicata","Nelson Jorge Júnior","Espírito Santo do Pinhal","13ª Câmara de Direito Privado",2024-12-07,2024-12-07,"APELAÇÃO –  AÇÃO ANULATÓRIA DE NEGÓCIO JURÍDICO –  CONTRATO ASSINADO - TEORIA DA APARÊNCIA
–  Contrato celebrado por preposto de empresa –  Prova –  Funcionário que se apresenta como autorizado a celebrar a avença –  Sujeição da contratante aos termos do pacto –  Cabimento:

–  Havendo prova de contratação por preposto de empresa que se apresenta como autorizado a celebrar a avença, é de rigor o cumprimento do acordo pela contratante, à vista da boa-fé da parte contratada e da aplicação da teoria da aparência.

RECURSO PROVIDO.  (TJSP;  Apelação Cível 1000641-13.2023.8.26.0180; Relator (a): Nelson Jorge Júnior; Órgão Julgador: 13ª Câmara de Direito Privado; Foro de Espírito Santo do Pinhal - 1ª Vara; Data do Julgamento: 07/12/2024; Data de Registro: 07/12/2024)",FALSE,FALSE,FALSE,FALSE,FALSE,"RI008FTW20000",NA,"RI008FTW20000",NA,"RI0085QZG0000",2024-12-07,"RI008FTW20000",NA,NA,"re",NA,"indefinido"
"10006411320238260180","18676596","Apelação Cível","Duplicata","Nelson Jorge Júnior","Espírito Santo do Pinhal","13ª Câmara de Direito Privado",2024-12-07,2024-12-07,"APELAÇÃO –  AÇÃO ANULATÓRIA DE NEGÓCIO JURÍDICO –  CONTRATO ASSINADO - TEORIA DA APARÊNCIA
–  Contrato celebrado por preposto de empresa –  Prova –  Funcionário que se apresenta como autorizado a celebrar a avença –  Sujeição da contratante aos termos do pacto –  Cabimento:

–  Havendo prova de contratação por preposto de empresa que se apresenta como autorizado a celebrar a avença, é de rigor o cumprimento do acordo pela contratante, à vista da boa-fé da parte contratada e da aplicação da teoria da aparência.

RECURSO PROVIDO.  (TJSP;  Apelação Cível 1000641-13.2023.8.26.0180; Relator (a): Nelson Jorge Júnior; Órgão Julgador: 13ª Câmara de Direito Privado; Foro de Espírito Santo do Pinhal - 1ª Vara; Data do Julgamento: 07/12/2024; Data de Registro: 07/12/2024)",FALSE,FALSE,FALSE,FALSE,FALSE,"RI008FTW20000",NA,"RI008FTW20000",NA,"RI0085QZG12KW",2025-05-09,"RI0085QZG0000",2024-12-07,"Deram provimento ao recurso. V. U.","re","provido","indefinido"
"10006411320238260180","18676596","Apelação Cível","Duplicata","Nelson Jorge Júnior","Espírito Santo do Pinhal","13ª Câmara de Direito Privado",2024-12-07,2024-12-07,"APELAÇÃO –  AÇÃO ANULATÓRIA DE NEGÓCIO JURÍDICO –  CONTRATO ASSINADO - TEORIA DA APARÊNCIA
–  Contrato celebrado por preposto de empresa –  Prova –  Funcionário que se apresenta como autorizado a celebrar a avença –  Sujeição da contratante aos termos do pacto –  Cabimento:

–  Havendo prova de contratação por preposto de empresa que se apresenta como autorizado a celebrar a avença, é de rigor o cumprimento do acordo pela contratante, à vista da boa-fé da parte contratada e da aplicação da teoria da aparência.

RECURSO PROVIDO.  (TJSP;  Apelação Cível 1000641-13.2023.8.26.0180; Relator (a): Nelson Jorge Júnior; Órgão Julgador: 13ª Câmara de Direito Privado; Foro de Espírito Santo do Pinhal - 1ª Vara; Data do Julgamento: 07/12/2024; Data de Registro: 07/12/2024)",FALSE,FALSE,FALSE,FALSE,FALSE,"RI008FTW20000",NA,"RI008FTW20000",NA,"RI0085QZG12KW",2025-05-09,"RI0085QZG12KW",2025-05-09,"Rejeitaram os embargos. V. U.","re","embargos rejeitados","indefinido"
"10006411320238260180","18676596","Apelação Cível","Duplicata","Nelson Jorge Júnior","Espírito Santo do Pinhal","13ª Câmara de Direito Privado",2024-12-07,2024-12-07,"APELAÇÃO –  AÇÃO ANULATÓRIA DE NEGÓCIO JURÍDICO –  CONTRATO ASSINADO - TEORIA DA APARÊNCIA
–  Contrato celebrado por preposto de empresa –  Prova –  Funcionário que se apresenta como autorizado a celebrar a avença –  Sujeição da contratante aos termos do pacto –  Cabimento:

–  Havendo prova de contratação por preposto de empresa que se apresenta como autorizado a celebrar a avença, é de rigor o cumprimento do acordo pela contratante, à vista da boa-fé da parte contratada e da aplicação da teoria da aparência.

RECURSO PROVIDO.  (TJSP;  Apelação Cível 1000641-13.2023.8.26.0180; Relator (a): Nelson Jorge Júnior; Órgão Julgador: 13ª Câmara de Direito Privado; Foro de Espírito Santo do Pinhal - 1ª Vara; Data do Julgamento: 07/12/2024; Data de Registro: 07/12/2024)",FALSE,FALSE,FALSE,FALSE,FALSE,"RI008FTW20000",NA,"RI008FTW20000",NA,"RI0085QZG12KW",2025-05-09,"RI008FTW20000",NA,NA,"re",NA,"indefinido"
"10006411320238260180","18676596","Apelação Cível","Duplicata","Nelson Jorge Júnior","Espírito Santo do Pinhal","13ª Câmara de Direito Privado",2024-12-07,2024-12-07,"APELAÇÃO –  AÇÃO ANULATÓRIA DE NEGÓCIO JURÍDICO –  CONTRATO ASSINADO - TEORIA DA APARÊNCIA
–  Contrato celebrado por preposto de empresa –  Prova –  Funcionário que se apresenta como autorizado a celebrar a avença –  Sujeição da contratante aos termos do pacto –  Cabimento:

–  Havendo prova de contratação por preposto de empresa que se apresenta como autorizado a celebrar a avença, é de rigor o cumprimento do acordo pela contratante, à vista da boa-fé da parte contratada e da aplicação da teoria da aparência.

RECURSO PROVIDO.  (TJSP;  Apelação Cível 1000641-13.2023.8.26.0180; Relator (a): Nelson Jorge Júnior; Órgão Julgador: 13ª Câmara de Direito Privado; Foro de Espírito Santo do Pinhal - 1ª Vara; Data do Julgamento: 07/12/2024; Data de Registro: 07/12/2024)",FALSE,FALSE,FALSE,FALSE,FALSE,"RI008FTW20000",NA,"RI008FTW20000",NA,"RI008FTW20000",NA,"RI0085QZG0000",2024-12-07,"Deram provimento ao recurso. V. U.","re","provido","indefinido"
"10006411320238260180","18676596","Apelação Cível","Duplicata","Nelson Jorge Júnior","Espírito Santo do Pinhal","13ª Câmara de Direito Privado",2024-12-07,2024-12-07,"APELAÇÃO –  AÇÃO ANULATÓRIA DE NEGÓCIO JURÍDICO –  CONTRATO ASSINADO - TEORIA DA APARÊNCIA
–  Contrato celebrado por preposto de empresa –  Prova –  Funcionário que se apresenta como autorizado a celebrar a avença –  Sujeição da contratante aos termos do pacto –  Cabimento:

–  Havendo prova de contratação por preposto de empresa que se apresenta como autorizado a celebrar a avença, é de rigor o cumprimento do acordo pela contratante, à vista da boa-fé da parte contratada e da aplicação da teoria da aparência.

RECURSO PROVIDO.  (TJSP;  Apelação Cível 1000641-13.2023.8.26.0180; Relator (a): Nelson Jorge Júnior; Órgão Julgador: 13ª Câmara de Direito Privado; Foro de Espírito Santo do Pinhal - 1ª Vara; Data do Julgamento: 07/12/2024; Data de Registro: 07/12/2024)",FALSE,FALSE,FALSE,FALSE,FALSE,"RI008FTW20000",NA,"RI008FTW20000",NA,"RI008FTW20000",NA,"RI0085QZG12KW",2025-05-09,"Rejeitaram os embargos. V. U.","re","embargos rejeitados","indefinido"
"10006411320238260180","18676596","Apelação Cível","Duplicata","Nelson Jorge Júnior","Espírito Santo do Pinhal","13ª Câmara de Direito Privado",2024-12-07,2024-12-07,"APELAÇÃO –  AÇÃO ANULATÓRIA DE NEGÓCIO JURÍDICO –  CONTRATO ASSINADO - TEORIA DA APARÊNCIA
–  Contrato celebrado por preposto de empresa –  Prova –  Funcionário que se apresenta como autorizado a celebrar a avença –  Sujeição da contratante aos termos do pacto –  Cabimento:

–  Havendo prova de contratação por preposto de empresa que se apresenta como autorizado a celebrar a avença, é de rigor o cumprimento do acordo pela contratante, à vista da boa-fé da parte contratada e da aplicação da teoria da aparência.

RECURSO PROVIDO.  (TJSP;  Apelação Cível 1000641-13.2023.8.26.0180; Relator (a): Nelson Jorge Júnior; Órgão Julgador: 13ª Câmara de Direito Privado; Foro de Espírito Santo do Pinhal - 1ª Vara; Data do Julgamento: 07/12/2024; Data de Registro: 07/12/2024)",FALSE,FALSE,FALSE,FALSE,FALSE,"RI008FTW20000",NA,"RI008FTW20000",NA,"RI008FTW20000",NA,"RI008FTW20000",NA,NA,"re",NA,"indefinido"
"10032295720238260482","18392581","Apelação Cível","Prestação de Serviços","Michel Chakur Farah","Presidente Prudente","28ª Câmara de Direito Privado",2024-09-27,2024-09-27,"APELAÇÃO - Serviço - Publicidade - Adesão questionada - Ação declaratória c/c indenização por danos morais - Sentença de procedência - Inconformismo da ré, que reitera a preliminar de incompetência do juízo - Acolhimento - Ação ajuizada no Foro da sede da empresa autora - Inexistência de relação de consumo - Cláusula de eleição que determina a competência da Comarca da Capital, que também é o local da sede da pessoa jurídica ré - Exegese do art. 53, III, a, do CPC - Precedentes - Sentença anulada -  RECURSO PROVIDO.  (TJSP;  Apelação Cível 1003229-57.2023.8.26.0482; Relator (a): Michel Chakur Farah; Órgão Julgador: 28ª Câmara de Direito Privado; Foro de Presidente Prudente - 1ª Vara Cível; Data do Julgamento: 27/09/2024; Data de Registro: 27/09/2024)",FALSE,TRUE,FALSE,FALSE,FALSE,"RI00827RO0000",2024-09-27,"RI00827RO0000",2024-09-27,"RI00827RO0000",2024-09-27,"RI00827RO0000",2024-09-27,"Deram provimento ao recurso. V. U.","autora","provido","indefinido"
"10032295720238260482","18392581","Apelação Cível","Prestação de Serviços","Michel Chakur Farah","Presidente Prudente","28ª Câmara de Direito Privado",2024-09-27,2024-09-27,"APELAÇÃO - Serviço - Publicidade - Adesão questionada - Ação declaratória c/c indenização por danos morais - Sentença de procedência - Inconformismo da ré, que reitera a preliminar de incompetência do juízo - Acolhimento - Ação ajuizada no Foro da sede da empresa autora - Inexistência de relação de consumo - Cláusula de eleição que determina a competência da Comarca da Capital, que também é o local da sede da pessoa jurídica ré - Exegese do art. 53, III, a, do CPC - Precedentes - Sentença anulada -  RECURSO PROVIDO.  (TJSP;  Apelação Cível 1003229-57.2023.8.26.0482; Relator (a): Michel Chakur Farah; Órgão Julgador: 28ª Câmara de Direito Privado; Foro de Presidente Prudente - 1ª Vara Cível; Data do Julgamento: 27/09/2024; Data de Registro: 27/09/2024)",FALSE,TRUE,FALSE,FALSE,FALSE,"RI00827RO0000",2024-09-27,"RI00827RO0000",2024-09-27,"RI00827RO0000",2024-09-27,"RI008G0A70000",NA,NA,"autora",NA,"indefinido"
"10032295720238260482","18392581","Apelação Cível","Prestação de Serviços","Michel Chakur Farah","Presidente Prudente","28ª Câmara de Direito Privado",2024-09-27,2024-09-27,"APELAÇÃO - Serviço - Publicidade - Adesão questionada - Ação declaratória c/c indenização por danos morais - Sentença de procedência - Inconformismo da ré, que reitera a preliminar de incompetência do juízo - Acolhimento - Ação ajuizada no Foro da sede da empresa autora - Inexistência de relação de consumo - Cláusula de eleição que determina a competência da Comarca da Capital, que também é o local da sede da pessoa jurídica ré - Exegese do art. 53, III, a, do CPC - Precedentes - Sentença anulada -  RECURSO PROVIDO.  (TJSP;  Apelação Cível 1003229-57.2023.8.26.0482; Relator (a): Michel Chakur Farah; Órgão Julgador: 28ª Câmara de Direito Privado; Foro de Presidente Prudente - 1ª Vara Cível; Data do Julgamento: 27/09/2024; Data de Registro: 27/09/2024)",FALSE,TRUE,FALSE,FALSE,FALSE,"RI00827RO0000",2024-09-27,"RI00827RO0000",2024-09-27,"RI008G0A70000",NA,"RI00827RO0000",2024-09-27,"Deram provimento ao recurso. V. U.","autora","provido","indefinido"
"10032295720238260482","18392581","Apelação Cível","Prestação de Serviços","Michel Chakur Farah","Presidente Prudente","28ª Câmara de Direito Privado",2024-09-27,2024-09-27,"APELAÇÃO - Serviço - Publicidade - Adesão questionada - Ação declaratória c/c indenização por danos morais - Sentença de procedência - Inconformismo da ré, que reitera a preliminar de incompetência do juízo - Acolhimento - Ação ajuizada no Foro da sede da empresa autora - Inexistência de relação de consumo - Cláusula de eleição que determina a competência da Comarca da Capital, que também é o local da sede da pessoa jurídica ré - Exegese do art. 53, III, a, do CPC - Precedentes - Sentença anulada -  RECURSO PROVIDO.  (TJSP;  Apelação Cível 1003229-57.2023.8.26.0482; Relator (a): Michel Chakur Farah; Órgão Julgador: 28ª Câmara de Direito Privado; Foro de Presidente Prudente - 1ª Vara Cível; Data do Julgamento: 27/09/2024; Data de Registro: 27/09/2024)",FALSE,TRUE,FALSE,FALSE,FALSE,"RI00827RO0000",2024-09-27,"RI00827RO0000",2024-09-27,"RI008G0A70000",NA,"RI008G0A70000",NA,NA,"autora",NA,"indefinido"
"10032295720238260482","18392581","Apelação Cível","Prestação de Serviços","Michel Chakur Farah","Presidente Prudente","28ª Câmara de Direito Privado",2024-09-27,2024-09-27,"APELAÇÃO - Serviço - Publicidade - Adesão questionada - Ação declaratória c/c indenização por danos morais - Sentença de procedência - Inconformismo da ré, que reitera a preliminar de incompetência do juízo - Acolhimento - Ação ajuizada no Foro da sede da empresa autora - Inexistência de relação de consumo - Cláusula de eleição que determina a competência da Comarca da Capital, que também é o local da sede da pessoa jurídica ré - Exegese do art. 53, III, a, do CPC - Precedentes - Sentença anulada -  RECURSO PROVIDO.  (TJSP;  Apelação Cível 1003229-57.2023.8.26.0482; Relator (a): Michel Chakur Farah; Órgão Julgador: 28ª Câmara de Direito Privado; Foro de Presidente Prudente - 1ª Vara Cível; Data do Julgamento: 27/09/2024; Data de Registro: 27/09/2024)",FALSE,TRUE,FALSE,FALSE,FALSE,"RI00827RO0000",2024-09-27,"RI008G0A70000",NA,"RI00827RO0000",2024-09-27,"RI00827RO0000",2024-09-27,"Deram provimento ao recurso. V. U.","autora","provido","indefinido"
"10032295720238260482","18392581","Apelação Cível","Prestação de Serviços","Michel Chakur Farah","Presidente Prudente","28ª Câmara de Direito Privado",2024-09-27,2024-09-27,"APELAÇÃO - Serviço - Publicidade - Adesão questionada - Ação declaratória c/c indenização por danos morais - Sentença de procedência - Inconformismo da ré, que reitera a preliminar de incompetência do juízo - Acolhimento - Ação ajuizada no Foro da sede da empresa autora - Inexistência de relação de consumo - Cláusula de eleição que determina a competência da Comarca da Capital, que também é o local da sede da pessoa jurídica ré - Exegese do art. 53, III, a, do CPC - Precedentes - Sentença anulada -  RECURSO PROVIDO.  (TJSP;  Apelação Cível 1003229-57.2023.8.26.0482; Relator (a): Michel Chakur Farah; Órgão Julgador: 28ª Câmara de Direito Privado; Foro de Presidente Prudente - 1ª Vara Cível; Data do Julgamento: 27/09/2024; Data de Registro: 27/09/2024)",FALSE,TRUE,FALSE,FALSE,FALSE,"RI00827RO0000",2024-09-27,"RI008G0A70000",NA,"RI00827RO0000",2024-09-27,"RI008G0A70000",NA,NA,"autora",NA,"indefinido"
"10032295720238260482","18392581","Apelação Cível","Prestação de Serviços","Michel Chakur Farah","Presidente Prudente","28ª Câmara de Direito Privado",2024-09-27,2024-09-27,"APELAÇÃO - Serviço - Publicidade - Adesão questionada - Ação declaratória c/c indenização por danos morais - Sentença de procedência - Inconformismo da ré, que reitera a preliminar de incompetência do juízo - Acolhimento - Ação ajuizada no Foro da sede da empresa autora - Inexistência de relação de consumo - Cláusula de eleição que determina a competência da Comarca da Capital, que também é o local da sede da pessoa jurídica ré - Exegese do art. 53, III, a, do CPC - Precedentes - Sentença anulada -  RECURSO PROVIDO.  (TJSP;  Apelação Cível 1003229-57.2023.8.26.0482; Relator (a): Michel Chakur Farah; Órgão Julgador: 28ª Câmara de Direito Privado; Foro de Presidente Prudente - 1ª Vara Cível; Data do Julgamento: 27/09/2024; Data de Registro: 27/09/2024)",FALSE,TRUE,FALSE,FALSE,FALSE,"RI00827RO0000",2024-09-27,"RI008G0A70000",NA,"RI008G0A70000",NA,"RI00827RO0000",2024-09-27,"Deram provimento ao recurso. V. U.","autora","provido","indefinido"
"10032295720238260482","18392581","Apelação Cível","Prestação de Serviços","Michel Chakur Farah","Presidente Prudente","28ª Câmara de Direito Privado",2024-09-27,2024-09-27,"APELAÇÃO - Serviço - Publicidade - Adesão questionada - Ação declaratória c/c indenização por danos morais - Sentença de procedência - Inconformismo da ré, que reitera a preliminar de incompetência do juízo - Acolhimento - Ação ajuizada no Foro da sede da empresa autora - Inexistência de relação de consumo - Cláusula de eleição que determina a competência da Comarca da Capital, que também é o local da sede da pessoa jurídica ré - Exegese do art. 53, III, a, do CPC - Precedentes - Sentença anulada -  RECURSO PROVIDO.  (TJSP;  Apelação Cível 1003229-57.2023.8.26.0482; Relator (a): Michel Chakur Farah; Órgão Julgador: 28ª Câmara de Direito Privado; Foro de Presidente Prudente - 1ª Vara Cível; Data do Julgamento: 27/09/2024; Data de Registro: 27/09/2024)",FALSE,TRUE,FALSE,FALSE,FALSE,"RI00827RO0000",2024-09-27,"RI008G0A70000",NA,"RI008G0A70000",NA,"RI008G0A70000",NA,NA,"autora",NA,"indefinido"
"10032295720238260482","18392581","Apelação Cível","Prestação de Serviços","Michel Chakur Farah","Presidente Prudente","28ª Câmara de Direito Privado",2024-09-27,2024-09-27,"APELAÇÃO - Serviço - Publicidade - Adesão questionada - Ação declaratória c/c indenização por danos morais - Sentença de procedência - Inconformismo da ré, que reitera a preliminar de incompetência do juízo - Acolhimento - Ação ajuizada no Foro da sede da empresa autora - Inexistência de relação de consumo - Cláusula de eleição que determina a competência da Comarca da Capital, que também é o local da sede da pessoa jurídica ré - Exegese do art. 53, III, a, do CPC - Precedentes - Sentença anulada -  RECURSO PROVIDO.  (TJSP;  Apelação Cível 1003229-57.2023.8.26.0482; Relator (a): Michel Chakur Farah; Órgão Julgador: 28ª Câmara de Direito Privado; Foro de Presidente Prudente - 1ª Vara Cível; Data do Julgamento: 27/09/2024; Data de Registro: 27/09/2024)",FALSE,TRUE,FALSE,FALSE,FALSE,"RI008G0A70000",NA,"RI00827RO0000",2024-09-27,"RI00827RO0000",2024-09-27,"RI00827RO0000",2024-09-27,"Deram provimento ao recurso. V. U.","autora","provido","indefinido"
"10032295720238260482","18392581","Apelação Cível","Prestação de Serviços","Michel Chakur Farah","Presidente Prudente","28ª Câmara de Direito Privado",2024-09-27,2024-09-27,"APELAÇÃO - Serviço - Publicidade - Adesão questionada - Ação declaratória c/c indenização por danos morais - Sentença de procedência - Inconformismo da ré, que reitera a preliminar de incompetência do juízo - Acolhimento - Ação ajuizada no Foro da sede da empresa autora - Inexistência de relação de consumo - Cláusula de eleição que determina a competência da Comarca da Capital, que também é o local da sede da pessoa jurídica ré - Exegese do art. 53, III, a, do CPC - Precedentes - Sentença anulada -  RECURSO PROVIDO.  (TJSP;  Apelação Cível 1003229-57.2023.8.26.0482; Relator (a): Michel Chakur Farah; Órgão Julgador: 28ª Câmara de Direito Privado; Foro de Presidente Prudente - 1ª Vara Cível; Data do Julgamento: 27/09/2024; Data de Registro: 27/09/2024)",FALSE,TRUE,FALSE,FALSE,FALSE,"RI008G0A70000",NA,"RI00827RO0000",2024-09-27,"RI00827RO0000",2024-09-27,"RI008G0A70000",NA,NA,"autora",NA,"indefinido"
"10032295720238260482","18392581","Apelação Cível","Prestação de Serviços","Michel Chakur Farah","Presidente Prudente","28ª Câmara de Direito Privado",2024-09-27,2024-09-27,"APELAÇÃO - Serviço - Publicidade - Adesão questionada - Ação declaratória c/c indenização por danos morais - Sentença de procedência - Inconformismo da ré, que reitera a preliminar de incompetência do juízo - Acolhimento - Ação ajuizada no Foro da sede da empresa autora - Inexistência de relação de consumo - Cláusula de eleição que determina a competência da Comarca da Capital, que também é o local da sede da pessoa jurídica ré - Exegese do art. 53, III, a, do CPC - Precedentes - Sentença anulada -  RECURSO PROVIDO.  (TJSP;  Apelação Cível 1003229-57.2023.8.26.0482; Relator (a): Michel Chakur Farah; Órgão Julgador: 28ª Câmara de Direito Privado; Foro de Presidente Prudente - 1ª Vara Cível; Data do Julgamento: 27/09/2024; Data de Registro: 27/09/2024)",FALSE,TRUE,FALSE,FALSE,FALSE,"RI008G0A70000",NA,"RI00827RO0000",2024-09-27,"RI008G0A70000",NA,"RI00827RO0000",2024-09-27,"Deram provimento ao recurso. V. U.","autora","provido","indefinido"
"10032295720238260482","18392581","Apelação Cível","Prestação de Serviços","Michel Chakur Farah","Presidente Prudente","28ª Câmara de Direito Privado",2024-09-27,2024-09-27,"APELAÇÃO - Serviço - Publicidade - Adesão questionada - Ação declaratória c/c indenização por danos morais - Sentença de procedência - Inconformismo da ré, que reitera a preliminar de incompetência do juízo - Acolhimento - Ação ajuizada no Foro da sede da empresa autora - Inexistência de relação de consumo - Cláusula de eleição que determina a competência da Comarca da Capital, que também é o local da sede da pessoa jurídica ré - Exegese do art. 53, III, a, do CPC - Precedentes - Sentença anulada -  RECURSO PROVIDO.  (TJSP;  Apelação Cível 1003229-57.2023.8.26.0482; Relator (a): Michel Chakur Farah; Órgão Julgador: 28ª Câmara de Direito Privado; Foro de Presidente Prudente - 1ª Vara Cível; Data do Julgamento: 27/09/2024; Data de Registro: 27/09/2024)",FALSE,TRUE,FALSE,FALSE,FALSE,"RI008G0A70000",NA,"RI00827RO0000",2024-09-27,"RI008G0A70000",NA,"RI008G0A70000",NA,NA,"autora",NA,"indefinido"
"10032295720238260482","18392581","Apelação Cível","Prestação de Serviços","Michel Chakur Farah","Presidente Prudente","28ª Câmara de Direito Privado",2024-09-27,2024-09-27,"APELAÇÃO - Serviço - Publicidade - Adesão questionada - Ação declaratória c/c indenização por danos morais - Sentença de procedência - Inconformismo da ré, que reitera a preliminar de incompetência do juízo - Acolhimento - Ação ajuizada no Foro da sede da empresa autora - Inexistência de relação de consumo - Cláusula de eleição que determina a competência da Comarca da Capital, que também é o local da sede da pessoa jurídica ré - Exegese do art. 53, III, a, do CPC - Precedentes - Sentença anulada -  RECURSO PROVIDO.  (TJSP;  Apelação Cível 1003229-57.2023.8.26.0482; Relator (a): Michel Chakur Farah; Órgão Julgador: 28ª Câmara de Direito Privado; Foro de Presidente Prudente - 1ª Vara Cível; Data do Julgamento: 27/09/2024; Data de Registro: 27/09/2024)",FALSE,TRUE,FALSE,FALSE,FALSE,"RI008G0A70000",NA,"RI008G0A70000",NA,"RI00827RO0000",2024-09-27,"RI00827RO0000",2024-09-27,"Deram provimento ao recurso. V. U.","autora","provido","indefinido"
"10032295720238260482","18392581","Apelação Cível","Prestação de Serviços","Michel Chakur Farah","Presidente Prudente","28ª Câmara de Direito Privado",2024-09-27,2024-09-27,"APELAÇÃO - Serviço - Publicidade - Adesão questionada - Ação declaratória c/c indenização por danos morais - Sentença de procedência - Inconformismo da ré, que reitera a preliminar de incompetência do juízo - Acolhimento - Ação ajuizada no Foro da sede da empresa autora - Inexistência de relação de consumo - Cláusula de eleição que determina a competência da Comarca da Capital, que também é o local da sede da pessoa jurídica ré - Exegese do art. 53, III, a, do CPC - Precedentes - Sentença anulada -  RECURSO PROVIDO.  (TJSP;  Apelação Cível 1003229-57.2023.8.26.0482; Relator (a): Michel Chakur Farah; Órgão Julgador: 28ª Câmara de Direito Privado; Foro de Presidente Prudente - 1ª Vara Cível; Data do Julgamento: 27/09/2024; Data de Registro: 27/09/2024)",FALSE,TRUE,FALSE,FALSE,FALSE,"RI008G0A70000",NA,"RI008G0A70000",NA,"RI00827RO0000",2024-09-27,"RI008G0A70000",NA,NA,"autora",NA,"indefinido"
"10032295720238260482","18392581","Apelação Cível","Prestação de Serviços","Michel Chakur Farah","Presidente Prudente","28ª Câmara de Direito Privado",2024-09-27,2024-09-27,"APELAÇÃO - Serviço - Publicidade - Adesão questionada - Ação declaratória c/c indenização por danos morais - Sentença de procedência - Inconformismo da ré, que reitera a preliminar de incompetência do juízo - Acolhimento - Ação ajuizada no Foro da sede da empresa autora - Inexistência de relação de consumo - Cláusula de eleição que determina a competência da Comarca da Capital, que também é o local da sede da pessoa jurídica ré - Exegese do art. 53, III, a, do CPC - Precedentes - Sentença anulada -  RECURSO PROVIDO.  (TJSP;  Apelação Cível 1003229-57.2023.8.26.0482; Relator (a): Michel Chakur Farah; Órgão Julgador: 28ª Câmara de Direito Privado; Foro de Presidente Prudente - 1ª Vara Cível; Data do Julgamento: 27/09/2024; Data de Registro: 27/09/2024)",FALSE,TRUE,FALSE,FALSE,FALSE,"RI008G0A70000",NA,"RI008G0A70000",NA,"RI008G0A70000",NA,"RI00827RO0000",2024-09-27,"Deram provimento ao recurso. V. U.","autora","provido","indefinido"
"10032295720238260482","18392581","Apelação Cível","Prestação de Serviços","Michel Chakur Farah","Presidente Prudente","28ª Câmara de Direito Privado",2024-09-27,2024-09-27,"APELAÇÃO - Serviço - Publicidade - Adesão questionada - Ação declaratória c/c indenização por danos morais - Sentença de procedência - Inconformismo da ré, que reitera a preliminar de incompetência do juízo - Acolhimento - Ação ajuizada no Foro da sede da empresa autora - Inexistência de relação de consumo - Cláusula de eleição que determina a competência da Comarca da Capital, que também é o local da sede da pessoa jurídica ré - Exegese do art. 53, III, a, do CPC - Precedentes - Sentença anulada -  RECURSO PROVIDO.  (TJSP;  Apelação Cível 1003229-57.2023.8.26.0482; Relator (a): Michel Chakur Farah; Órgão Julgador: 28ª Câmara de Direito Privado; Foro de Presidente Prudente - 1ª Vara Cível; Data do Julgamento: 27/09/2024; Data de Registro: 27/09/2024)",FALSE,TRUE,FALSE,FALSE,FALSE,"RI008G0A70000",NA,"RI008G0A70000",NA,"RI008G0A70000",NA,"RI008G0A70000",NA,NA,"autora",NA,"indefinido"
"10478284320228260506","18129131","Apelação Cível","Duplicata","Márcio Teixeira Laranjo","Ribeirão Preto","13ª Câmara de Direito Privado",2024-07-22,2024-07-22,"APELAÇÃO CÍVEL. Ação declaratória de inexistência de contrato c.c indenização por danos morais. Contrato de figuração em lista telefônica. Sentença de procedência. Irresignação da ré. Preliminar de incompetência territorial acolhida. Relação de fundo não regida pelo Código de Defesa do Consumidor, pois, por viés fático ou econômico que se adote, vê-se o aproveitamento financeiro e intermediário da prestação, por parte da autora. Impossibilidade da aplicação da teoria finalista mitigada no caso concreto. Precedentes do C. STJ. Prevalência da cláusula de eleição de foro constante no contrato celebrado entre as partes. Aplicação do art. 63, caput, do Código de Processo Civil. Precedentes deste E. TJSP. Sentença anulada, com determinação de remessa dos autos a uma das Varas competentes. Recurso provido.  (TJSP;  Apelação Cível 1047828-43.2022.8.26.0506; Relator (a): Márcio Teixeira Laranjo; Órgão Julgador: 13ª Câmara de Direito Privado; Foro de Ribeirão Preto - 1ª Vara Cível; Data do Julgamento: 22/07/2024; Data de Registro: 22/07/2024)",FALSE,TRUE,FALSE,TRUE,FALSE,"RI00843O30000",2024-07-22,"RI00843O30000",2024-07-22,"RI00843O30000",2024-07-22,"RI00843O30000",2024-07-22,"Deram provimento ao recurso. V. U.","re","provido","indefinido"
"10478284320228260506","18129131","Apelação Cível","Duplicata","Márcio Teixeira Laranjo","Ribeirão Preto","13ª Câmara de Direito Privado",2024-07-22,2024-07-22,"APELAÇÃO CÍVEL. Ação declaratória de inexistência de contrato c.c indenização por danos morais. Contrato de figuração em lista telefônica. Sentença de procedência. Irresignação da ré. Preliminar de incompetência territorial acolhida. Relação de fundo não regida pelo Código de Defesa do Consumidor, pois, por viés fático ou econômico que se adote, vê-se o aproveitamento financeiro e intermediário da prestação, por parte da autora. Impossibilidade da aplicação da teoria finalista mitigada no caso concreto. Precedentes do C. STJ. Prevalência da cláusula de eleição de foro constante no contrato celebrado entre as partes. Aplicação do art. 63, caput, do Código de Processo Civil. Precedentes deste E. TJSP. Sentença anulada, com determinação de remessa dos autos a uma das Varas competentes. Recurso provido.  (TJSP;  Apelação Cível 1047828-43.2022.8.26.0506; Relator (a): Márcio Teixeira Laranjo; Órgão Julgador: 13ª Câmara de Direito Privado; Foro de Ribeirão Preto - 1ª Vara Cível; Data do Julgamento: 22/07/2024; Data de Registro: 22/07/2024)",FALSE,TRUE,FALSE,TRUE,FALSE,"RI00843O30000",2024-07-22,"RI00843O30000",2024-07-22,"RI00843O30000",2024-07-22,"RI009608B0000",2026-02-19,"Deram provimento ao recurso. V. U.","re","provido","indefinido"
"10478284320228260506","18129131","Apelação Cível","Duplicata","Márcio Teixeira Laranjo","Ribeirão Preto","13ª Câmara de Direito Privado",2024-07-22,2024-07-22,"APELAÇÃO CÍVEL. Ação declaratória de inexistência de contrato c.c indenização por danos morais. Contrato de figuração em lista telefônica. Sentença de procedência. Irresignação da ré. Preliminar de incompetência territorial acolhida. Relação de fundo não regida pelo Código de Defesa do Consumidor, pois, por viés fático ou econômico que se adote, vê-se o aproveitamento financeiro e intermediário da prestação, por parte da autora. Impossibilidade da aplicação da teoria finalista mitigada no caso concreto. Precedentes do C. STJ. Prevalência da cláusula de eleição de foro constante no contrato celebrado entre as partes. Aplicação do art. 63, caput, do Código de Processo Civil. Precedentes deste E. TJSP. Sentença anulada, com determinação de remessa dos autos a uma das Varas competentes. Recurso provido.  (TJSP;  Apelação Cível 1047828-43.2022.8.26.0506; Relator (a): Márcio Teixeira Laranjo; Órgão Julgador: 13ª Câmara de Direito Privado; Foro de Ribeirão Preto - 1ª Vara Cível; Data do Julgamento: 22/07/2024; Data de Registro: 22/07/2024)",FALSE,TRUE,FALSE,TRUE,FALSE,"RI00843O30000",2024-07-22,"RI00843O30000",2024-07-22,"RI009608B0000",2026-02-19,"RI00843O30000",2024-07-22,"Deram provimento ao recurso. V. U.","re","provido","indefinido"
"10478284320228260506","18129131","Apelação Cível","Duplicata","Márcio Teixeira Laranjo","Ribeirão Preto","13ª Câmara de Direito Privado",2024-07-22,2024-07-22,"APELAÇÃO CÍVEL. Ação declaratória de inexistência de contrato c.c indenização por danos morais. Contrato de figuração em lista telefônica. Sentença de procedência. Irresignação da ré. Preliminar de incompetência territorial acolhida. Relação de fundo não regida pelo Código de Defesa do Consumidor, pois, por viés fático ou econômico que se adote, vê-se o aproveitamento financeiro e intermediário da prestação, por parte da autora. Impossibilidade da aplicação da teoria finalista mitigada no caso concreto. Precedentes do C. STJ. Prevalência da cláusula de eleição de foro constante no contrato celebrado entre as partes. Aplicação do art. 63, caput, do Código de Processo Civil. Precedentes deste E. TJSP. Sentença anulada, com determinação de remessa dos autos a uma das Varas competentes. Recurso provido.  (TJSP;  Apelação Cível 1047828-43.2022.8.26.0506; Relator (a): Márcio Teixeira Laranjo; Órgão Julgador: 13ª Câmara de Direito Privado; Foro de Ribeirão Preto - 1ª Vara Cível; Data do Julgamento: 22/07/2024; Data de Registro: 22/07/2024)",FALSE,TRUE,FALSE,TRUE,FALSE,"RI00843O30000",2024-07-22,"RI00843O30000",2024-07-22,"RI009608B0000",2026-02-19,"RI009608B0000",2026-02-19,"Deram provimento ao recurso. V. U.","re","provido","indefinido"
"10478284320228260506","18129131","Apelação Cível","Duplicata","Márcio Teixeira Laranjo","Ribeirão Preto","13ª Câmara de Direito Privado",2024-07-22,2024-07-22,"APELAÇÃO CÍVEL. Ação declaratória de inexistência de contrato c.c indenização por danos morais. Contrato de figuração em lista telefônica. Sentença de procedência. Irresignação da ré. Preliminar de incompetência territorial acolhida. Relação de fundo não regida pelo Código de Defesa do Consumidor, pois, por viés fático ou econômico que se adote, vê-se o aproveitamento financeiro e intermediário da prestação, por parte da autora. Impossibilidade da aplicação da teoria finalista mitigada no caso concreto. Precedentes do C. STJ. Prevalência da cláusula de eleição de foro constante no contrato celebrado entre as partes. Aplicação do art. 63, caput, do Código de Processo Civil. Precedentes deste E. TJSP. Sentença anulada, com determinação de remessa dos autos a uma das Varas competentes. Recurso provido.  (TJSP;  Apelação Cível 1047828-43.2022.8.26.0506; Relator (a): Márcio Teixeira Laranjo; Órgão Julgador: 13ª Câmara de Direito Privado; Foro de Ribeirão Preto - 1ª Vara Cível; Data do Julgamento: 22/07/2024; Data de Registro: 22/07/2024)",FALSE,TRUE,FALSE,TRUE,FALSE,"RI00843O30000",2024-07-22,"RI009608B0000",2026-02-19,"RI00843O30000",2024-07-22,"RI00843O30000",2024-07-22,"Deram provimento ao recurso. V. U.","re","provido","indefinido"
"10478284320228260506","18129131","Apelação Cível","Duplicata","Márcio Teixeira Laranjo","Ribeirão Preto","13ª Câmara de Direito Privado",2024-07-22,2024-07-22,"APELAÇÃO CÍVEL. Ação declaratória de inexistência de contrato c.c indenização por danos morais. Contrato de figuração em lista telefônica. Sentença de procedência. Irresignação da ré. Preliminar de incompetência territorial acolhida. Relação de fundo não regida pelo Código de Defesa do Consumidor, pois, por viés fático ou econômico que se adote, vê-se o aproveitamento financeiro e intermediário da prestação, por parte da autora. Impossibilidade da aplicação da teoria finalista mitigada no caso concreto. Precedentes do C. STJ. Prevalência da cláusula de eleição de foro constante no contrato celebrado entre as partes. Aplicação do art. 63, caput, do Código de Processo Civil. Precedentes deste E. TJSP. Sentença anulada, com determinação de remessa dos autos a uma das Varas competentes. Recurso provido.  (TJSP;  Apelação Cível 1047828-43.2022.8.26.0506; Relator (a): Márcio Teixeira Laranjo; Órgão Julgador: 13ª Câmara de Direito Privado; Foro de Ribeirão Preto - 1ª Vara Cível; Data do Julgamento: 22/07/2024; Data de Registro: 22/07/2024)",FALSE,TRUE,FALSE,TRUE,FALSE,"RI00843O30000",2024-07-22,"RI009608B0000",2026-02-19,"RI00843O30000",2024-07-22,"RI009608B0000",2026-02-19,"Deram provimento ao recurso. V. U.","re","provido","indefinido"
"10478284320228260506","18129131","Apelação Cível","Duplicata","Márcio Teixeira Laranjo","Ribeirão Preto","13ª Câmara de Direito Privado",2024-07-22,2024-07-22,"APELAÇÃO CÍVEL. Ação declaratória de inexistência de contrato c.c indenização por danos morais. Contrato de figuração em lista telefônica. Sentença de procedência. Irresignação da ré. Preliminar de incompetência territorial acolhida. Relação de fundo não regida pelo Código de Defesa do Consumidor, pois, por viés fático ou econômico que se adote, vê-se o aproveitamento financeiro e intermediário da prestação, por parte da autora. Impossibilidade da aplicação da teoria finalista mitigada no caso concreto. Precedentes do C. STJ. Prevalência da cláusula de eleição de foro constante no contrato celebrado entre as partes. Aplicação do art. 63, caput, do Código de Processo Civil. Precedentes deste E. TJSP. Sentença anulada, com determinação de remessa dos autos a uma das Varas competentes. Recurso provido.  (TJSP;  Apelação Cível 1047828-43.2022.8.26.0506; Relator (a): Márcio Teixeira Laranjo; Órgão Julgador: 13ª Câmara de Direito Privado; Foro de Ribeirão Preto - 1ª Vara Cível; Data do Julgamento: 22/07/2024; Data de Registro: 22/07/2024)",FALSE,TRUE,FALSE,TRUE,FALSE,"RI00843O30000",2024-07-22,"RI009608B0000",2026-02-19,"RI009608B0000",2026-02-19,"RI00843O30000",2024-07-22,"Deram provimento ao recurso. V. U.","re","provido","indefinido"
"10478284320228260506","18129131","Apelação Cível","Duplicata","Márcio Teixeira Laranjo","Ribeirão Preto","13ª Câmara de Direito Privado",2024-07-22,2024-07-22,"APELAÇÃO CÍVEL. Ação declaratória de inexistência de contrato c.c indenização por danos morais. Contrato de figuração em lista telefônica. Sentença de procedência. Irresignação da ré. Preliminar de incompetência territorial acolhida. Relação de fundo não regida pelo Código de Defesa do Consumidor, pois, por viés fático ou econômico que se adote, vê-se o aproveitamento financeiro e intermediário da prestação, por parte da autora. Impossibilidade da aplicação da teoria finalista mitigada no caso concreto. Precedentes do C. STJ. Prevalência da cláusula de eleição de foro constante no contrato celebrado entre as partes. Aplicação do art. 63, caput, do Código de Processo Civil. Precedentes deste E. TJSP. Sentença anulada, com determinação de remessa dos autos a uma das Varas competentes. Recurso provido.  (TJSP;  Apelação Cível 1047828-43.2022.8.26.0506; Relator (a): Márcio Teixeira Laranjo; Órgão Julgador: 13ª Câmara de Direito Privado; Foro de Ribeirão Preto - 1ª Vara Cível; Data do Julgamento: 22/07/2024; Data de Registro: 22/07/2024)",FALSE,TRUE,FALSE,TRUE,FALSE,"RI00843O30000",2024-07-22,"RI009608B0000",2026-02-19,"RI009608B0000",2026-02-19,"RI009608B0000",2026-02-19,"Deram provimento ao recurso. V. U.","re","provido","indefinido"
"10478284320228260506","18129131","Apelação Cível","Duplicata","Márcio Teixeira Laranjo","Ribeirão Preto","13ª Câmara de Direito Privado",2024-07-22,2024-07-22,"APELAÇÃO CÍVEL. Ação declaratória de inexistência de contrato c.c indenização por danos morais. Contrato de figuração em lista telefônica. Sentença de procedência. Irresignação da ré. Preliminar de incompetência territorial acolhida. Relação de fundo não regida pelo Código de Defesa do Consumidor, pois, por viés fático ou econômico que se adote, vê-se o aproveitamento financeiro e intermediário da prestação, por parte da autora. Impossibilidade da aplicação da teoria finalista mitigada no caso concreto. Precedentes do C. STJ. Prevalência da cláusula de eleição de foro constante no contrato celebrado entre as partes. Aplicação do art. 63, caput, do Código de Processo Civil. Precedentes deste E. TJSP. Sentença anulada, com determinação de remessa dos autos a uma das Varas competentes. Recurso provido.  (TJSP;  Apelação Cível 1047828-43.2022.8.26.0506; Relator (a): Márcio Teixeira Laranjo; Órgão Julgador: 13ª Câmara de Direito Privado; Foro de Ribeirão Preto - 1ª Vara Cível; Data do Julgamento: 22/07/2024; Data de Registro: 22/07/2024)",FALSE,TRUE,FALSE,TRUE,FALSE,"RI009608B0000",2026-02-19,"RI00843O30000",2024-07-22,"RI00843O30000",2024-07-22,"RI00843O30000",2024-07-22,"Deram provimento ao recurso. V. U.","re","provido","indefinido"
"10478284320228260506","18129131","Apelação Cível","Duplicata","Márcio Teixeira Laranjo","Ribeirão Preto","13ª Câmara de Direito Privado",2024-07-22,2024-07-22,"APELAÇÃO CÍVEL. Ação declaratória de inexistência de contrato c.c indenização por danos morais. Contrato de figuração em lista telefônica. Sentença de procedência. Irresignação da ré. Preliminar de incompetência territorial acolhida. Relação de fundo não regida pelo Código de Defesa do Consumidor, pois, por viés fático ou econômico que se adote, vê-se o aproveitamento financeiro e intermediário da prestação, por parte da autora. Impossibilidade da aplicação da teoria finalista mitigada no caso concreto. Precedentes do C. STJ. Prevalência da cláusula de eleição de foro constante no contrato celebrado entre as partes. Aplicação do art. 63, caput, do Código de Processo Civil. Precedentes deste E. TJSP. Sentença anulada, com determinação de remessa dos autos a uma das Varas competentes. Recurso provido.  (TJSP;  Apelação Cível 1047828-43.2022.8.26.0506; Relator (a): Márcio Teixeira Laranjo; Órgão Julgador: 13ª Câmara de Direito Privado; Foro de Ribeirão Preto - 1ª Vara Cível; Data do Julgamento: 22/07/2024; Data de Registro: 22/07/2024)",FALSE,TRUE,FALSE,TRUE,FALSE,"RI009608B0000",2026-02-19,"RI00843O30000",2024-07-22,"RI00843O30000",2024-07-22,"RI009608B0000",2026-02-19,"Deram provimento ao recurso. V. U.","re","provido","indefinido"
"10478284320228260506","18129131","Apelação Cível","Duplicata","Márcio Teixeira Laranjo","Ribeirão Preto","13ª Câmara de Direito Privado",2024-07-22,2024-07-22,"APELAÇÃO CÍVEL. Ação declaratória de inexistência de contrato c.c indenização por danos morais. Contrato de figuração em lista telefônica. Sentença de procedência. Irresignação da ré. Preliminar de incompetência territorial acolhida. Relação de fundo não regida pelo Código de Defesa do Consumidor, pois, por viés fático ou econômico que se adote, vê-se o aproveitamento financeiro e intermediário da prestação, por parte da autora. Impossibilidade da aplicação da teoria finalista mitigada no caso concreto. Precedentes do C. STJ. Prevalência da cláusula de eleição de foro constante no contrato celebrado entre as partes. Aplicação do art. 63, caput, do Código de Processo Civil. Precedentes deste E. TJSP. Sentença anulada, com determinação de remessa dos autos a uma das Varas competentes. Recurso provido.  (TJSP;  Apelação Cível 1047828-43.2022.8.26.0506; Relator (a): Márcio Teixeira Laranjo; Órgão Julgador: 13ª Câmara de Direito Privado; Foro de Ribeirão Preto - 1ª Vara Cível; Data do Julgamento: 22/07/2024; Data de Registro: 22/07/2024)",FALSE,TRUE,FALSE,TRUE,FALSE,"RI009608B0000",2026-02-19,"RI00843O30000",2024-07-22,"RI009608B0000",2026-02-19,"RI00843O30000",2024-07-22,"Deram provimento ao recurso. V. U.","re","provido","indefinido"
"10478284320228260506","18129131","Apelação Cível","Duplicata","Márcio Teixeira Laranjo","Ribeirão Preto","13ª Câmara de Direito Privado",2024-07-22,2024-07-22,"APELAÇÃO CÍVEL. Ação declaratória de inexistência de contrato c.c indenização por danos morais. Contrato de figuração em lista telefônica. Sentença de procedência. Irresignação da ré. Preliminar de incompetência territorial acolhida. Relação de fundo não regida pelo Código de Defesa do Consumidor, pois, por viés fático ou econômico que se adote, vê-se o aproveitamento financeiro e intermediário da prestação, por parte da autora. Impossibilidade da aplicação da teoria finalista mitigada no caso concreto. Precedentes do C. STJ. Prevalência da cláusula de eleição de foro constante no contrato celebrado entre as partes. Aplicação do art. 63, caput, do Código de Processo Civil. Precedentes deste E. TJSP. Sentença anulada, com determinação de remessa dos autos a uma das Varas competentes. Recurso provido.  (TJSP;  Apelação Cível 1047828-43.2022.8.26.0506; Relator (a): Márcio Teixeira Laranjo; Órgão Julgador: 13ª Câmara de Direito Privado; Foro de Ribeirão Preto - 1ª Vara Cível; Data do Julgamento: 22/07/2024; Data de Registro: 22/07/2024)",FALSE,TRUE,FALSE,TRUE,FALSE,"RI009608B0000",2026-02-19,"RI00843O30000",2024-07-22,"RI009608B0000",2026-02-19,"RI009608B0000",2026-02-19,"Deram provimento ao recurso. V. U.","re","provido","indefinido"
"10478284320228260506","18129131","Apelação Cível","Duplicata","Márcio Teixeira Laranjo","Ribeirão Preto","13ª Câmara de Direito Privado",2024-07-22,2024-07-22,"APELAÇÃO CÍVEL. Ação declaratória de inexistência de contrato c.c indenização por danos morais. Contrato de figuração em lista telefônica. Sentença de procedência. Irresignação da ré. Preliminar de incompetência territorial acolhida. Relação de fundo não regida pelo Código de Defesa do Consumidor, pois, por viés fático ou econômico que se adote, vê-se o aproveitamento financeiro e intermediário da prestação, por parte da autora. Impossibilidade da aplicação da teoria finalista mitigada no caso concreto. Precedentes do C. STJ. Prevalência da cláusula de eleição de foro constante no contrato celebrado entre as partes. Aplicação do art. 63, caput, do Código de Processo Civil. Precedentes deste E. TJSP. Sentença anulada, com determinação de remessa dos autos a uma das Varas competentes. Recurso provido.  (TJSP;  Apelação Cível 1047828-43.2022.8.26.0506; Relator (a): Márcio Teixeira Laranjo; Órgão Julgador: 13ª Câmara de Direito Privado; Foro de Ribeirão Preto - 1ª Vara Cível; Data do Julgamento: 22/07/2024; Data de Registro: 22/07/2024)",FALSE,TRUE,FALSE,TRUE,FALSE,"RI009608B0000",2026-02-19,"RI009608B0000",2026-02-19,"RI00843O30000",2024-07-22,"RI00843O30000",2024-07-22,"Deram provimento ao recurso. V. U.","re","provido","indefinido"
"10478284320228260506","18129131","Apelação Cível","Duplicata","Márcio Teixeira Laranjo","Ribeirão Preto","13ª Câmara de Direito Privado",2024-07-22,2024-07-22,"APELAÇÃO CÍVEL. Ação declaratória de inexistência de contrato c.c indenização por danos morais. Contrato de figuração em lista telefônica. Sentença de procedência. Irresignação da ré. Preliminar de incompetência territorial acolhida. Relação de fundo não regida pelo Código de Defesa do Consumidor, pois, por viés fático ou econômico que se adote, vê-se o aproveitamento financeiro e intermediário da prestação, por parte da autora. Impossibilidade da aplicação da teoria finalista mitigada no caso concreto. Precedentes do C. STJ. Prevalência da cláusula de eleição de foro constante no contrato celebrado entre as partes. Aplicação do art. 63, caput, do Código de Processo Civil. Precedentes deste E. TJSP. Sentença anulada, com determinação de remessa dos autos a uma das Varas competentes. Recurso provido.  (TJSP;  Apelação Cível 1047828-43.2022.8.26.0506; Relator (a): Márcio Teixeira Laranjo; Órgão Julgador: 13ª Câmara de Direito Privado; Foro de Ribeirão Preto - 1ª Vara Cível; Data do Julgamento: 22/07/2024; Data de Registro: 22/07/2024)",FALSE,TRUE,FALSE,TRUE,FALSE,"RI009608B0000",2026-02-19,"RI009608B0000",2026-02-19,"RI00843O30000",2024-07-22,"RI009608B0000",2026-02-19,"Deram provimento ao recurso. V. U.","re","provido","indefinido"
"10478284320228260506","18129131","Apelação Cível","Duplicata","Márcio Teixeira Laranjo","Ribeirão Preto","13ª Câmara de Direito Privado",2024-07-22,2024-07-22,"APELAÇÃO CÍVEL. Ação declaratória de inexistência de contrato c.c indenização por danos morais. Contrato de figuração em lista telefônica. Sentença de procedência. Irresignação da ré. Preliminar de incompetência territorial acolhida. Relação de fundo não regida pelo Código de Defesa do Consumidor, pois, por viés fático ou econômico que se adote, vê-se o aproveitamento financeiro e intermediário da prestação, por parte da autora. Impossibilidade da aplicação da teoria finalista mitigada no caso concreto. Precedentes do C. STJ. Prevalência da cláusula de eleição de foro constante no contrato celebrado entre as partes. Aplicação do art. 63, caput, do Código de Processo Civil. Precedentes deste E. TJSP. Sentença anulada, com determinação de remessa dos autos a uma das Varas competentes. Recurso provido.  (TJSP;  Apelação Cível 1047828-43.2022.8.26.0506; Relator (a): Márcio Teixeira Laranjo; Órgão Julgador: 13ª Câmara de Direito Privado; Foro de Ribeirão Preto - 1ª Vara Cível; Data do Julgamento: 22/07/2024; Data de Registro: 22/07/2024)",FALSE,TRUE,FALSE,TRUE,FALSE,"RI009608B0000",2026-02-19,"RI009608B0000",2026-02-19,"RI009608B0000",2026-02-19,"RI00843O30000",2024-07-22,"Deram provimento ao recurso. V. U.","re","provido","indefinido"
"10478284320228260506","18129131","Apelação Cível","Duplicata","Márcio Teixeira Laranjo","Ribeirão Preto","13ª Câmara de Direito Privado",2024-07-22,2024-07-22,"APELAÇÃO CÍVEL. Ação declaratória de inexistência de contrato c.c indenização por danos morais. Contrato de figuração em lista telefônica. Sentença de procedência. Irresignação da ré. Preliminar de incompetência territorial acolhida. Relação de fundo não regida pelo Código de Defesa do Consumidor, pois, por viés fático ou econômico que se adote, vê-se o aproveitamento financeiro e intermediário da prestação, por parte da autora. Impossibilidade da aplicação da teoria finalista mitigada no caso concreto. Precedentes do C. STJ. Prevalência da cláusula de eleição de foro constante no contrato celebrado entre as partes. Aplicação do art. 63, caput, do Código de Processo Civil. Precedentes deste E. TJSP. Sentença anulada, com determinação de remessa dos autos a uma das Varas competentes. Recurso provido.  (TJSP;  Apelação Cível 1047828-43.2022.8.26.0506; Relator (a): Márcio Teixeira Laranjo; Órgão Julgador: 13ª Câmara de Direito Privado; Foro de Ribeirão Preto - 1ª Vara Cível; Data do Julgamento: 22/07/2024; Data de Registro: 22/07/2024)",FALSE,TRUE,FALSE,TRUE,FALSE,"RI009608B0000",2026-02-19,"RI009608B0000",2026-02-19,"RI009608B0000",2026-02-19,"RI009608B0000",2026-02-19,"Deram provimento ao recurso. V. U.","re","provido","indefinido"
"10618416720238260100","18080601","Apelação Cível","Prestação de Serviços","Carlos Russo","São Paulo","30ª Câmara de Direito Privado",2024-07-04,2024-07-04,"RESPONSABILIDADE CIVIL. Suposta entabulação de contrato de publicidade. Abordagem declaratória (inexistência de vínculo jurídico), ainda com pleito reparatório. Aplicação do Código de Defesa do Consumidor. Juízo de improcedência. Apelo da autora. Provimento, para julgar procedente a demanda.  (TJSP;  Apelação Cível 1061841-67.2023.8.26.0100; Relator (a): Carlos Russo; Órgão Julgador: 30ª Câmara de Direito Privado; Foro Central Cível - 13ª Vara Cível; Data do Julgamento: 04/07/2024; Data de Registro: 04/07/2024)",FALSE,FALSE,FALSE,FALSE,FALSE,"RI00821BB0000",2024-07-04,"RI00821BB0000",2024-07-04,"RI00821BB0000",2024-07-04,"RI00821BB0000",2024-07-04,"Deram provimento ao recurso. V. U.","re","provido","indefinido"
"10058374320238260477","18045659","Apelação Cível","Prestação de Serviços","Rosangela Telles","Praia Grande","31ª Câmara de Direito Privado",2024-06-26,2024-06-26,"APELAÇÃO. AÇÃO DE INEXIGIBILIDADE DE DÉBITO C.C. INDENIZAÇÃO POR DANOS MORAIS. SENTENÇA ULTRA PETITA. Violação aos limites objetivos da lide constatada. Pedido de repetição dobrada de valores não formulado. Sentença anulada em relação a esse capítulo, com aplicação da teoria da causa madura. Inteligência do art. art. 1.013, § 3º, II do CPC/15. COMPETÊNCIA TERRITORIAL. Aplicabilidade do art. 101, I, do Código de Defesa do Consumidor. Teoria finalista mitigada. Viabilidade de ajuizamento da demanda no domicílio da parte autora. Foro de eleição que não prevalece, haja vista a nulidade do contrato. PRESTAÇÃO DE SERVIÇOS DE MARKETING DIGITAL. INVALIDADE DO NEGÓCIO JURÍDICO. Mácula na formação do vínculo de direito material. O concernente instrumento fora assinado por funcionário da autora desprovido de poderes para negociar. Não se tratando de mandatário ou gerente, a vontade por ele manifestada não deve ser tida como representativa da sociedade empresária. Ademais, não se cogita a aplicação da teoria da aparência, uma vez que as circunstâncias fáticas dessumidas das provas reunidas revelam atuação da ré dissociada dos preceitos da boa-fé objetiva. DANOS MORAIS. O protesto contém carga desabonadora para a pessoa jurídica que implica dano moral; portanto, houve evidente violação à honra objetiva. QUANTUM INDENIZATÓRIO. A quantia fixada na instância ordinária, de R$ 5.000,00, apresenta-se adequada e suficiente para reparar o abalo sofrido, estando aquém do que vem sendo arbitrado em casos similares. Sentença mantida. SUCUMBÊNCIA. Manutenção dos critérios arbitrados pelo D. Magistrado de origem. Sentença mantida. RECURSO PARCIALMENTE PROVIDO.  (TJSP;  Apelação Cível 1005837-43.2023.8.26.0477; Relator (a): Rosangela Telles; Órgão Julgador: 31ª Câmara de Direito Privado; Foro de Praia Grande - 5ª Vara Cível; Data do Julgamento: 26/06/2024; Data de Registro: 26/06/2024)",FALSE,TRUE,FALSE,FALSE,FALSE,"RI0083ZYO0000",2024-06-26,"RI0083ZYO0000",2024-06-26,"RI0083ZYO0000",2024-06-26,"RI0083ZYO0000",2024-06-26,"Deram provimento em parte ao recurso. V. U.","autora","parcial","consumidor_venceu"
"11097449820238260100","17992795","Apelação Cível","Prestação de Serviços","Rosangela Telles","São Paulo","31ª Câmara de Direito Privado",2024-06-12,2024-06-12,"APELAÇÃO. AÇÃO DE INEXIGIBILIDADE DE DÉBITO C.C. INDENIZAÇÃO POR DANOS MORAIS. PRESTAÇÃO DE SERVIÇOS DE MARKETING DIGITAL. Sentença que julgou procedentes os pedidos formulados para declarar a nulidade do contrato e condenar a ré ao pagamento de indenização por danos morais no importe de R$ 5.000,00. Inconformismo da demandada. INVALIDADE DO NEGÓCIO JURÍDICO. Mácula na formação do vínculo de direito material. O concernente instrumento fora assinado por funcionário da autora desprovido de poderes para negociar, exercente de cargo de repositor. Não se tratando de mandatário ou gerente, a vontade por ele manifestada não deve ser tida como representativa da sociedade empresária. Ademais, não se cogita a aplicação da teoria da aparência, uma vez que as circunstâncias fáticas dessumidas das provas reunidas revelam atuação da ré dissociada dos preceitos da boa-fé objetiva. DANOS MORAIS. O protesto contém carga desabonadora para a pessoa jurídica que implica dano moral; portanto, houve evidente violação à honra objetiva. QUANTUM INDENIZATÓRIO. A quantia fixada na instância ordinária, de R$ 5.000,00, apresenta-se adequada e suficiente para reparar o abalo sofrido, estando aquém do que vem sendo arbitrado em casos similares. Sentença mantida. SUCUMBÊNCIA. Majoração dos honorários advocatícios, segundo as disposições do art. 85, §11, do CPC/2015. RECURSO NÃO PROVIDO.  (TJSP;  Apelação Cível 1109744-98.2023.8.26.0100; Relator (a): Rosangela Telles; Órgão Julgador: 31ª Câmara de Direito Privado; Foro Central Cível - 8ª Vara Cível; Data do Julgamento: 12/06/2024; Data de Registro: 12/06/2024)",FALSE,TRUE,FALSE,FALSE,FALSE,"RI00828LT0000",2024-06-12,"RI00828LT0000",2024-06-12,"RI00828LT0000",2024-06-12,"RI00828LT0000",2024-06-12,"Negaram provimento ao recurso. V. U.","autora","improvido","indefinido"
"20741248020248260000","17850306","Agravo de Instrumento","Prestação de Serviços","Marcondes D'Angelo","São Paulo","25ª Câmara de Direito Privado",2024-04-30,2024-04-30,"RECURSO - AGRAVO DE INSTRUMENTO –  PRESTAÇÃO DE SERVIÇOS DE PUBLICIDADE –  REPARAÇÃO DE DANOS MATERIAIS –  CUMPRIMENTO DE SENTENÇA –  DESCONSIDERAÇÃO DA PERSONALIDADE JURÍDICA. Descabimento da desconsideração da personalidade jurídica neste momento processual. Pedido de desconsideração que somente deve se deferido quando os elementos constantes dos autos revelarem um quadro que se mostre condizente com a aplicação legal da exceção. Ausência de confusão patrimonial, desvio de finalidade demonstrados ou sucessão processual fraudulenta na hipótese. Mera dificuldade de encontrar bens passíveis de penhora que, por si só, não autoriza a pronta desconsideração, devendo ser buscado pela credora outros meios para satisfação do débito. Decisão mantida. Recurso de agravo de instrumento não provido.  (TJSP;  Agravo de Instrumento 2074124-80.2024.8.26.0000; Relator (a): Marcondes D'Angelo; Órgão Julgador: 25ª Câmara de Direito Privado; Foro Central Cível - 15ª Vara Cível; Data do Julgamento: 30/04/2024; Data de Registro: 30/04/2024)",FALSE,FALSE,FALSE,FALSE,FALSE,"RI007ZD890000",2024-04-30,"RI007ZD890000",2024-04-30,"RI007ZD890000",2024-04-30,"RI007ZD890000",2024-04-30,"Negaram provimento ao recurso. V. U.",NA,"improvido","indefinido"
"10229659120228260451","17356320","Apelação Cível","Duplicata","Israel Góes dos Anjos","Piracicaba","18ª Câmara de Direito Privado",2023-11-17,2023-11-17,"AÇÃO DECLARATÓRIA DE INEXIGIBILIDADE DE DÉBITO C.C INDENIZATÓRIA –  Prestação de serviços. Anúncio publicitário em site da internet. Sentença que julgou procedentes os pedidos. Preliminar arguida pela ré apelante de incompetência do Juízo. ADMISSIBILIDADE. Ação ajuizada no foro da empresa autora (Piracicaba). Foro de eleição que determina a competência da Comarca da Capital para dirimir os conflitos. Sentença anulada. 

RECURSO PROVIDO.  (TJSP;  Apelação Cível 1022965-91.2022.8.26.0451; Relator (a): Israel Góes dos Anjos; Órgão Julgador: 18ª Câmara de Direito Privado; Foro de Piracicaba - 4ª Vara Cível; Data do Julgamento: 17/11/2023; Data de Registro: 17/11/2023)",FALSE,TRUE,FALSE,FALSE,FALSE,"RI007LHRN0000",2023-11-17,"RI007LHRN0000",2023-11-17,"RI007LHRN0000",2023-11-17,"RI007LHRN0000",2023-11-17,"Deram provimento ao recurso. V. U.","autora","provido","indefinido"
"10229659120228260451","17356320","Apelação Cível","Duplicata","Israel Góes dos Anjos","Piracicaba","18ª Câmara de Direito Privado",2023-11-17,2023-11-17,"AÇÃO DECLARATÓRIA DE INEXIGIBILIDADE DE DÉBITO C.C INDENIZATÓRIA –  Prestação de serviços. Anúncio publicitário em site da internet. Sentença que julgou procedentes os pedidos. Preliminar arguida pela ré apelante de incompetência do Juízo. ADMISSIBILIDADE. Ação ajuizada no foro da empresa autora (Piracicaba). Foro de eleição que determina a competência da Comarca da Capital para dirimir os conflitos. Sentença anulada. 

RECURSO PROVIDO.  (TJSP;  Apelação Cível 1022965-91.2022.8.26.0451; Relator (a): Israel Góes dos Anjos; Órgão Julgador: 18ª Câmara de Direito Privado; Foro de Piracicaba - 4ª Vara Cível; Data do Julgamento: 17/11/2023; Data de Registro: 17/11/2023)",FALSE,TRUE,FALSE,FALSE,FALSE,"RI007LHRN0000",2023-11-17,"RI007LHRN0000",2023-11-17,"RI007LHRN0000",2023-11-17,"RI00955PZ0000",2026-03-09,"Deram provimento em parte ao recurso. V. U.","autora","parcial","consumidor_venceu"
"10229659120228260451","17356320","Apelação Cível","Duplicata","Israel Góes dos Anjos","Piracicaba","18ª Câmara de Direito Privado",2023-11-17,2023-11-17,"AÇÃO DECLARATÓRIA DE INEXIGIBILIDADE DE DÉBITO C.C INDENIZATÓRIA –  Prestação de serviços. Anúncio publicitário em site da internet. Sentença que julgou procedentes os pedidos. Preliminar arguida pela ré apelante de incompetência do Juízo. ADMISSIBILIDADE. Ação ajuizada no foro da empresa autora (Piracicaba). Foro de eleição que determina a competência da Comarca da Capital para dirimir os conflitos. Sentença anulada. 

RECURSO PROVIDO.  (TJSP;  Apelação Cível 1022965-91.2022.8.26.0451; Relator (a): Israel Góes dos Anjos; Órgão Julgador: 18ª Câmara de Direito Privado; Foro de Piracicaba - 4ª Vara Cível; Data do Julgamento: 17/11/2023; Data de Registro: 17/11/2023)",FALSE,TRUE,FALSE,FALSE,FALSE,"RI007LHRN0000",2023-11-17,"RI007LHRN0000",2023-11-17,"RI00955PZ0000",2026-03-09,"RI007LHRN0000",2023-11-17,"Deram provimento ao recurso. V. U.","autora","provido","indefinido"
"10229659120228260451","17356320","Apelação Cível","Duplicata","Israel Góes dos Anjos","Piracicaba","18ª Câmara de Direito Privado",2023-11-17,2023-11-17,"AÇÃO DECLARATÓRIA DE INEXIGIBILIDADE DE DÉBITO C.C INDENIZATÓRIA –  Prestação de serviços. Anúncio publicitário em site da internet. Sentença que julgou procedentes os pedidos. Preliminar arguida pela ré apelante de incompetência do Juízo. ADMISSIBILIDADE. Ação ajuizada no foro da empresa autora (Piracicaba). Foro de eleição que determina a competência da Comarca da Capital para dirimir os conflitos. Sentença anulada. 

RECURSO PROVIDO.  (TJSP;  Apelação Cível 1022965-91.2022.8.26.0451; Relator (a): Israel Góes dos Anjos; Órgão Julgador: 18ª Câmara de Direito Privado; Foro de Piracicaba - 4ª Vara Cível; Data do Julgamento: 17/11/2023; Data de Registro: 17/11/2023)",FALSE,TRUE,FALSE,FALSE,FALSE,"RI007LHRN0000",2023-11-17,"RI007LHRN0000",2023-11-17,"RI00955PZ0000",2026-03-09,"RI00955PZ0000",2026-03-09,"Deram provimento em parte ao recurso. V. U.","autora","parcial","consumidor_venceu"
"10229659120228260451","17356320","Apelação Cível","Duplicata","Israel Góes dos Anjos","Piracicaba","18ª Câmara de Direito Privado",2023-11-17,2023-11-17,"AÇÃO DECLARATÓRIA DE INEXIGIBILIDADE DE DÉBITO C.C INDENIZATÓRIA –  Prestação de serviços. Anúncio publicitário em site da internet. Sentença que julgou procedentes os pedidos. Preliminar arguida pela ré apelante de incompetência do Juízo. ADMISSIBILIDADE. Ação ajuizada no foro da empresa autora (Piracicaba). Foro de eleição que determina a competência da Comarca da Capital para dirimir os conflitos. Sentença anulada. 

RECURSO PROVIDO.  (TJSP;  Apelação Cível 1022965-91.2022.8.26.0451; Relator (a): Israel Góes dos Anjos; Órgão Julgador: 18ª Câmara de Direito Privado; Foro de Piracicaba - 4ª Vara Cível; Data do Julgamento: 17/11/2023; Data de Registro: 17/11/2023)",FALSE,TRUE,FALSE,FALSE,FALSE,"RI007LHRN0000",2023-11-17,"RI00955PZ0000",2026-03-09,"RI007LHRN0000",2023-11-17,"RI007LHRN0000",2023-11-17,"Deram provimento ao recurso. V. U.","autora","provido","indefinido"
"10229659120228260451","17356320","Apelação Cível","Duplicata","Israel Góes dos Anjos","Piracicaba","18ª Câmara de Direito Privado",2023-11-17,2023-11-17,"AÇÃO DECLARATÓRIA DE INEXIGIBILIDADE DE DÉBITO C.C INDENIZATÓRIA –  Prestação de serviços. Anúncio publicitário em site da internet. Sentença que julgou procedentes os pedidos. Preliminar arguida pela ré apelante de incompetência do Juízo. ADMISSIBILIDADE. Ação ajuizada no foro da empresa autora (Piracicaba). Foro de eleição que determina a competência da Comarca da Capital para dirimir os conflitos. Sentença anulada. 

RECURSO PROVIDO.  (TJSP;  Apelação Cível 1022965-91.2022.8.26.0451; Relator (a): Israel Góes dos Anjos; Órgão Julgador: 18ª Câmara de Direito Privado; Foro de Piracicaba - 4ª Vara Cível; Data do Julgamento: 17/11/2023; Data de Registro: 17/11/2023)",FALSE,TRUE,FALSE,FALSE,FALSE,"RI007LHRN0000",2023-11-17,"RI00955PZ0000",2026-03-09,"RI007LHRN0000",2023-11-17,"RI00955PZ0000",2026-03-09,"Deram provimento em parte ao recurso. V. U.","autora","parcial","consumidor_venceu"
"10229659120228260451","17356320","Apelação Cível","Duplicata","Israel Góes dos Anjos","Piracicaba","18ª Câmara de Direito Privado",2023-11-17,2023-11-17,"AÇÃO DECLARATÓRIA DE INEXIGIBILIDADE DE DÉBITO C.C INDENIZATÓRIA –  Prestação de serviços. Anúncio publicitário em site da internet. Sentença que julgou procedentes os pedidos. Preliminar arguida pela ré apelante de incompetência do Juízo. ADMISSIBILIDADE. Ação ajuizada no foro da empresa autora (Piracicaba). Foro de eleição que determina a competência da Comarca da Capital para dirimir os conflitos. Sentença anulada. 

RECURSO PROVIDO.  (TJSP;  Apelação Cível 1022965-91.2022.8.26.0451; Relator (a): Israel Góes dos Anjos; Órgão Julgador: 18ª Câmara de Direito Privado; Foro de Piracicaba - 4ª Vara Cível; Data do Julgamento: 17/11/2023; Data de Registro: 17/11/2023)",FALSE,TRUE,FALSE,FALSE,FALSE,"RI007LHRN0000",2023-11-17,"RI00955PZ0000",2026-03-09,"RI00955PZ0000",2026-03-09,"RI007LHRN0000",2023-11-17,"Deram provimento ao recurso. V. U.","autora","provido","indefinido"
"10229659120228260451","17356320","Apelação Cível","Duplicata","Israel Góes dos Anjos","Piracicaba","18ª Câmara de Direito Privado",2023-11-17,2023-11-17,"AÇÃO DECLARATÓRIA DE INEXIGIBILIDADE DE DÉBITO C.C INDENIZATÓRIA –  Prestação de serviços. Anúncio publicitário em site da internet. Sentença que julgou procedentes os pedidos. Preliminar arguida pela ré apelante de incompetência do Juízo. ADMISSIBILIDADE. Ação ajuizada no foro da empresa autora (Piracicaba). Foro de eleição que determina a competência da Comarca da Capital para dirimir os conflitos. Sentença anulada. 

RECURSO PROVIDO.  (TJSP;  Apelação Cível 1022965-91.2022.8.26.0451; Relator (a): Israel Góes dos Anjos; Órgão Julgador: 18ª Câmara de Direito Privado; Foro de Piracicaba - 4ª Vara Cível; Data do Julgamento: 17/11/2023; Data de Registro: 17/11/2023)",FALSE,TRUE,FALSE,FALSE,FALSE,"RI007LHRN0000",2023-11-17,"RI00955PZ0000",2026-03-09,"RI00955PZ0000",2026-03-09,"RI00955PZ0000",2026-03-09,"Deram provimento em parte ao recurso. V. U.","autora","parcial","consumidor_venceu"
"10229659120228260451","17356320","Apelação Cível","Duplicata","Israel Góes dos Anjos","Piracicaba","18ª Câmara de Direito Privado",2023-11-17,2023-11-17,"AÇÃO DECLARATÓRIA DE INEXIGIBILIDADE DE DÉBITO C.C INDENIZATÓRIA –  Prestação de serviços. Anúncio publicitário em site da internet. Sentença que julgou procedentes os pedidos. Preliminar arguida pela ré apelante de incompetência do Juízo. ADMISSIBILIDADE. Ação ajuizada no foro da empresa autora (Piracicaba). Foro de eleição que determina a competência da Comarca da Capital para dirimir os conflitos. Sentença anulada. 

RECURSO PROVIDO.  (TJSP;  Apelação Cível 1022965-91.2022.8.26.0451; Relator (a): Israel Góes dos Anjos; Órgão Julgador: 18ª Câmara de Direito Privado; Foro de Piracicaba - 4ª Vara Cível; Data do Julgamento: 17/11/2023; Data de Registro: 17/11/2023)",FALSE,TRUE,FALSE,FALSE,FALSE,"RI00955PZ0000",2026-03-09,"RI007LHRN0000",2023-11-17,"RI007LHRN0000",2023-11-17,"RI007LHRN0000",2023-11-17,"Deram provimento ao recurso. V. U.","autora","provido","indefinido"
"10229659120228260451","17356320","Apelação Cível","Duplicata","Israel Góes dos Anjos","Piracicaba","18ª Câmara de Direito Privado",2023-11-17,2023-11-17,"AÇÃO DECLARATÓRIA DE INEXIGIBILIDADE DE DÉBITO C.C INDENIZATÓRIA –  Prestação de serviços. Anúncio publicitário em site da internet. Sentença que julgou procedentes os pedidos. Preliminar arguida pela ré apelante de incompetência do Juízo. ADMISSIBILIDADE. Ação ajuizada no foro da empresa autora (Piracicaba). Foro de eleição que determina a competência da Comarca da Capital para dirimir os conflitos. Sentença anulada. 

RECURSO PROVIDO.  (TJSP;  Apelação Cível 1022965-91.2022.8.26.0451; Relator (a): Israel Góes dos Anjos; Órgão Julgador: 18ª Câmara de Direito Privado; Foro de Piracicaba - 4ª Vara Cível; Data do Julgamento: 17/11/2023; Data de Registro: 17/11/2023)",FALSE,TRUE,FALSE,FALSE,FALSE,"RI00955PZ0000",2026-03-09,"RI007LHRN0000",2023-11-17,"RI007LHRN0000",2023-11-17,"RI00955PZ0000",2026-03-09,"Deram provimento em parte ao recurso. V. U.","autora","parcial","consumidor_venceu"
"10229659120228260451","17356320","Apelação Cível","Duplicata","Israel Góes dos Anjos","Piracicaba","18ª Câmara de Direito Privado",2023-11-17,2023-11-17,"AÇÃO DECLARATÓRIA DE INEXIGIBILIDADE DE DÉBITO C.C INDENIZATÓRIA –  Prestação de serviços. Anúncio publicitário em site da internet. Sentença que julgou procedentes os pedidos. Preliminar arguida pela ré apelante de incompetência do Juízo. ADMISSIBILIDADE. Ação ajuizada no foro da empresa autora (Piracicaba). Foro de eleição que determina a competência da Comarca da Capital para dirimir os conflitos. Sentença anulada. 

RECURSO PROVIDO.  (TJSP;  Apelação Cível 1022965-91.2022.8.26.0451; Relator (a): Israel Góes dos Anjos; Órgão Julgador: 18ª Câmara de Direito Privado; Foro de Piracicaba - 4ª Vara Cível; Data do Julgamento: 17/11/2023; Data de Registro: 17/11/2023)",FALSE,TRUE,FALSE,FALSE,FALSE,"RI00955PZ0000",2026-03-09,"RI007LHRN0000",2023-11-17,"RI00955PZ0000",2026-03-09,"RI007LHRN0000",2023-11-17,"Deram provimento ao recurso. V. U.","autora","provido","indefinido"
"10229659120228260451","17356320","Apelação Cível","Duplicata","Israel Góes dos Anjos","Piracicaba","18ª Câmara de Direito Privado",2023-11-17,2023-11-17,"AÇÃO DECLARATÓRIA DE INEXIGIBILIDADE DE DÉBITO C.C INDENIZATÓRIA –  Prestação de serviços. Anúncio publicitário em site da internet. Sentença que julgou procedentes os pedidos. Preliminar arguida pela ré apelante de incompetência do Juízo. ADMISSIBILIDADE. Ação ajuizada no foro da empresa autora (Piracicaba). Foro de eleição que determina a competência da Comarca da Capital para dirimir os conflitos. Sentença anulada. 

RECURSO PROVIDO.  (TJSP;  Apelação Cível 1022965-91.2022.8.26.0451; Relator (a): Israel Góes dos Anjos; Órgão Julgador: 18ª Câmara de Direito Privado; Foro de Piracicaba - 4ª Vara Cível; Data do Julgamento: 17/11/2023; Data de Registro: 17/11/2023)",FALSE,TRUE,FALSE,FALSE,FALSE,"RI00955PZ0000",2026-03-09,"RI007LHRN0000",2023-11-17,"RI00955PZ0000",2026-03-09,"RI00955PZ0000",2026-03-09,"Deram provimento em parte ao recurso. V. U.","autora","parcial","consumidor_venceu"
"10229659120228260451","17356320","Apelação Cível","Duplicata","Israel Góes dos Anjos","Piracicaba","18ª Câmara de Direito Privado",2023-11-17,2023-11-17,"AÇÃO DECLARATÓRIA DE INEXIGIBILIDADE DE DÉBITO C.C INDENIZATÓRIA –  Prestação de serviços. Anúncio publicitário em site da internet. Sentença que julgou procedentes os pedidos. Preliminar arguida pela ré apelante de incompetência do Juízo. ADMISSIBILIDADE. Ação ajuizada no foro da empresa autora (Piracicaba). Foro de eleição que determina a competência da Comarca da Capital para dirimir os conflitos. Sentença anulada. 

RECURSO PROVIDO.  (TJSP;  Apelação Cível 1022965-91.2022.8.26.0451; Relator (a): Israel Góes dos Anjos; Órgão Julgador: 18ª Câmara de Direito Privado; Foro de Piracicaba - 4ª Vara Cível; Data do Julgamento: 17/11/2023; Data de Registro: 17/11/2023)",FALSE,TRUE,FALSE,FALSE,FALSE,"RI00955PZ0000",2026-03-09,"RI00955PZ0000",2026-03-09,"RI007LHRN0000",2023-11-17,"RI007LHRN0000",2023-11-17,"Deram provimento ao recurso. V. U.","autora","provido","indefinido"
"10229659120228260451","17356320","Apelação Cível","Duplicata","Israel Góes dos Anjos","Piracicaba","18ª Câmara de Direito Privado",2023-11-17,2023-11-17,"AÇÃO DECLARATÓRIA DE INEXIGIBILIDADE DE DÉBITO C.C INDENIZATÓRIA –  Prestação de serviços. Anúncio publicitário em site da internet. Sentença que julgou procedentes os pedidos. Preliminar arguida pela ré apelante de incompetência do Juízo. ADMISSIBILIDADE. Ação ajuizada no foro da empresa autora (Piracicaba). Foro de eleição que determina a competência da Comarca da Capital para dirimir os conflitos. Sentença anulada. 

RECURSO PROVIDO.  (TJSP;  Apelação Cível 1022965-91.2022.8.26.0451; Relator (a): Israel Góes dos Anjos; Órgão Julgador: 18ª Câmara de Direito Privado; Foro de Piracicaba - 4ª Vara Cível; Data do Julgamento: 17/11/2023; Data de Registro: 17/11/2023)",FALSE,TRUE,FALSE,FALSE,FALSE,"RI00955PZ0000",2026-03-09,"RI00955PZ0000",2026-03-09,"RI007LHRN0000",2023-11-17,"RI00955PZ0000",2026-03-09,"Deram provimento em parte ao recurso. V. U.","autora","parcial","consumidor_venceu"
"10229659120228260451","17356320","Apelação Cível","Duplicata","Israel Góes dos Anjos","Piracicaba","18ª Câmara de Direito Privado",2023-11-17,2023-11-17,"AÇÃO DECLARATÓRIA DE INEXIGIBILIDADE DE DÉBITO C.C INDENIZATÓRIA –  Prestação de serviços. Anúncio publicitário em site da internet. Sentença que julgou procedentes os pedidos. Preliminar arguida pela ré apelante de incompetência do Juízo. ADMISSIBILIDADE. Ação ajuizada no foro da empresa autora (Piracicaba). Foro de eleição que determina a competência da Comarca da Capital para dirimir os conflitos. Sentença anulada. 

RECURSO PROVIDO.  (TJSP;  Apelação Cível 1022965-91.2022.8.26.0451; Relator (a): Israel Góes dos Anjos; Órgão Julgador: 18ª Câmara de Direito Privado; Foro de Piracicaba - 4ª Vara Cível; Data do Julgamento: 17/11/2023; Data de Registro: 17/11/2023)",FALSE,TRUE,FALSE,FALSE,FALSE,"RI00955PZ0000",2026-03-09,"RI00955PZ0000",2026-03-09,"RI00955PZ0000",2026-03-09,"RI007LHRN0000",2023-11-17,"Deram provimento ao recurso. V. U.","autora","provido","indefinido"
"10229659120228260451","17356320","Apelação Cível","Duplicata","Israel Góes dos Anjos","Piracicaba","18ª Câmara de Direito Privado",2023-11-17,2023-11-17,"AÇÃO DECLARATÓRIA DE INEXIGIBILIDADE DE DÉBITO C.C INDENIZATÓRIA –  Prestação de serviços. Anúncio publicitário em site da internet. Sentença que julgou procedentes os pedidos. Preliminar arguida pela ré apelante de incompetência do Juízo. ADMISSIBILIDADE. Ação ajuizada no foro da empresa autora (Piracicaba). Foro de eleição que determina a competência da Comarca da Capital para dirimir os conflitos. Sentença anulada. 

RECURSO PROVIDO.  (TJSP;  Apelação Cível 1022965-91.2022.8.26.0451; Relator (a): Israel Góes dos Anjos; Órgão Julgador: 18ª Câmara de Direito Privado; Foro de Piracicaba - 4ª Vara Cível; Data do Julgamento: 17/11/2023; Data de Registro: 17/11/2023)",FALSE,TRUE,FALSE,FALSE,FALSE,"RI00955PZ0000",2026-03-09,"RI00955PZ0000",2026-03-09,"RI00955PZ0000",2026-03-09,"RI00955PZ0000",2026-03-09,"Deram provimento em parte ao recurso. V. U.","autora","parcial","consumidor_venceu"
"10261663520228260114","17086532","Apelação Cível","Prestação de Serviços","Carlos Henrique Miguel Trevisan","Campinas","29ª Câmara de Direito Privado",2023-08-24,2023-08-25,"PRESTAÇÃO DE SERVIÇOS - Publicidade em lista telefônica - Ação de rescisão contratual cumulada com indenização por danos morais - Sentença de procedência - Apelo da ré - Preliminares rejeitadas - Invalidade do contrato não comprovada - Aplicação da teoria da aparência - Empregado que se apresentou como gerente de marketing da empresa contratante - Serviço prestado - Valor devido - Ação improcedente - Apelação provida  (TJSP;  Apelação Cível 1026166-35.2022.8.26.0114; Relator (a): Carlos Henrique Miguel Trevisan; Órgão Julgador: 29ª Câmara de Direito Privado; Foro de Campinas - 4ª Vara Cível; Data do Julgamento: 24/08/2023; Data de Registro: 25/08/2023)",FALSE,TRUE,FALSE,FALSE,FALSE,"RI007I5K30000",2023-08-24,"RI007I5K30000",2023-08-24,"RI007I5K30000",2023-08-24,"RI007I5K30000",2023-08-24,"Em julgamento originário, por maioria de votos, deram provimento ao recurso, vencido o 2° Juiz que a ele negava provimento. Em julgamento ampliado, o 4° e o 5° Juízes acompanharam o relator. Declarará voto o 2° Juiz.","autora","duvida","indefinido"
"20518289820238260000","16803010","Agravo Interno Cível","Prestação de Serviços","Sergio Alfieri","São Paulo","27ª Câmara de Direito Privado",2023-05-30,2023-05-30,"AGRAVO INTERNO - Decisão que indeferiu o efeito suspensivo ao recurso de agravo de instrumento – Mérito do recurso de agravo de instrumento julgado – RECURSO PREJUDICADO.   (TJSP;  Agravo Interno Cível 2051828-98.2023.8.26.0000; Relator (a): Sergio Alfieri; Órgão Julgador: 27ª Câmara de Direito Privado; Foro Central Cível - 32ª Vara Cível; Data do Julgamento: 30/05/2023; Data de Registro: 30/05/2023)",FALSE,FALSE,FALSE,FALSE,FALSE,"RI007CYQY0000",2023-05-30,"RI007CYQY0000",2023-05-30,"RI007CYQY0000",2023-05-30,"RI007CYQY0000",2023-05-30,"Negaram provimento ao recurso. V. U.","re","improvido","indefinido"
"20518289820238260000","16803010","Agravo Interno Cível","Prestação de Serviços","Sergio Alfieri","São Paulo","27ª Câmara de Direito Privado",2023-05-30,2023-05-30,"AGRAVO INTERNO - Decisão que indeferiu o efeito suspensivo ao recurso de agravo de instrumento – Mérito do recurso de agravo de instrumento julgado – RECURSO PREJUDICADO.   (TJSP;  Agravo Interno Cível 2051828-98.2023.8.26.0000; Relator (a): Sergio Alfieri; Órgão Julgador: 27ª Câmara de Direito Privado; Foro Central Cível - 32ª Vara Cível; Data do Julgamento: 30/05/2023; Data de Registro: 30/05/2023)",FALSE,FALSE,FALSE,FALSE,FALSE,"RI007CYQY0000",2023-05-30,"RI007CYQY0000",2023-05-30,"RI007CYQY0000",2023-05-30,"RI007CYQY12KW",2023-05-30,"Julgaram prejudicado o recurso. V. U.","re","prejudicado/extinto","indefinido"
"20518289820238260000","16803010","Agravo Interno Cível","Prestação de Serviços","Sergio Alfieri","São Paulo","27ª Câmara de Direito Privado",2023-05-30,2023-05-30,"AGRAVO INTERNO - Decisão que indeferiu o efeito suspensivo ao recurso de agravo de instrumento – Mérito do recurso de agravo de instrumento julgado – RECURSO PREJUDICADO.   (TJSP;  Agravo Interno Cível 2051828-98.2023.8.26.0000; Relator (a): Sergio Alfieri; Órgão Julgador: 27ª Câmara de Direito Privado; Foro Central Cível - 32ª Vara Cível; Data do Julgamento: 30/05/2023; Data de Registro: 30/05/2023)",FALSE,FALSE,FALSE,FALSE,FALSE,"RI007CYQY0000",2023-05-30,"RI007CYQY0000",2023-05-30,"RI007CYQY12KW",2023-05-30,"RI007CYQY0000",2023-05-30,"Negaram provimento ao recurso. V. U.","re","improvido","indefinido"
"20518289820238260000","16803010","Agravo Interno Cível","Prestação de Serviços","Sergio Alfieri","São Paulo","27ª Câmara de Direito Privado",2023-05-30,2023-05-30,"AGRAVO INTERNO - Decisão que indeferiu o efeito suspensivo ao recurso de agravo de instrumento – Mérito do recurso de agravo de instrumento julgado – RECURSO PREJUDICADO.   (TJSP;  Agravo Interno Cível 2051828-98.2023.8.26.0000; Relator (a): Sergio Alfieri; Órgão Julgador: 27ª Câmara de Direito Privado; Foro Central Cível - 32ª Vara Cível; Data do Julgamento: 30/05/2023; Data de Registro: 30/05/2023)",FALSE,FALSE,FALSE,FALSE,FALSE,"RI007CYQY0000",2023-05-30,"RI007CYQY0000",2023-05-30,"RI007CYQY12KW",2023-05-30,"RI007CYQY12KW",2023-05-30,"Julgaram prejudicado o recurso. V. U.","re","prejudicado/extinto","indefinido"
"20518289820238260000","16803010","Agravo Interno Cível","Prestação de Serviços","Sergio Alfieri","São Paulo","27ª Câmara de Direito Privado",2023-05-30,2023-05-30,"AGRAVO INTERNO - Decisão que indeferiu o efeito suspensivo ao recurso de agravo de instrumento – Mérito do recurso de agravo de instrumento julgado – RECURSO PREJUDICADO.   (TJSP;  Agravo Interno Cível 2051828-98.2023.8.26.0000; Relator (a): Sergio Alfieri; Órgão Julgador: 27ª Câmara de Direito Privado; Foro Central Cível - 32ª Vara Cível; Data do Julgamento: 30/05/2023; Data de Registro: 30/05/2023)",FALSE,FALSE,FALSE,FALSE,FALSE,"RI007CYQY0000",2023-05-30,"RI007CYQY12KW",2023-05-30,"RI007CYQY0000",2023-05-30,"RI007CYQY0000",2023-05-30,"Negaram provimento ao recurso. V. U.","re","improvido","indefinido"
"20518289820238260000","16803010","Agravo Interno Cível","Prestação de Serviços","Sergio Alfieri","São Paulo","27ª Câmara de Direito Privado",2023-05-30,2023-05-30,"AGRAVO INTERNO - Decisão que indeferiu o efeito suspensivo ao recurso de agravo de instrumento – Mérito do recurso de agravo de instrumento julgado – RECURSO PREJUDICADO.   (TJSP;  Agravo Interno Cível 2051828-98.2023.8.26.0000; Relator (a): Sergio Alfieri; Órgão Julgador: 27ª Câmara de Direito Privado; Foro Central Cível - 32ª Vara Cível; Data do Julgamento: 30/05/2023; Data de Registro: 30/05/2023)",FALSE,FALSE,FALSE,FALSE,FALSE,"RI007CYQY0000",2023-05-30,"RI007CYQY12KW",2023-05-30,"RI007CYQY0000",2023-05-30,"RI007CYQY12KW",2023-05-30,"Julgaram prejudicado o recurso. V. U.","re","prejudicado/extinto","indefinido"
"20518289820238260000","16803010","Agravo Interno Cível","Prestação de Serviços","Sergio Alfieri","São Paulo","27ª Câmara de Direito Privado",2023-05-30,2023-05-30,"AGRAVO INTERNO - Decisão que indeferiu o efeito suspensivo ao recurso de agravo de instrumento – Mérito do recurso de agravo de instrumento julgado – RECURSO PREJUDICADO.   (TJSP;  Agravo Interno Cível 2051828-98.2023.8.26.0000; Relator (a): Sergio Alfieri; Órgão Julgador: 27ª Câmara de Direito Privado; Foro Central Cível - 32ª Vara Cível; Data do Julgamento: 30/05/2023; Data de Registro: 30/05/2023)",FALSE,FALSE,FALSE,FALSE,FALSE,"RI007CYQY0000",2023-05-30,"RI007CYQY12KW",2023-05-30,"RI007CYQY12KW",2023-05-30,"RI007CYQY0000",2023-05-30,"Negaram provimento ao recurso. V. U.","re","improvido","indefinido"
"20518289820238260000","16803010","Agravo Interno Cível","Prestação de Serviços","Sergio Alfieri","São Paulo","27ª Câmara de Direito Privado",2023-05-30,2023-05-30,"AGRAVO INTERNO - Decisão que indeferiu o efeito suspensivo ao recurso de agravo de instrumento – Mérito do recurso de agravo de instrumento julgado – RECURSO PREJUDICADO.   (TJSP;  Agravo Interno Cível 2051828-98.2023.8.26.0000; Relator (a): Sergio Alfieri; Órgão Julgador: 27ª Câmara de Direito Privado; Foro Central Cível - 32ª Vara Cível; Data do Julgamento: 30/05/2023; Data de Registro: 30/05/2023)",FALSE,FALSE,FALSE,FALSE,FALSE,"RI007CYQY0000",2023-05-30,"RI007CYQY12KW",2023-05-30,"RI007CYQY12KW",2023-05-30,"RI007CYQY12KW",2023-05-30,"Julgaram prejudicado o recurso. V. U.","re","prejudicado/extinto","indefinido"
"20518289820238260000","16803010","Agravo Interno Cível","Prestação de Serviços","Sergio Alfieri","São Paulo","27ª Câmara de Direito Privado",2023-05-30,2023-05-30,"AGRAVO INTERNO - Decisão que indeferiu o efeito suspensivo ao recurso de agravo de instrumento – Mérito do recurso de agravo de instrumento julgado – RECURSO PREJUDICADO.   (TJSP;  Agravo Interno Cível 2051828-98.2023.8.26.0000; Relator (a): Sergio Alfieri; Órgão Julgador: 27ª Câmara de Direito Privado; Foro Central Cível - 32ª Vara Cível; Data do Julgamento: 30/05/2023; Data de Registro: 30/05/2023)",FALSE,FALSE,FALSE,FALSE,FALSE,"RI007CYQY12KW",2023-05-30,"RI007CYQY0000",2023-05-30,"RI007CYQY0000",2023-05-30,"RI007CYQY0000",2023-05-30,"Negaram provimento ao recurso. V. U.","re","improvido","indefinido"
"20518289820238260000","16803010","Agravo Interno Cível","Prestação de Serviços","Sergio Alfieri","São Paulo","27ª Câmara de Direito Privado",2023-05-30,2023-05-30,"AGRAVO INTERNO - Decisão que indeferiu o efeito suspensivo ao recurso de agravo de instrumento – Mérito do recurso de agravo de instrumento julgado – RECURSO PREJUDICADO.   (TJSP;  Agravo Interno Cível 2051828-98.2023.8.26.0000; Relator (a): Sergio Alfieri; Órgão Julgador: 27ª Câmara de Direito Privado; Foro Central Cível - 32ª Vara Cível; Data do Julgamento: 30/05/2023; Data de Registro: 30/05/2023)",FALSE,FALSE,FALSE,FALSE,FALSE,"RI007CYQY12KW",2023-05-30,"RI007CYQY0000",2023-05-30,"RI007CYQY0000",2023-05-30,"RI007CYQY12KW",2023-05-30,"Julgaram prejudicado o recurso. V. U.","re","prejudicado/extinto","indefinido"
"20518289820238260000","16803010","Agravo Interno Cível","Prestação de Serviços","Sergio Alfieri","São Paulo","27ª Câmara de Direito Privado",2023-05-30,2023-05-30,"AGRAVO INTERNO - Decisão que indeferiu o efeito suspensivo ao recurso de agravo de instrumento – Mérito do recurso de agravo de instrumento julgado – RECURSO PREJUDICADO.   (TJSP;  Agravo Interno Cível 2051828-98.2023.8.26.0000; Relator (a): Sergio Alfieri; Órgão Julgador: 27ª Câmara de Direito Privado; Foro Central Cível - 32ª Vara Cível; Data do Julgamento: 30/05/2023; Data de Registro: 30/05/2023)",FALSE,FALSE,FALSE,FALSE,FALSE,"RI007CYQY12KW",2023-05-30,"RI007CYQY0000",2023-05-30,"RI007CYQY12KW",2023-05-30,"RI007CYQY0000",2023-05-30,"Negaram provimento ao recurso. V. U.","re","improvido","indefinido"
"20518289820238260000","16803010","Agravo Interno Cível","Prestação de Serviços","Sergio Alfieri","São Paulo","27ª Câmara de Direito Privado",2023-05-30,2023-05-30,"AGRAVO INTERNO - Decisão que indeferiu o efeito suspensivo ao recurso de agravo de instrumento – Mérito do recurso de agravo de instrumento julgado – RECURSO PREJUDICADO.   (TJSP;  Agravo Interno Cível 2051828-98.2023.8.26.0000; Relator (a): Sergio Alfieri; Órgão Julgador: 27ª Câmara de Direito Privado; Foro Central Cível - 32ª Vara Cível; Data do Julgamento: 30/05/2023; Data de Registro: 30/05/2023)",FALSE,FALSE,FALSE,FALSE,FALSE,"RI007CYQY12KW",2023-05-30,"RI007CYQY0000",2023-05-30,"RI007CYQY12KW",2023-05-30,"RI007CYQY12KW",2023-05-30,"Julgaram prejudicado o recurso. V. U.","re","prejudicado/extinto","indefinido"
"20518289820238260000","16803010","Agravo Interno Cível","Prestação de Serviços","Sergio Alfieri","São Paulo","27ª Câmara de Direito Privado",2023-05-30,2023-05-30,"AGRAVO INTERNO - Decisão que indeferiu o efeito suspensivo ao recurso de agravo de instrumento – Mérito do recurso de agravo de instrumento julgado – RECURSO PREJUDICADO.   (TJSP;  Agravo Interno Cível 2051828-98.2023.8.26.0000; Relator (a): Sergio Alfieri; Órgão Julgador: 27ª Câmara de Direito Privado; Foro Central Cível - 32ª Vara Cível; Data do Julgamento: 30/05/2023; Data de Registro: 30/05/2023)",FALSE,FALSE,FALSE,FALSE,FALSE,"RI007CYQY12KW",2023-05-30,"RI007CYQY12KW",2023-05-30,"RI007CYQY0000",2023-05-30,"RI007CYQY0000",2023-05-30,"Negaram provimento ao recurso. V. U.","re","improvido","indefinido"
"20518289820238260000","16803010","Agravo Interno Cível","Prestação de Serviços","Sergio Alfieri","São Paulo","27ª Câmara de Direito Privado",2023-05-30,2023-05-30,"AGRAVO INTERNO - Decisão que indeferiu o efeito suspensivo ao recurso de agravo de instrumento – Mérito do recurso de agravo de instrumento julgado – RECURSO PREJUDICADO.   (TJSP;  Agravo Interno Cível 2051828-98.2023.8.26.0000; Relator (a): Sergio Alfieri; Órgão Julgador: 27ª Câmara de Direito Privado; Foro Central Cível - 32ª Vara Cível; Data do Julgamento: 30/05/2023; Data de Registro: 30/05/2023)",FALSE,FALSE,FALSE,FALSE,FALSE,"RI007CYQY12KW",2023-05-30,"RI007CYQY12KW",2023-05-30,"RI007CYQY0000",2023-05-30,"RI007CYQY12KW",2023-05-30,"Julgaram prejudicado o recurso. V. U.","re","prejudicado/extinto","indefinido"
"20518289820238260000","16803010","Agravo Interno Cível","Prestação de Serviços","Sergio Alfieri","São Paulo","27ª Câmara de Direito Privado",2023-05-30,2023-05-30,"AGRAVO INTERNO - Decisão que indeferiu o efeito suspensivo ao recurso de agravo de instrumento – Mérito do recurso de agravo de instrumento julgado – RECURSO PREJUDICADO.   (TJSP;  Agravo Interno Cível 2051828-98.2023.8.26.0000; Relator (a): Sergio Alfieri; Órgão Julgador: 27ª Câmara de Direito Privado; Foro Central Cível - 32ª Vara Cível; Data do Julgamento: 30/05/2023; Data de Registro: 30/05/2023)",FALSE,FALSE,FALSE,FALSE,FALSE,"RI007CYQY12KW",2023-05-30,"RI007CYQY12KW",2023-05-30,"RI007CYQY12KW",2023-05-30,"RI007CYQY0000",2023-05-30,"Negaram provimento ao recurso. V. U.","re","improvido","indefinido"
"20518289820238260000","16803010","Agravo Interno Cível","Prestação de Serviços","Sergio Alfieri","São Paulo","27ª Câmara de Direito Privado",2023-05-30,2023-05-30,"AGRAVO INTERNO - Decisão que indeferiu o efeito suspensivo ao recurso de agravo de instrumento – Mérito do recurso de agravo de instrumento julgado – RECURSO PREJUDICADO.   (TJSP;  Agravo Interno Cível 2051828-98.2023.8.26.0000; Relator (a): Sergio Alfieri; Órgão Julgador: 27ª Câmara de Direito Privado; Foro Central Cível - 32ª Vara Cível; Data do Julgamento: 30/05/2023; Data de Registro: 30/05/2023)",FALSE,FALSE,FALSE,FALSE,FALSE,"RI007CYQY12KW",2023-05-30,"RI007CYQY12KW",2023-05-30,"RI007CYQY12KW",2023-05-30,"RI007CYQY12KW",2023-05-30,"Julgaram prejudicado o recurso. V. U.","re","prejudicado/extinto","indefinido"
"20518289820238260000","16802382","Agravo de Instrumento","Prestação de Serviços","Sergio Alfieri","São Paulo","27ª Câmara de Direito Privado",2023-05-30,2023-05-30,"AGRAVO DE INSTRUMENTO – Ação de nulidade contratual - Insurgência contra a decisão que indeferiu o pedido de tutela de urgência requerida para suspender a cobrança de valores referentes ao contrato cuja nulidade pretende a autora seja reconhecida, bem como para obstar a negativação - Medida que deve ser deferida somente se presentes, concomitantemente, os pressupostos indispensáveis previstos no caput do artigo 300, do Código de Processo Civil, o que não se verifica no caso em comento – Situação fática que demanda maior elucidação – Decisão mantida – RECURSO DESPROVIDO.   (TJSP;  Agravo de Instrumento 2051828-98.2023.8.26.0000; Relator (a): Sergio Alfieri; Órgão Julgador: 27ª Câmara de Direito Privado; Foro Central Cível - 32ª Vara Cível; Data do Julgamento: 30/05/2023; Data de Registro: 30/05/2023)",FALSE,FALSE,FALSE,FALSE,FALSE,"RI007CYQY0000",2023-05-30,"RI007CYQY0000",2023-05-30,"RI007CYQY0000",2023-05-30,"RI007CYQY0000",2023-05-30,"Negaram provimento ao recurso. V. U.","re","improvido","indefinido"
"20518289820238260000","16802382","Agravo de Instrumento","Prestação de Serviços","Sergio Alfieri","São Paulo","27ª Câmara de Direito Privado",2023-05-30,2023-05-30,"AGRAVO DE INSTRUMENTO – Ação de nulidade contratual - Insurgência contra a decisão que indeferiu o pedido de tutela de urgência requerida para suspender a cobrança de valores referentes ao contrato cuja nulidade pretende a autora seja reconhecida, bem como para obstar a negativação - Medida que deve ser deferida somente se presentes, concomitantemente, os pressupostos indispensáveis previstos no caput do artigo 300, do Código de Processo Civil, o que não se verifica no caso em comento – Situação fática que demanda maior elucidação – Decisão mantida – RECURSO DESPROVIDO.   (TJSP;  Agravo de Instrumento 2051828-98.2023.8.26.0000; Relator (a): Sergio Alfieri; Órgão Julgador: 27ª Câmara de Direito Privado; Foro Central Cível - 32ª Vara Cível; Data do Julgamento: 30/05/2023; Data de Registro: 30/05/2023)",FALSE,FALSE,FALSE,FALSE,FALSE,"RI007CYQY0000",2023-05-30,"RI007CYQY0000",2023-05-30,"RI007CYQY0000",2023-05-30,"RI007CYQY12KW",2023-05-30,"Julgaram prejudicado o recurso. V. U.","re","prejudicado/extinto","indefinido"
"20518289820238260000","16802382","Agravo de Instrumento","Prestação de Serviços","Sergio Alfieri","São Paulo","27ª Câmara de Direito Privado",2023-05-30,2023-05-30,"AGRAVO DE INSTRUMENTO – Ação de nulidade contratual - Insurgência contra a decisão que indeferiu o pedido de tutela de urgência requerida para suspender a cobrança de valores referentes ao contrato cuja nulidade pretende a autora seja reconhecida, bem como para obstar a negativação - Medida que deve ser deferida somente se presentes, concomitantemente, os pressupostos indispensáveis previstos no caput do artigo 300, do Código de Processo Civil, o que não se verifica no caso em comento – Situação fática que demanda maior elucidação – Decisão mantida – RECURSO DESPROVIDO.   (TJSP;  Agravo de Instrumento 2051828-98.2023.8.26.0000; Relator (a): Sergio Alfieri; Órgão Julgador: 27ª Câmara de Direito Privado; Foro Central Cível - 32ª Vara Cível; Data do Julgamento: 30/05/2023; Data de Registro: 30/05/2023)",FALSE,FALSE,FALSE,FALSE,FALSE,"RI007CYQY0000",2023-05-30,"RI007CYQY0000",2023-05-30,"RI007CYQY12KW",2023-05-30,"RI007CYQY0000",2023-05-30,"Negaram provimento ao recurso. V. U.","re","improvido","indefinido"
"20518289820238260000","16802382","Agravo de Instrumento","Prestação de Serviços","Sergio Alfieri","São Paulo","27ª Câmara de Direito Privado",2023-05-30,2023-05-30,"AGRAVO DE INSTRUMENTO – Ação de nulidade contratual - Insurgência contra a decisão que indeferiu o pedido de tutela de urgência requerida para suspender a cobrança de valores referentes ao contrato cuja nulidade pretende a autora seja reconhecida, bem como para obstar a negativação - Medida que deve ser deferida somente se presentes, concomitantemente, os pressupostos indispensáveis previstos no caput do artigo 300, do Código de Processo Civil, o que não se verifica no caso em comento – Situação fática que demanda maior elucidação – Decisão mantida – RECURSO DESPROVIDO.   (TJSP;  Agravo de Instrumento 2051828-98.2023.8.26.0000; Relator (a): Sergio Alfieri; Órgão Julgador: 27ª Câmara de Direito Privado; Foro Central Cível - 32ª Vara Cível; Data do Julgamento: 30/05/2023; Data de Registro: 30/05/2023)",FALSE,FALSE,FALSE,FALSE,FALSE,"RI007CYQY0000",2023-05-30,"RI007CYQY0000",2023-05-30,"RI007CYQY12KW",2023-05-30,"RI007CYQY12KW",2023-05-30,"Julgaram prejudicado o recurso. V. U.","re","prejudicado/extinto","indefinido"
"20518289820238260000","16802382","Agravo de Instrumento","Prestação de Serviços","Sergio Alfieri","São Paulo","27ª Câmara de Direito Privado",2023-05-30,2023-05-30,"AGRAVO DE INSTRUMENTO – Ação de nulidade contratual - Insurgência contra a decisão que indeferiu o pedido de tutela de urgência requerida para suspender a cobrança de valores referentes ao contrato cuja nulidade pretende a autora seja reconhecida, bem como para obstar a negativação - Medida que deve ser deferida somente se presentes, concomitantemente, os pressupostos indispensáveis previstos no caput do artigo 300, do Código de Processo Civil, o que não se verifica no caso em comento – Situação fática que demanda maior elucidação – Decisão mantida – RECURSO DESPROVIDO.   (TJSP;  Agravo de Instrumento 2051828-98.2023.8.26.0000; Relator (a): Sergio Alfieri; Órgão Julgador: 27ª Câmara de Direito Privado; Foro Central Cível - 32ª Vara Cível; Data do Julgamento: 30/05/2023; Data de Registro: 30/05/2023)",FALSE,FALSE,FALSE,FALSE,FALSE,"RI007CYQY0000",2023-05-30,"RI007CYQY12KW",2023-05-30,"RI007CYQY0000",2023-05-30,"RI007CYQY0000",2023-05-30,"Negaram provimento ao recurso. V. U.","re","improvido","indefinido"
"20518289820238260000","16802382","Agravo de Instrumento","Prestação de Serviços","Sergio Alfieri","São Paulo","27ª Câmara de Direito Privado",2023-05-30,2023-05-30,"AGRAVO DE INSTRUMENTO – Ação de nulidade contratual - Insurgência contra a decisão que indeferiu o pedido de tutela de urgência requerida para suspender a cobrança de valores referentes ao contrato cuja nulidade pretende a autora seja reconhecida, bem como para obstar a negativação - Medida que deve ser deferida somente se presentes, concomitantemente, os pressupostos indispensáveis previstos no caput do artigo 300, do Código de Processo Civil, o que não se verifica no caso em comento – Situação fática que demanda maior elucidação – Decisão mantida – RECURSO DESPROVIDO.   (TJSP;  Agravo de Instrumento 2051828-98.2023.8.26.0000; Relator (a): Sergio Alfieri; Órgão Julgador: 27ª Câmara de Direito Privado; Foro Central Cível - 32ª Vara Cível; Data do Julgamento: 30/05/2023; Data de Registro: 30/05/2023)",FALSE,FALSE,FALSE,FALSE,FALSE,"RI007CYQY0000",2023-05-30,"RI007CYQY12KW",2023-05-30,"RI007CYQY0000",2023-05-30,"RI007CYQY12KW",2023-05-30,"Julgaram prejudicado o recurso. V. U.","re","prejudicado/extinto","indefinido"
"20518289820238260000","16802382","Agravo de Instrumento","Prestação de Serviços","Sergio Alfieri","São Paulo","27ª Câmara de Direito Privado",2023-05-30,2023-05-30,"AGRAVO DE INSTRUMENTO – Ação de nulidade contratual - Insurgência contra a decisão que indeferiu o pedido de tutela de urgência requerida para suspender a cobrança de valores referentes ao contrato cuja nulidade pretende a autora seja reconhecida, bem como para obstar a negativação - Medida que deve ser deferida somente se presentes, concomitantemente, os pressupostos indispensáveis previstos no caput do artigo 300, do Código de Processo Civil, o que não se verifica no caso em comento – Situação fática que demanda maior elucidação – Decisão mantida – RECURSO DESPROVIDO.   (TJSP;  Agravo de Instrumento 2051828-98.2023.8.26.0000; Relator (a): Sergio Alfieri; Órgão Julgador: 27ª Câmara de Direito Privado; Foro Central Cível - 32ª Vara Cível; Data do Julgamento: 30/05/2023; Data de Registro: 30/05/2023)",FALSE,FALSE,FALSE,FALSE,FALSE,"RI007CYQY0000",2023-05-30,"RI007CYQY12KW",2023-05-30,"RI007CYQY12KW",2023-05-30,"RI007CYQY0000",2023-05-30,"Negaram provimento ao recurso. V. U.","re","improvido","indefinido"
"20518289820238260000","16802382","Agravo de Instrumento","Prestação de Serviços","Sergio Alfieri","São Paulo","27ª Câmara de Direito Privado",2023-05-30,2023-05-30,"AGRAVO DE INSTRUMENTO – Ação de nulidade contratual - Insurgência contra a decisão que indeferiu o pedido de tutela de urgência requerida para suspender a cobrança de valores referentes ao contrato cuja nulidade pretende a autora seja reconhecida, bem como para obstar a negativação - Medida que deve ser deferida somente se presentes, concomitantemente, os pressupostos indispensáveis previstos no caput do artigo 300, do Código de Processo Civil, o que não se verifica no caso em comento – Situação fática que demanda maior elucidação – Decisão mantida – RECURSO DESPROVIDO.   (TJSP;  Agravo de Instrumento 2051828-98.2023.8.26.0000; Relator (a): Sergio Alfieri; Órgão Julgador: 27ª Câmara de Direito Privado; Foro Central Cível - 32ª Vara Cível; Data do Julgamento: 30/05/2023; Data de Registro: 30/05/2023)",FALSE,FALSE,FALSE,FALSE,FALSE,"RI007CYQY0000",2023-05-30,"RI007CYQY12KW",2023-05-30,"RI007CYQY12KW",2023-05-30,"RI007CYQY12KW",2023-05-30,"Julgaram prejudicado o recurso. V. U.","re","prejudicado/extinto","indefinido"
"20518289820238260000","16802382","Agravo de Instrumento","Prestação de Serviços","Sergio Alfieri","São Paulo","27ª Câmara de Direito Privado",2023-05-30,2023-05-30,"AGRAVO DE INSTRUMENTO – Ação de nulidade contratual - Insurgência contra a decisão que indeferiu o pedido de tutela de urgência requerida para suspender a cobrança de valores referentes ao contrato cuja nulidade pretende a autora seja reconhecida, bem como para obstar a negativação - Medida que deve ser deferida somente se presentes, concomitantemente, os pressupostos indispensáveis previstos no caput do artigo 300, do Código de Processo Civil, o que não se verifica no caso em comento – Situação fática que demanda maior elucidação – Decisão mantida – RECURSO DESPROVIDO.   (TJSP;  Agravo de Instrumento 2051828-98.2023.8.26.0000; Relator (a): Sergio Alfieri; Órgão Julgador: 27ª Câmara de Direito Privado; Foro Central Cível - 32ª Vara Cível; Data do Julgamento: 30/05/2023; Data de Registro: 30/05/2023)",FALSE,FALSE,FALSE,FALSE,FALSE,"RI007CYQY12KW",2023-05-30,"RI007CYQY0000",2023-05-30,"RI007CYQY0000",2023-05-30,"RI007CYQY0000",2023-05-30,"Negaram provimento ao recurso. V. U.","re","improvido","indefinido"
"20518289820238260000","16802382","Agravo de Instrumento","Prestação de Serviços","Sergio Alfieri","São Paulo","27ª Câmara de Direito Privado",2023-05-30,2023-05-30,"AGRAVO DE INSTRUMENTO – Ação de nulidade contratual - Insurgência contra a decisão que indeferiu o pedido de tutela de urgência requerida para suspender a cobrança de valores referentes ao contrato cuja nulidade pretende a autora seja reconhecida, bem como para obstar a negativação - Medida que deve ser deferida somente se presentes, concomitantemente, os pressupostos indispensáveis previstos no caput do artigo 300, do Código de Processo Civil, o que não se verifica no caso em comento – Situação fática que demanda maior elucidação – Decisão mantida – RECURSO DESPROVIDO.   (TJSP;  Agravo de Instrumento 2051828-98.2023.8.26.0000; Relator (a): Sergio Alfieri; Órgão Julgador: 27ª Câmara de Direito Privado; Foro Central Cível - 32ª Vara Cível; Data do Julgamento: 30/05/2023; Data de Registro: 30/05/2023)",FALSE,FALSE,FALSE,FALSE,FALSE,"RI007CYQY12KW",2023-05-30,"RI007CYQY0000",2023-05-30,"RI007CYQY0000",2023-05-30,"RI007CYQY12KW",2023-05-30,"Julgaram prejudicado o recurso. V. U.","re","prejudicado/extinto","indefinido"
"20518289820238260000","16802382","Agravo de Instrumento","Prestação de Serviços","Sergio Alfieri","São Paulo","27ª Câmara de Direito Privado",2023-05-30,2023-05-30,"AGRAVO DE INSTRUMENTO – Ação de nulidade contratual - Insurgência contra a decisão que indeferiu o pedido de tutela de urgência requerida para suspender a cobrança de valores referentes ao contrato cuja nulidade pretende a autora seja reconhecida, bem como para obstar a negativação - Medida que deve ser deferida somente se presentes, concomitantemente, os pressupostos indispensáveis previstos no caput do artigo 300, do Código de Processo Civil, o que não se verifica no caso em comento – Situação fática que demanda maior elucidação – Decisão mantida – RECURSO DESPROVIDO.   (TJSP;  Agravo de Instrumento 2051828-98.2023.8.26.0000; Relator (a): Sergio Alfieri; Órgão Julgador: 27ª Câmara de Direito Privado; Foro Central Cível - 32ª Vara Cível; Data do Julgamento: 30/05/2023; Data de Registro: 30/05/2023)",FALSE,FALSE,FALSE,FALSE,FALSE,"RI007CYQY12KW",2023-05-30,"RI007CYQY0000",2023-05-30,"RI007CYQY12KW",2023-05-30,"RI007CYQY0000",2023-05-30,"Negaram provimento ao recurso. V. U.","re","improvido","indefinido"
"20518289820238260000","16802382","Agravo de Instrumento","Prestação de Serviços","Sergio Alfieri","São Paulo","27ª Câmara de Direito Privado",2023-05-30,2023-05-30,"AGRAVO DE INSTRUMENTO – Ação de nulidade contratual - Insurgência contra a decisão que indeferiu o pedido de tutela de urgência requerida para suspender a cobrança de valores referentes ao contrato cuja nulidade pretende a autora seja reconhecida, bem como para obstar a negativação - Medida que deve ser deferida somente se presentes, concomitantemente, os pressupostos indispensáveis previstos no caput do artigo 300, do Código de Processo Civil, o que não se verifica no caso em comento – Situação fática que demanda maior elucidação – Decisão mantida – RECURSO DESPROVIDO.   (TJSP;  Agravo de Instrumento 2051828-98.2023.8.26.0000; Relator (a): Sergio Alfieri; Órgão Julgador: 27ª Câmara de Direito Privado; Foro Central Cível - 32ª Vara Cível; Data do Julgamento: 30/05/2023; Data de Registro: 30/05/2023)",FALSE,FALSE,FALSE,FALSE,FALSE,"RI007CYQY12KW",2023-05-30,"RI007CYQY0000",2023-05-30,"RI007CYQY12KW",2023-05-30,"RI007CYQY12KW",2023-05-30,"Julgaram prejudicado o recurso. V. U.","re","prejudicado/extinto","indefinido"
"20518289820238260000","16802382","Agravo de Instrumento","Prestação de Serviços","Sergio Alfieri","São Paulo","27ª Câmara de Direito Privado",2023-05-30,2023-05-30,"AGRAVO DE INSTRUMENTO – Ação de nulidade contratual - Insurgência contra a decisão que indeferiu o pedido de tutela de urgência requerida para suspender a cobrança de valores referentes ao contrato cuja nulidade pretende a autora seja reconhecida, bem como para obstar a negativação - Medida que deve ser deferida somente se presentes, concomitantemente, os pressupostos indispensáveis previstos no caput do artigo 300, do Código de Processo Civil, o que não se verifica no caso em comento – Situação fática que demanda maior elucidação – Decisão mantida – RECURSO DESPROVIDO.   (TJSP;  Agravo de Instrumento 2051828-98.2023.8.26.0000; Relator (a): Sergio Alfieri; Órgão Julgador: 27ª Câmara de Direito Privado; Foro Central Cível - 32ª Vara Cível; Data do Julgamento: 30/05/2023; Data de Registro: 30/05/2023)",FALSE,FALSE,FALSE,FALSE,FALSE,"RI007CYQY12KW",2023-05-30,"RI007CYQY12KW",2023-05-30,"RI007CYQY0000",2023-05-30,"RI007CYQY0000",2023-05-30,"Negaram provimento ao recurso. V. U.","re","improvido","indefinido"
"20518289820238260000","16802382","Agravo de Instrumento","Prestação de Serviços","Sergio Alfieri","São Paulo","27ª Câmara de Direito Privado",2023-05-30,2023-05-30,"AGRAVO DE INSTRUMENTO – Ação de nulidade contratual - Insurgência contra a decisão que indeferiu o pedido de tutela de urgência requerida para suspender a cobrança de valores referentes ao contrato cuja nulidade pretende a autora seja reconhecida, bem como para obstar a negativação - Medida que deve ser deferida somente se presentes, concomitantemente, os pressupostos indispensáveis previstos no caput do artigo 300, do Código de Processo Civil, o que não se verifica no caso em comento – Situação fática que demanda maior elucidação – Decisão mantida – RECURSO DESPROVIDO.   (TJSP;  Agravo de Instrumento 2051828-98.2023.8.26.0000; Relator (a): Sergio Alfieri; Órgão Julgador: 27ª Câmara de Direito Privado; Foro Central Cível - 32ª Vara Cível; Data do Julgamento: 30/05/2023; Data de Registro: 30/05/2023)",FALSE,FALSE,FALSE,FALSE,FALSE,"RI007CYQY12KW",2023-05-30,"RI007CYQY12KW",2023-05-30,"RI007CYQY0000",2023-05-30,"RI007CYQY12KW",2023-05-30,"Julgaram prejudicado o recurso. V. U.","re","prejudicado/extinto","indefinido"
"20518289820238260000","16802382","Agravo de Instrumento","Prestação de Serviços","Sergio Alfieri","São Paulo","27ª Câmara de Direito Privado",2023-05-30,2023-05-30,"AGRAVO DE INSTRUMENTO – Ação de nulidade contratual - Insurgência contra a decisão que indeferiu o pedido de tutela de urgência requerida para suspender a cobrança de valores referentes ao contrato cuja nulidade pretende a autora seja reconhecida, bem como para obstar a negativação - Medida que deve ser deferida somente se presentes, concomitantemente, os pressupostos indispensáveis previstos no caput do artigo 300, do Código de Processo Civil, o que não se verifica no caso em comento – Situação fática que demanda maior elucidação – Decisão mantida – RECURSO DESPROVIDO.   (TJSP;  Agravo de Instrumento 2051828-98.2023.8.26.0000; Relator (a): Sergio Alfieri; Órgão Julgador: 27ª Câmara de Direito Privado; Foro Central Cível - 32ª Vara Cível; Data do Julgamento: 30/05/2023; Data de Registro: 30/05/2023)",FALSE,FALSE,FALSE,FALSE,FALSE,"RI007CYQY12KW",2023-05-30,"RI007CYQY12KW",2023-05-30,"RI007CYQY12KW",2023-05-30,"RI007CYQY0000",2023-05-30,"Negaram provimento ao recurso. V. U.","re","improvido","indefinido"
"20518289820238260000","16802382","Agravo de Instrumento","Prestação de Serviços","Sergio Alfieri","São Paulo","27ª Câmara de Direito Privado",2023-05-30,2023-05-30,"AGRAVO DE INSTRUMENTO – Ação de nulidade contratual - Insurgência contra a decisão que indeferiu o pedido de tutela de urgência requerida para suspender a cobrança de valores referentes ao contrato cuja nulidade pretende a autora seja reconhecida, bem como para obstar a negativação - Medida que deve ser deferida somente se presentes, concomitantemente, os pressupostos indispensáveis previstos no caput do artigo 300, do Código de Processo Civil, o que não se verifica no caso em comento – Situação fática que demanda maior elucidação – Decisão mantida – RECURSO DESPROVIDO.   (TJSP;  Agravo de Instrumento 2051828-98.2023.8.26.0000; Relator (a): Sergio Alfieri; Órgão Julgador: 27ª Câmara de Direito Privado; Foro Central Cível - 32ª Vara Cível; Data do Julgamento: 30/05/2023; Data de Registro: 30/05/2023)",FALSE,FALSE,FALSE,FALSE,FALSE,"RI007CYQY12KW",2023-05-30,"RI007CYQY12KW",2023-05-30,"RI007CYQY12KW",2023-05-30,"RI007CYQY12KW",2023-05-30,"Julgaram prejudicado o recurso. V. U.","re","prejudicado/extinto","indefinido"
"10011095220198260071","16371462","Embargos de Declaração Cível","Espécies de Títulos de Crédito","Coutinho de Arruda","São Paulo","16ª Câmara de Direito Privado",2023-01-13,2023-01-13,"Embargos de declaração - inocorrência de omissão - fins de prequestionamento - embargos rejeitados.  (TJSP;  Embargos de Declaração Cível 1001109-52.2019.8.26.0071; Relator (a): Coutinho de Arruda; Órgão Julgador: 16ª Câmara de Direito Privado; Foro Central Cível - 37ª Vara Cível; Data do Julgamento: 13/01/2023; Data de Registro: 13/01/2023)",FALSE,FALSE,FALSE,FALSE,FALSE,"RI006L8GU0000",2022-04-05,"RI006L8GU0000",2022-04-05,"RI006L8GU0000",2022-04-05,"RI006L8GU0000",2022-04-05,"Negaram provimento ao recurso. V. U.","re","improvido","indefinido"
"10011095220198260071","16371462","Embargos de Declaração Cível","Espécies de Títulos de Crédito","Coutinho de Arruda","São Paulo","16ª Câmara de Direito Privado",2023-01-13,2023-01-13,"Embargos de declaração - inocorrência de omissão - fins de prequestionamento - embargos rejeitados.  (TJSP;  Embargos de Declaração Cível 1001109-52.2019.8.26.0071; Relator (a): Coutinho de Arruda; Órgão Julgador: 16ª Câmara de Direito Privado; Foro Central Cível - 37ª Vara Cível; Data do Julgamento: 13/01/2023; Data de Registro: 13/01/2023)",FALSE,FALSE,FALSE,FALSE,FALSE,"RI006L8GU0000",2022-04-05,"RI006L8GU0000",2022-04-05,"RI006L8GU0000",2022-04-05,"RI006L8GU12KW",2023-01-13,"Rejeitaram os embargos. V. U.","re","embargos rejeitados","indefinido"
"10011095220198260071","16371462","Embargos de Declaração Cível","Espécies de Títulos de Crédito","Coutinho de Arruda","São Paulo","16ª Câmara de Direito Privado",2023-01-13,2023-01-13,"Embargos de declaração - inocorrência de omissão - fins de prequestionamento - embargos rejeitados.  (TJSP;  Embargos de Declaração Cível 1001109-52.2019.8.26.0071; Relator (a): Coutinho de Arruda; Órgão Julgador: 16ª Câmara de Direito Privado; Foro Central Cível - 37ª Vara Cível; Data do Julgamento: 13/01/2023; Data de Registro: 13/01/2023)",FALSE,FALSE,FALSE,FALSE,FALSE,"RI006L8GU0000",2022-04-05,"RI006L8GU0000",2022-04-05,"RI006L8GU12KW",2023-01-13,"RI006L8GU0000",2022-04-05,"Negaram provimento ao recurso. V. U.","re","improvido","indefinido"
"10011095220198260071","16371462","Embargos de Declaração Cível","Espécies de Títulos de Crédito","Coutinho de Arruda","São Paulo","16ª Câmara de Direito Privado",2023-01-13,2023-01-13,"Embargos de declaração - inocorrência de omissão - fins de prequestionamento - embargos rejeitados.  (TJSP;  Embargos de Declaração Cível 1001109-52.2019.8.26.0071; Relator (a): Coutinho de Arruda; Órgão Julgador: 16ª Câmara de Direito Privado; Foro Central Cível - 37ª Vara Cível; Data do Julgamento: 13/01/2023; Data de Registro: 13/01/2023)",FALSE,FALSE,FALSE,FALSE,FALSE,"RI006L8GU0000",2022-04-05,"RI006L8GU0000",2022-04-05,"RI006L8GU12KW",2023-01-13,"RI006L8GU12KW",2023-01-13,"Rejeitaram os embargos. V. U.","re","embargos rejeitados","indefinido"
"10011095220198260071","16371462","Embargos de Declaração Cível","Espécies de Títulos de Crédito","Coutinho de Arruda","São Paulo","16ª Câmara de Direito Privado",2023-01-13,2023-01-13,"Embargos de declaração - inocorrência de omissão - fins de prequestionamento - embargos rejeitados.  (TJSP;  Embargos de Declaração Cível 1001109-52.2019.8.26.0071; Relator (a): Coutinho de Arruda; Órgão Julgador: 16ª Câmara de Direito Privado; Foro Central Cível - 37ª Vara Cível; Data do Julgamento: 13/01/2023; Data de Registro: 13/01/2023)",FALSE,FALSE,FALSE,FALSE,FALSE,"RI006L8GU0000",2022-04-05,"RI006L8GU12KW",2023-01-13,"RI006L8GU0000",2022-04-05,"RI006L8GU0000",2022-04-05,"Negaram provimento ao recurso. V. U.","re","improvido","indefinido"
"10011095220198260071","16371462","Embargos de Declaração Cível","Espécies de Títulos de Crédito","Coutinho de Arruda","São Paulo","16ª Câmara de Direito Privado",2023-01-13,2023-01-13,"Embargos de declaração - inocorrência de omissão - fins de prequestionamento - embargos rejeitados.  (TJSP;  Embargos de Declaração Cível 1001109-52.2019.8.26.0071; Relator (a): Coutinho de Arruda; Órgão Julgador: 16ª Câmara de Direito Privado; Foro Central Cível - 37ª Vara Cível; Data do Julgamento: 13/01/2023; Data de Registro: 13/01/2023)",FALSE,FALSE,FALSE,FALSE,FALSE,"RI006L8GU0000",2022-04-05,"RI006L8GU12KW",2023-01-13,"RI006L8GU0000",2022-04-05,"RI006L8GU12KW",2023-01-13,"Rejeitaram os embargos. V. U.","re","embargos rejeitados","indefinido"
"10011095220198260071","16371462","Embargos de Declaração Cível","Espécies de Títulos de Crédito","Coutinho de Arruda","São Paulo","16ª Câmara de Direito Privado",2023-01-13,2023-01-13,"Embargos de declaração - inocorrência de omissão - fins de prequestionamento - embargos rejeitados.  (TJSP;  Embargos de Declaração Cível 1001109-52.2019.8.26.0071; Relator (a): Coutinho de Arruda; Órgão Julgador: 16ª Câmara de Direito Privado; Foro Central Cível - 37ª Vara Cível; Data do Julgamento: 13/01/2023; Data de Registro: 13/01/2023)",FALSE,FALSE,FALSE,FALSE,FALSE,"RI006L8GU0000",2022-04-05,"RI006L8GU12KW",2023-01-13,"RI006L8GU12KW",2023-01-13,"RI006L8GU0000",2022-04-05,"Negaram provimento ao recurso. V. U.","re","improvido","indefinido"
"10011095220198260071","16371462","Embargos de Declaração Cível","Espécies de Títulos de Crédito","Coutinho de Arruda","São Paulo","16ª Câmara de Direito Privado",2023-01-13,2023-01-13,"Embargos de declaração - inocorrência de omissão - fins de prequestionamento - embargos rejeitados.  (TJSP;  Embargos de Declaração Cível 1001109-52.2019.8.26.0071; Relator (a): Coutinho de Arruda; Órgão Julgador: 16ª Câmara de Direito Privado; Foro Central Cível - 37ª Vara Cível; Data do Julgamento: 13/01/2023; Data de Registro: 13/01/2023)",FALSE,FALSE,FALSE,FALSE,FALSE,"RI006L8GU0000",2022-04-05,"RI006L8GU12KW",2023-01-13,"RI006L8GU12KW",2023-01-13,"RI006L8GU12KW",2023-01-13,"Rejeitaram os embargos. V. U.","re","embargos rejeitados","indefinido"
"10011095220198260071","16371462","Embargos de Declaração Cível","Espécies de Títulos de Crédito","Coutinho de Arruda","São Paulo","16ª Câmara de Direito Privado",2023-01-13,2023-01-13,"Embargos de declaração - inocorrência de omissão - fins de prequestionamento - embargos rejeitados.  (TJSP;  Embargos de Declaração Cível 1001109-52.2019.8.26.0071; Relator (a): Coutinho de Arruda; Órgão Julgador: 16ª Câmara de Direito Privado; Foro Central Cível - 37ª Vara Cível; Data do Julgamento: 13/01/2023; Data de Registro: 13/01/2023)",FALSE,FALSE,FALSE,FALSE,FALSE,"RI006L8GU12KW",2023-01-13,"RI006L8GU0000",2022-04-05,"RI006L8GU0000",2022-04-05,"RI006L8GU0000",2022-04-05,"Negaram provimento ao recurso. V. U.","re","improvido","indefinido"
"10011095220198260071","16371462","Embargos de Declaração Cível","Espécies de Títulos de Crédito","Coutinho de Arruda","São Paulo","16ª Câmara de Direito Privado",2023-01-13,2023-01-13,"Embargos de declaração - inocorrência de omissão - fins de prequestionamento - embargos rejeitados.  (TJSP;  Embargos de Declaração Cível 1001109-52.2019.8.26.0071; Relator (a): Coutinho de Arruda; Órgão Julgador: 16ª Câmara de Direito Privado; Foro Central Cível - 37ª Vara Cível; Data do Julgamento: 13/01/2023; Data de Registro: 13/01/2023)",FALSE,FALSE,FALSE,FALSE,FALSE,"RI006L8GU12KW",2023-01-13,"RI006L8GU0000",2022-04-05,"RI006L8GU0000",2022-04-05,"RI006L8GU12KW",2023-01-13,"Rejeitaram os embargos. V. U.","re","embargos rejeitados","indefinido"
"10011095220198260071","16371462","Embargos de Declaração Cível","Espécies de Títulos de Crédito","Coutinho de Arruda","São Paulo","16ª Câmara de Direito Privado",2023-01-13,2023-01-13,"Embargos de declaração - inocorrência de omissão - fins de prequestionamento - embargos rejeitados.  (TJSP;  Embargos de Declaração Cível 1001109-52.2019.8.26.0071; Relator (a): Coutinho de Arruda; Órgão Julgador: 16ª Câmara de Direito Privado; Foro Central Cível - 37ª Vara Cível; Data do Julgamento: 13/01/2023; Data de Registro: 13/01/2023)",FALSE,FALSE,FALSE,FALSE,FALSE,"RI006L8GU12KW",2023-01-13,"RI006L8GU0000",2022-04-05,"RI006L8GU12KW",2023-01-13,"RI006L8GU0000",2022-04-05,"Negaram provimento ao recurso. V. U.","re","improvido","indefinido"
"10011095220198260071","16371462","Embargos de Declaração Cível","Espécies de Títulos de Crédito","Coutinho de Arruda","São Paulo","16ª Câmara de Direito Privado",2023-01-13,2023-01-13,"Embargos de declaração - inocorrência de omissão - fins de prequestionamento - embargos rejeitados.  (TJSP;  Embargos de Declaração Cível 1001109-52.2019.8.26.0071; Relator (a): Coutinho de Arruda; Órgão Julgador: 16ª Câmara de Direito Privado; Foro Central Cível - 37ª Vara Cível; Data do Julgamento: 13/01/2023; Data de Registro: 13/01/2023)",FALSE,FALSE,FALSE,FALSE,FALSE,"RI006L8GU12KW",2023-01-13,"RI006L8GU0000",2022-04-05,"RI006L8GU12KW",2023-01-13,"RI006L8GU12KW",2023-01-13,"Rejeitaram os embargos. V. U.","re","embargos rejeitados","indefinido"
"10011095220198260071","16371462","Embargos de Declaração Cível","Espécies de Títulos de Crédito","Coutinho de Arruda","São Paulo","16ª Câmara de Direito Privado",2023-01-13,2023-01-13,"Embargos de declaração - inocorrência de omissão - fins de prequestionamento - embargos rejeitados.  (TJSP;  Embargos de Declaração Cível 1001109-52.2019.8.26.0071; Relator (a): Coutinho de Arruda; Órgão Julgador: 16ª Câmara de Direito Privado; Foro Central Cível - 37ª Vara Cível; Data do Julgamento: 13/01/2023; Data de Registro: 13/01/2023)",FALSE,FALSE,FALSE,FALSE,FALSE,"RI006L8GU12KW",2023-01-13,"RI006L8GU12KW",2023-01-13,"RI006L8GU0000",2022-04-05,"RI006L8GU0000",2022-04-05,"Negaram provimento ao recurso. V. U.","re","improvido","indefinido"
"10011095220198260071","16371462","Embargos de Declaração Cível","Espécies de Títulos de Crédito","Coutinho de Arruda","São Paulo","16ª Câmara de Direito Privado",2023-01-13,2023-01-13,"Embargos de declaração - inocorrência de omissão - fins de prequestionamento - embargos rejeitados.  (TJSP;  Embargos de Declaração Cível 1001109-52.2019.8.26.0071; Relator (a): Coutinho de Arruda; Órgão Julgador: 16ª Câmara de Direito Privado; Foro Central Cível - 37ª Vara Cível; Data do Julgamento: 13/01/2023; Data de Registro: 13/01/2023)",FALSE,FALSE,FALSE,FALSE,FALSE,"RI006L8GU12KW",2023-01-13,"RI006L8GU12KW",2023-01-13,"RI006L8GU0000",2022-04-05,"RI006L8GU12KW",2023-01-13,"Rejeitaram os embargos. V. U.","re","embargos rejeitados","indefinido"
"10011095220198260071","16371462","Embargos de Declaração Cível","Espécies de Títulos de Crédito","Coutinho de Arruda","São Paulo","16ª Câmara de Direito Privado",2023-01-13,2023-01-13,"Embargos de declaração - inocorrência de omissão - fins de prequestionamento - embargos rejeitados.  (TJSP;  Embargos de Declaração Cível 1001109-52.2019.8.26.0071; Relator (a): Coutinho de Arruda; Órgão Julgador: 16ª Câmara de Direito Privado; Foro Central Cível - 37ª Vara Cível; Data do Julgamento: 13/01/2023; Data de Registro: 13/01/2023)",FALSE,FALSE,FALSE,FALSE,FALSE,"RI006L8GU12KW",2023-01-13,"RI006L8GU12KW",2023-01-13,"RI006L8GU12KW",2023-01-13,"RI006L8GU0000",2022-04-05,"Negaram provimento ao recurso. V. U.","re","improvido","indefinido"
"10011095220198260071","16371462","Embargos de Declaração Cível","Espécies de Títulos de Crédito","Coutinho de Arruda","São Paulo","16ª Câmara de Direito Privado",2023-01-13,2023-01-13,"Embargos de declaração - inocorrência de omissão - fins de prequestionamento - embargos rejeitados.  (TJSP;  Embargos de Declaração Cível 1001109-52.2019.8.26.0071; Relator (a): Coutinho de Arruda; Órgão Julgador: 16ª Câmara de Direito Privado; Foro Central Cível - 37ª Vara Cível; Data do Julgamento: 13/01/2023; Data de Registro: 13/01/2023)",FALSE,FALSE,FALSE,FALSE,FALSE,"RI006L8GU12KW",2023-01-13,"RI006L8GU12KW",2023-01-13,"RI006L8GU12KW",2023-01-13,"RI006L8GU12KW",2023-01-13,"Rejeitaram os embargos. V. U.","re","embargos rejeitados","indefinido"
"10016534220218260274","16321608","Apelação Cível","Duplicata","Mauro Conti Machado","Itápolis","16ª Câmara de Direito Privado",2022-12-12,2022-12-12,"Apelação. Inexigibilidade de débito c.c indenização por danos morais. Cobrança indevida. Incompetência afastada. Aplicação do CDC à espécie. Ocorrência de erro substancial quanto ao objeto e valor do contrato. Inexigibilidade da dívida. Protesto indevido. Dano moral caracterizado. Indenização mantida. Honorários advocatícios recursais arbitrados.
Recurso a que se nega provimento.   (TJSP;  Apelação Cível 1001653-42.2021.8.26.0274; Relator (a): Mauro Conti Machado; Órgão Julgador: 16ª Câmara de Direito Privado; Foro de Itápolis - 1ª Vara; Data do Julgamento: 12/12/2022; Data de Registro: 12/12/2022)",TRUE,TRUE,FALSE,FALSE,FALSE,"RI006ZJZR0000",2022-12-12,"RI006ZJZR0000",2022-12-12,"RI006ZJZR0000",2022-12-12,"RI006ZJZR0000",2022-12-12,"Negaram provimento ao recurso. V. U.","autora","improvido","indefinido"
"10016460220218260484","15909652","Apelação Cível","Prestação de Serviços","Sá Moreira de Oliveira","Promissão","33ª Câmara de Direito Privado",2022-08-02,2022-08-02,"PRESTAÇÃO DE SERVIÇOS –  Prestação de serviço de publicidade –  Negócio subscrito pelo próprio interessado, microempreendedor individual –  Sem resistência –  Condições de pagamentos claras –  Teoria da aparência –  Validade do negócio –  Aplicação do princípio da segurança jurídica –  Caso concreto que não revela o vício de vontade, mas o arrependimento da contratação com o apenas da primeira parcela –  Sentença de improcedência mantida. 

Honorários advocatícios de sucumbência majorados, em aplicação ao disposto no artigo 85, §11, do Código de Processo Civil.

Apelação não provida.   (TJSP;  Apelação Cível 1001646-02.2021.8.26.0484; Relator (a): Sá Moreira de Oliveira; Órgão Julgador: 33ª Câmara de Direito Privado; Foro de Promissão - 1ª Vara Judicial; Data do Julgamento: 02/08/2022; Data de Registro: 02/08/2022)",FALSE,FALSE,FALSE,FALSE,FALSE,"RI006UAH50000",2022-08-02,"RI006UAH50000",2022-08-02,"RI006UAH50000",2022-08-02,"RI006UAH50000",2022-08-02,"Negaram provimento ao recurso. V. U.","re","improvido","indefinido"
"10109180820218260100","15886382","Embargos de Declaração Cível","Prestação de Serviços","Daise Fajardo Nogueira Jacot","São Paulo","27ª Câmara de Direito Privado",2022-07-27,2022-07-27,"*EMBARGOS DE DECLARAÇÃO. Omissão, contradição ou obscuridade não configuradas. Caráter meramente infringente. Inadequação dos Embargos para fins de prequestionamento. Aplicação do artigo 1.025 do Código de Processo Civil. EMBARGOS REJEITADOS.*  (TJSP;  Embargos de Declaração Cível 1010918-08.2021.8.26.0100; Relator (a): Daise Fajardo Nogueira Jacot; Órgão Julgador: 27ª Câmara de Direito Privado; Foro Central Cível - 35ª Vara Cível; Data do Julgamento: 27/07/2022; Data de Registro: 27/07/2022)",FALSE,FALSE,FALSE,FALSE,FALSE,"RI006H5ND0000",2022-05-23,"RI006H5ND0000",2022-05-23,"RI006H5ND0000",2022-05-23,"RI006H5ND0000",2022-05-23,"RECURSOS NÃO PROVIDOS. V.U.*","re","improvido","indefinido"
"10109180820218260100","15886382","Embargos de Declaração Cível","Prestação de Serviços","Daise Fajardo Nogueira Jacot","São Paulo","27ª Câmara de Direito Privado",2022-07-27,2022-07-27,"*EMBARGOS DE DECLARAÇÃO. Omissão, contradição ou obscuridade não configuradas. Caráter meramente infringente. Inadequação dos Embargos para fins de prequestionamento. Aplicação do artigo 1.025 do Código de Processo Civil. EMBARGOS REJEITADOS.*  (TJSP;  Embargos de Declaração Cível 1010918-08.2021.8.26.0100; Relator (a): Daise Fajardo Nogueira Jacot; Órgão Julgador: 27ª Câmara de Direito Privado; Foro Central Cível - 35ª Vara Cível; Data do Julgamento: 27/07/2022; Data de Registro: 27/07/2022)",FALSE,FALSE,FALSE,FALSE,FALSE,"RI006H5ND0000",2022-05-23,"RI006H5ND0000",2022-05-23,"RI006H5ND0000",2022-05-23,"RI006H5ND12KW",2022-07-27,"EMBARGOS REJEITADOS. V.U.*","re",NA,"indefinido"
"10109180820218260100","15886382","Embargos de Declaração Cível","Prestação de Serviços","Daise Fajardo Nogueira Jacot","São Paulo","27ª Câmara de Direito Privado",2022-07-27,2022-07-27,"*EMBARGOS DE DECLARAÇÃO. Omissão, contradição ou obscuridade não configuradas. Caráter meramente infringente. Inadequação dos Embargos para fins de prequestionamento. Aplicação do artigo 1.025 do Código de Processo Civil. EMBARGOS REJEITADOS.*  (TJSP;  Embargos de Declaração Cível 1010918-08.2021.8.26.0100; Relator (a): Daise Fajardo Nogueira Jacot; Órgão Julgador: 27ª Câmara de Direito Privado; Foro Central Cível - 35ª Vara Cível; Data do Julgamento: 27/07/2022; Data de Registro: 27/07/2022)",FALSE,FALSE,FALSE,FALSE,FALSE,"RI006H5ND0000",2022-05-23,"RI006H5ND0000",2022-05-23,"RI006H5ND12KW",2022-07-27,"RI006H5ND0000",2022-05-23,"RECURSOS NÃO PROVIDOS. V.U.*","re","improvido","indefinido"
"10109180820218260100","15886382","Embargos de Declaração Cível","Prestação de Serviços","Daise Fajardo Nogueira Jacot","São Paulo","27ª Câmara de Direito Privado",2022-07-27,2022-07-27,"*EMBARGOS DE DECLARAÇÃO. Omissão, contradição ou obscuridade não configuradas. Caráter meramente infringente. Inadequação dos Embargos para fins de prequestionamento. Aplicação do artigo 1.025 do Código de Processo Civil. EMBARGOS REJEITADOS.*  (TJSP;  Embargos de Declaração Cível 1010918-08.2021.8.26.0100; Relator (a): Daise Fajardo Nogueira Jacot; Órgão Julgador: 27ª Câmara de Direito Privado; Foro Central Cível - 35ª Vara Cível; Data do Julgamento: 27/07/2022; Data de Registro: 27/07/2022)",FALSE,FALSE,FALSE,FALSE,FALSE,"RI006H5ND0000",2022-05-23,"RI006H5ND0000",2022-05-23,"RI006H5ND12KW",2022-07-27,"RI006H5ND12KW",2022-07-27,"EMBARGOS REJEITADOS. V.U.*","re",NA,"indefinido"
"10109180820218260100","15886382","Embargos de Declaração Cível","Prestação de Serviços","Daise Fajardo Nogueira Jacot","São Paulo","27ª Câmara de Direito Privado",2022-07-27,2022-07-27,"*EMBARGOS DE DECLARAÇÃO. Omissão, contradição ou obscuridade não configuradas. Caráter meramente infringente. Inadequação dos Embargos para fins de prequestionamento. Aplicação do artigo 1.025 do Código de Processo Civil. EMBARGOS REJEITADOS.*  (TJSP;  Embargos de Declaração Cível 1010918-08.2021.8.26.0100; Relator (a): Daise Fajardo Nogueira Jacot; Órgão Julgador: 27ª Câmara de Direito Privado; Foro Central Cível - 35ª Vara Cível; Data do Julgamento: 27/07/2022; Data de Registro: 27/07/2022)",FALSE,FALSE,FALSE,FALSE,FALSE,"RI006H5ND0000",2022-05-23,"RI006H5ND12KW",2022-07-27,"RI006H5ND0000",2022-05-23,"RI006H5ND0000",2022-05-23,"RECURSOS NÃO PROVIDOS. V.U.*","re","improvido","indefinido"
"10109180820218260100","15886382","Embargos de Declaração Cível","Prestação de Serviços","Daise Fajardo Nogueira Jacot","São Paulo","27ª Câmara de Direito Privado",2022-07-27,2022-07-27,"*EMBARGOS DE DECLARAÇÃO. Omissão, contradição ou obscuridade não configuradas. Caráter meramente infringente. Inadequação dos Embargos para fins de prequestionamento. Aplicação do artigo 1.025 do Código de Processo Civil. EMBARGOS REJEITADOS.*  (TJSP;  Embargos de Declaração Cível 1010918-08.2021.8.26.0100; Relator (a): Daise Fajardo Nogueira Jacot; Órgão Julgador: 27ª Câmara de Direito Privado; Foro Central Cível - 35ª Vara Cível; Data do Julgamento: 27/07/2022; Data de Registro: 27/07/2022)",FALSE,FALSE,FALSE,FALSE,FALSE,"RI006H5ND0000",2022-05-23,"RI006H5ND12KW",2022-07-27,"RI006H5ND0000",2022-05-23,"RI006H5ND12KW",2022-07-27,"EMBARGOS REJEITADOS. V.U.*","re",NA,"indefinido"
"10109180820218260100","15886382","Embargos de Declaração Cível","Prestação de Serviços","Daise Fajardo Nogueira Jacot","São Paulo","27ª Câmara de Direito Privado",2022-07-27,2022-07-27,"*EMBARGOS DE DECLARAÇÃO. Omissão, contradição ou obscuridade não configuradas. Caráter meramente infringente. Inadequação dos Embargos para fins de prequestionamento. Aplicação do artigo 1.025 do Código de Processo Civil. EMBARGOS REJEITADOS.*  (TJSP;  Embargos de Declaração Cível 1010918-08.2021.8.26.0100; Relator (a): Daise Fajardo Nogueira Jacot; Órgão Julgador: 27ª Câmara de Direito Privado; Foro Central Cível - 35ª Vara Cível; Data do Julgamento: 27/07/2022; Data de Registro: 27/07/2022)",FALSE,FALSE,FALSE,FALSE,FALSE,"RI006H5ND0000",2022-05-23,"RI006H5ND12KW",2022-07-27,"RI006H5ND12KW",2022-07-27,"RI006H5ND0000",2022-05-23,"RECURSOS NÃO PROVIDOS. V.U.*","re","improvido","indefinido"
"10109180820218260100","15886382","Embargos de Declaração Cível","Prestação de Serviços","Daise Fajardo Nogueira Jacot","São Paulo","27ª Câmara de Direito Privado",2022-07-27,2022-07-27,"*EMBARGOS DE DECLARAÇÃO. Omissão, contradição ou obscuridade não configuradas. Caráter meramente infringente. Inadequação dos Embargos para fins de prequestionamento. Aplicação do artigo 1.025 do Código de Processo Civil. EMBARGOS REJEITADOS.*  (TJSP;  Embargos de Declaração Cível 1010918-08.2021.8.26.0100; Relator (a): Daise Fajardo Nogueira Jacot; Órgão Julgador: 27ª Câmara de Direito Privado; Foro Central Cível - 35ª Vara Cível; Data do Julgamento: 27/07/2022; Data de Registro: 27/07/2022)",FALSE,FALSE,FALSE,FALSE,FALSE,"RI006H5ND0000",2022-05-23,"RI006H5ND12KW",2022-07-27,"RI006H5ND12KW",2022-07-27,"RI006H5ND12KW",2022-07-27,"EMBARGOS REJEITADOS. V.U.*","re",NA,"indefinido"
"10109180820218260100","15886382","Embargos de Declaração Cível","Prestação de Serviços","Daise Fajardo Nogueira Jacot","São Paulo","27ª Câmara de Direito Privado",2022-07-27,2022-07-27,"*EMBARGOS DE DECLARAÇÃO. Omissão, contradição ou obscuridade não configuradas. Caráter meramente infringente. Inadequação dos Embargos para fins de prequestionamento. Aplicação do artigo 1.025 do Código de Processo Civil. EMBARGOS REJEITADOS.*  (TJSP;  Embargos de Declaração Cível 1010918-08.2021.8.26.0100; Relator (a): Daise Fajardo Nogueira Jacot; Órgão Julgador: 27ª Câmara de Direito Privado; Foro Central Cível - 35ª Vara Cível; Data do Julgamento: 27/07/2022; Data de Registro: 27/07/2022)",FALSE,FALSE,FALSE,FALSE,FALSE,"RI006H5ND12KW",2022-07-27,"RI006H5ND0000",2022-05-23,"RI006H5ND0000",2022-05-23,"RI006H5ND0000",2022-05-23,"RECURSOS NÃO PROVIDOS. V.U.*","re","improvido","indefinido"
"10109180820218260100","15886382","Embargos de Declaração Cível","Prestação de Serviços","Daise Fajardo Nogueira Jacot","São Paulo","27ª Câmara de Direito Privado",2022-07-27,2022-07-27,"*EMBARGOS DE DECLARAÇÃO. Omissão, contradição ou obscuridade não configuradas. Caráter meramente infringente. Inadequação dos Embargos para fins de prequestionamento. Aplicação do artigo 1.025 do Código de Processo Civil. EMBARGOS REJEITADOS.*  (TJSP;  Embargos de Declaração Cível 1010918-08.2021.8.26.0100; Relator (a): Daise Fajardo Nogueira Jacot; Órgão Julgador: 27ª Câmara de Direito Privado; Foro Central Cível - 35ª Vara Cível; Data do Julgamento: 27/07/2022; Data de Registro: 27/07/2022)",FALSE,FALSE,FALSE,FALSE,FALSE,"RI006H5ND12KW",2022-07-27,"RI006H5ND0000",2022-05-23,"RI006H5ND0000",2022-05-23,"RI006H5ND12KW",2022-07-27,"EMBARGOS REJEITADOS. V.U.*","re",NA,"indefinido"
"10109180820218260100","15886382","Embargos de Declaração Cível","Prestação de Serviços","Daise Fajardo Nogueira Jacot","São Paulo","27ª Câmara de Direito Privado",2022-07-27,2022-07-27,"*EMBARGOS DE DECLARAÇÃO. Omissão, contradição ou obscuridade não configuradas. Caráter meramente infringente. Inadequação dos Embargos para fins de prequestionamento. Aplicação do artigo 1.025 do Código de Processo Civil. EMBARGOS REJEITADOS.*  (TJSP;  Embargos de Declaração Cível 1010918-08.2021.8.26.0100; Relator (a): Daise Fajardo Nogueira Jacot; Órgão Julgador: 27ª Câmara de Direito Privado; Foro Central Cível - 35ª Vara Cível; Data do Julgamento: 27/07/2022; Data de Registro: 27/07/2022)",FALSE,FALSE,FALSE,FALSE,FALSE,"RI006H5ND12KW",2022-07-27,"RI006H5ND0000",2022-05-23,"RI006H5ND12KW",2022-07-27,"RI006H5ND0000",2022-05-23,"RECURSOS NÃO PROVIDOS. V.U.*","re","improvido","indefinido"
"10109180820218260100","15886382","Embargos de Declaração Cível","Prestação de Serviços","Daise Fajardo Nogueira Jacot","São Paulo","27ª Câmara de Direito Privado",2022-07-27,2022-07-27,"*EMBARGOS DE DECLARAÇÃO. Omissão, contradição ou obscuridade não configuradas. Caráter meramente infringente. Inadequação dos Embargos para fins de prequestionamento. Aplicação do artigo 1.025 do Código de Processo Civil. EMBARGOS REJEITADOS.*  (TJSP;  Embargos de Declaração Cível 1010918-08.2021.8.26.0100; Relator (a): Daise Fajardo Nogueira Jacot; Órgão Julgador: 27ª Câmara de Direito Privado; Foro Central Cível - 35ª Vara Cível; Data do Julgamento: 27/07/2022; Data de Registro: 27/07/2022)",FALSE,FALSE,FALSE,FALSE,FALSE,"RI006H5ND12KW",2022-07-27,"RI006H5ND0000",2022-05-23,"RI006H5ND12KW",2022-07-27,"RI006H5ND12KW",2022-07-27,"EMBARGOS REJEITADOS. V.U.*","re",NA,"indefinido"
"10109180820218260100","15886382","Embargos de Declaração Cível","Prestação de Serviços","Daise Fajardo Nogueira Jacot","São Paulo","27ª Câmara de Direito Privado",2022-07-27,2022-07-27,"*EMBARGOS DE DECLARAÇÃO. Omissão, contradição ou obscuridade não configuradas. Caráter meramente infringente. Inadequação dos Embargos para fins de prequestionamento. Aplicação do artigo 1.025 do Código de Processo Civil. EMBARGOS REJEITADOS.*  (TJSP;  Embargos de Declaração Cível 1010918-08.2021.8.26.0100; Relator (a): Daise Fajardo Nogueira Jacot; Órgão Julgador: 27ª Câmara de Direito Privado; Foro Central Cível - 35ª Vara Cível; Data do Julgamento: 27/07/2022; Data de Registro: 27/07/2022)",FALSE,FALSE,FALSE,FALSE,FALSE,"RI006H5ND12KW",2022-07-27,"RI006H5ND12KW",2022-07-27,"RI006H5ND0000",2022-05-23,"RI006H5ND0000",2022-05-23,"RECURSOS NÃO PROVIDOS. V.U.*","re","improvido","indefinido"
"10109180820218260100","15886382","Embargos de Declaração Cível","Prestação de Serviços","Daise Fajardo Nogueira Jacot","São Paulo","27ª Câmara de Direito Privado",2022-07-27,2022-07-27,"*EMBARGOS DE DECLARAÇÃO. Omissão, contradição ou obscuridade não configuradas. Caráter meramente infringente. Inadequação dos Embargos para fins de prequestionamento. Aplicação do artigo 1.025 do Código de Processo Civil. EMBARGOS REJEITADOS.*  (TJSP;  Embargos de Declaração Cível 1010918-08.2021.8.26.0100; Relator (a): Daise Fajardo Nogueira Jacot; Órgão Julgador: 27ª Câmara de Direito Privado; Foro Central Cível - 35ª Vara Cível; Data do Julgamento: 27/07/2022; Data de Registro: 27/07/2022)",FALSE,FALSE,FALSE,FALSE,FALSE,"RI006H5ND12KW",2022-07-27,"RI006H5ND12KW",2022-07-27,"RI006H5ND0000",2022-05-23,"RI006H5ND12KW",2022-07-27,"EMBARGOS REJEITADOS. V.U.*","re",NA,"indefinido"
"10109180820218260100","15886382","Embargos de Declaração Cível","Prestação de Serviços","Daise Fajardo Nogueira Jacot","São Paulo","27ª Câmara de Direito Privado",2022-07-27,2022-07-27,"*EMBARGOS DE DECLARAÇÃO. Omissão, contradição ou obscuridade não configuradas. Caráter meramente infringente. Inadequação dos Embargos para fins de prequestionamento. Aplicação do artigo 1.025 do Código de Processo Civil. EMBARGOS REJEITADOS.*  (TJSP;  Embargos de Declaração Cível 1010918-08.2021.8.26.0100; Relator (a): Daise Fajardo Nogueira Jacot; Órgão Julgador: 27ª Câmara de Direito Privado; Foro Central Cível - 35ª Vara Cível; Data do Julgamento: 27/07/2022; Data de Registro: 27/07/2022)",FALSE,FALSE,FALSE,FALSE,FALSE,"RI006H5ND12KW",2022-07-27,"RI006H5ND12KW",2022-07-27,"RI006H5ND12KW",2022-07-27,"RI006H5ND0000",2022-05-23,"RECURSOS NÃO PROVIDOS. V.U.*","re","improvido","indefinido"
"10109180820218260100","15886382","Embargos de Declaração Cível","Prestação de Serviços","Daise Fajardo Nogueira Jacot","São Paulo","27ª Câmara de Direito Privado",2022-07-27,2022-07-27,"*EMBARGOS DE DECLARAÇÃO. Omissão, contradição ou obscuridade não configuradas. Caráter meramente infringente. Inadequação dos Embargos para fins de prequestionamento. Aplicação do artigo 1.025 do Código de Processo Civil. EMBARGOS REJEITADOS.*  (TJSP;  Embargos de Declaração Cível 1010918-08.2021.8.26.0100; Relator (a): Daise Fajardo Nogueira Jacot; Órgão Julgador: 27ª Câmara de Direito Privado; Foro Central Cível - 35ª Vara Cível; Data do Julgamento: 27/07/2022; Data de Registro: 27/07/2022)",FALSE,FALSE,FALSE,FALSE,FALSE,"RI006H5ND12KW",2022-07-27,"RI006H5ND12KW",2022-07-27,"RI006H5ND12KW",2022-07-27,"RI006H5ND12KW",2022-07-27,"EMBARGOS REJEITADOS. V.U.*","re",NA,"indefinido"
"10112134520218260100","15884156","Apelação Cível","Espécies de Títulos de Crédito","REGIS RODRIGUES BONVICINO","São Paulo","21ª Câmara de Direito Privado",2022-07-26,2022-07-26,"APELAÇÃO. Ação de declaratória de inexigibilidade de débito c.c. indenização por danos morais. 
Sentença de parcial procedência. Inconformismo da ré. 
Contrato de prestação de serviços de publicidade na internet. Anulabilidade do negócio jurídico defeituoso por vício de consentimento. Serviços não contratados pela autora. Inaplicabilidade da teoria da aparência. Companheiro do representante legal da autora que não tinha poderes para celebrar o contrato.  Violação manifesta do princípio da boa-fé objetiva e do dever de informação. 
Dano moral não configurado. Indenização indevida.  Sentença reformada. Recurso parcialmente provido.  (TJSP;  Apelação Cível 1011213-45.2021.8.26.0100; Relator (a): REGIS RODRIGUES BONVICINO; Órgão Julgador: 21ª Câmara de Direito Privado; Foro Central Cível - 17ª Vara Cível; Data do Julgamento: 26/07/2022; Data de Registro: 26/07/2022)",FALSE,TRUE,FALSE,FALSE,FALSE,"RI006Z83Q0000",2022-07-26,"RI006Z83Q0000",2022-07-26,"RI006Z83Q0000",2022-07-26,"RI006Z83Q0000",2022-07-26,"Deram provimento em parte ao recurso. V. U.","autora","parcial","consumidor_venceu"
"10109180820218260100","15691410","Apelação Cível","Prestação de Serviços","Daise Fajardo Nogueira Jacot","São Paulo","27ª Câmara de Direito Privado",2022-05-23,2022-05-23,"*AÇÃO DE RESCISÃO CONTRATUAL C.C. DECLARATÓRIA DE INEXIGIBILIDADE DE DÉBITO. Contrato de prestação de serviços. Publicidade via ""Internet"". Demandante contratante que alega ter firmado a contratação no dia  04 de março de 2020,  SENTENÇA de parcial procedência. APELAÇÃO da autora, que insiste na total procedência, com a declaração de inexigibilidade do débito, atribuindo culpa exclusiva da rescisão à demandada. APELAÇÃO da ré, que insiste na manutenção do contrato, condicionando a rescisão ao prévio pagamento da multa contratual. EXAME: Prova convincente quanto à contratação da publicidade via ""Internet"" firmada entre as partes no dia 04 de março de 2020 para os anos de 2020, 2021 e 2022, ao preço de doze (12) mensalidades de R$ 290,00 por edição. Notícia de quitação quanto ao primeiro ano da contratação. Demandante contratante que tem direito potestativo à rescisão unilateral do Contrato, mas sem prejuízo do pagamento da multa de quarenta por cento (40%), que no caso deve incidir sobre o valor contratual referente aos anos de 2021 e 2022. Sucumbência recíproca corretamente aplicada. Sentença mantida. RECURSOS NÃO PROVIDOS.*  (TJSP;  Apelação Cível 1010918-08.2021.8.26.0100; Relator (a): Daise Fajardo Nogueira Jacot; Órgão Julgador: 27ª Câmara de Direito Privado; Foro Central Cível - 35ª Vara Cível; Data do Julgamento: 23/05/2022; Data de Registro: 23/05/2022)",FALSE,FALSE,FALSE,FALSE,FALSE,"RI006H5ND0000",2022-05-23,"RI006H5ND0000",2022-05-23,"RI006H5ND0000",2022-05-23,"RI006H5ND0000",2022-05-23,"RECURSOS NÃO PROVIDOS. V.U.*","re","improvido","indefinido"
"10109180820218260100","15691410","Apelação Cível","Prestação de Serviços","Daise Fajardo Nogueira Jacot","São Paulo","27ª Câmara de Direito Privado",2022-05-23,2022-05-23,"*AÇÃO DE RESCISÃO CONTRATUAL C.C. DECLARATÓRIA DE INEXIGIBILIDADE DE DÉBITO. Contrato de prestação de serviços. Publicidade via ""Internet"". Demandante contratante que alega ter firmado a contratação no dia  04 de março de 2020,  SENTENÇA de parcial procedência. APELAÇÃO da autora, que insiste na total procedência, com a declaração de inexigibilidade do débito, atribuindo culpa exclusiva da rescisão à demandada. APELAÇÃO da ré, que insiste na manutenção do contrato, condicionando a rescisão ao prévio pagamento da multa contratual. EXAME: Prova convincente quanto à contratação da publicidade via ""Internet"" firmada entre as partes no dia 04 de março de 2020 para os anos de 2020, 2021 e 2022, ao preço de doze (12) mensalidades de R$ 290,00 por edição. Notícia de quitação quanto ao primeiro ano da contratação. Demandante contratante que tem direito potestativo à rescisão unilateral do Contrato, mas sem prejuízo do pagamento da multa de quarenta por cento (40%), que no caso deve incidir sobre o valor contratual referente aos anos de 2021 e 2022. Sucumbência recíproca corretamente aplicada. Sentença mantida. RECURSOS NÃO PROVIDOS.*  (TJSP;  Apelação Cível 1010918-08.2021.8.26.0100; Relator (a): Daise Fajardo Nogueira Jacot; Órgão Julgador: 27ª Câmara de Direito Privado; Foro Central Cível - 35ª Vara Cível; Data do Julgamento: 23/05/2022; Data de Registro: 23/05/2022)",FALSE,FALSE,FALSE,FALSE,FALSE,"RI006H5ND0000",2022-05-23,"RI006H5ND0000",2022-05-23,"RI006H5ND0000",2022-05-23,"RI006H5ND12KW",2022-07-27,"EMBARGOS REJEITADOS. V.U.*","re",NA,"indefinido"
"10109180820218260100","15691410","Apelação Cível","Prestação de Serviços","Daise Fajardo Nogueira Jacot","São Paulo","27ª Câmara de Direito Privado",2022-05-23,2022-05-23,"*AÇÃO DE RESCISÃO CONTRATUAL C.C. DECLARATÓRIA DE INEXIGIBILIDADE DE DÉBITO. Contrato de prestação de serviços. Publicidade via ""Internet"". Demandante contratante que alega ter firmado a contratação no dia  04 de março de 2020,  SENTENÇA de parcial procedência. APELAÇÃO da autora, que insiste na total procedência, com a declaração de inexigibilidade do débito, atribuindo culpa exclusiva da rescisão à demandada. APELAÇÃO da ré, que insiste na manutenção do contrato, condicionando a rescisão ao prévio pagamento da multa contratual. EXAME: Prova convincente quanto à contratação da publicidade via ""Internet"" firmada entre as partes no dia 04 de março de 2020 para os anos de 2020, 2021 e 2022, ao preço de doze (12) mensalidades de R$ 290,00 por edição. Notícia de quitação quanto ao primeiro ano da contratação. Demandante contratante que tem direito potestativo à rescisão unilateral do Contrato, mas sem prejuízo do pagamento da multa de quarenta por cento (40%), que no caso deve incidir sobre o valor contratual referente aos anos de 2021 e 2022. Sucumbência recíproca corretamente aplicada. Sentença mantida. RECURSOS NÃO PROVIDOS.*  (TJSP;  Apelação Cível 1010918-08.2021.8.26.0100; Relator (a): Daise Fajardo Nogueira Jacot; Órgão Julgador: 27ª Câmara de Direito Privado; Foro Central Cível - 35ª Vara Cível; Data do Julgamento: 23/05/2022; Data de Registro: 23/05/2022)",FALSE,FALSE,FALSE,FALSE,FALSE,"RI006H5ND0000",2022-05-23,"RI006H5ND0000",2022-05-23,"RI006H5ND12KW",2022-07-27,"RI006H5ND0000",2022-05-23,"RECURSOS NÃO PROVIDOS. V.U.*","re","improvido","indefinido"
"10109180820218260100","15691410","Apelação Cível","Prestação de Serviços","Daise Fajardo Nogueira Jacot","São Paulo","27ª Câmara de Direito Privado",2022-05-23,2022-05-23,"*AÇÃO DE RESCISÃO CONTRATUAL C.C. DECLARATÓRIA DE INEXIGIBILIDADE DE DÉBITO. Contrato de prestação de serviços. Publicidade via ""Internet"". Demandante contratante que alega ter firmado a contratação no dia  04 de março de 2020,  SENTENÇA de parcial procedência. APELAÇÃO da autora, que insiste na total procedência, com a declaração de inexigibilidade do débito, atribuindo culpa exclusiva da rescisão à demandada. APELAÇÃO da ré, que insiste na manutenção do contrato, condicionando a rescisão ao prévio pagamento da multa contratual. EXAME: Prova convincente quanto à contratação da publicidade via ""Internet"" firmada entre as partes no dia 04 de março de 2020 para os anos de 2020, 2021 e 2022, ao preço de doze (12) mensalidades de R$ 290,00 por edição. Notícia de quitação quanto ao primeiro ano da contratação. Demandante contratante que tem direito potestativo à rescisão unilateral do Contrato, mas sem prejuízo do pagamento da multa de quarenta por cento (40%), que no caso deve incidir sobre o valor contratual referente aos anos de 2021 e 2022. Sucumbência recíproca corretamente aplicada. Sentença mantida. RECURSOS NÃO PROVIDOS.*  (TJSP;  Apelação Cível 1010918-08.2021.8.26.0100; Relator (a): Daise Fajardo Nogueira Jacot; Órgão Julgador: 27ª Câmara de Direito Privado; Foro Central Cível - 35ª Vara Cível; Data do Julgamento: 23/05/2022; Data de Registro: 23/05/2022)",FALSE,FALSE,FALSE,FALSE,FALSE,"RI006H5ND0000",2022-05-23,"RI006H5ND0000",2022-05-23,"RI006H5ND12KW",2022-07-27,"RI006H5ND12KW",2022-07-27,"EMBARGOS REJEITADOS. V.U.*","re",NA,"indefinido"
"10109180820218260100","15691410","Apelação Cível","Prestação de Serviços","Daise Fajardo Nogueira Jacot","São Paulo","27ª Câmara de Direito Privado",2022-05-23,2022-05-23,"*AÇÃO DE RESCISÃO CONTRATUAL C.C. DECLARATÓRIA DE INEXIGIBILIDADE DE DÉBITO. Contrato de prestação de serviços. Publicidade via ""Internet"". Demandante contratante que alega ter firmado a contratação no dia  04 de março de 2020,  SENTENÇA de parcial procedência. APELAÇÃO da autora, que insiste na total procedência, com a declaração de inexigibilidade do débito, atribuindo culpa exclusiva da rescisão à demandada. APELAÇÃO da ré, que insiste na manutenção do contrato, condicionando a rescisão ao prévio pagamento da multa contratual. EXAME: Prova convincente quanto à contratação da publicidade via ""Internet"" firmada entre as partes no dia 04 de março de 2020 para os anos de 2020, 2021 e 2022, ao preço de doze (12) mensalidades de R$ 290,00 por edição. Notícia de quitação quanto ao primeiro ano da contratação. Demandante contratante que tem direito potestativo à rescisão unilateral do Contrato, mas sem prejuízo do pagamento da multa de quarenta por cento (40%), que no caso deve incidir sobre o valor contratual referente aos anos de 2021 e 2022. Sucumbência recíproca corretamente aplicada. Sentença mantida. RECURSOS NÃO PROVIDOS.*  (TJSP;  Apelação Cível 1010918-08.2021.8.26.0100; Relator (a): Daise Fajardo Nogueira Jacot; Órgão Julgador: 27ª Câmara de Direito Privado; Foro Central Cível - 35ª Vara Cível; Data do Julgamento: 23/05/2022; Data de Registro: 23/05/2022)",FALSE,FALSE,FALSE,FALSE,FALSE,"RI006H5ND0000",2022-05-23,"RI006H5ND12KW",2022-07-27,"RI006H5ND0000",2022-05-23,"RI006H5ND0000",2022-05-23,"RECURSOS NÃO PROVIDOS. V.U.*","re","improvido","indefinido"
"10109180820218260100","15691410","Apelação Cível","Prestação de Serviços","Daise Fajardo Nogueira Jacot","São Paulo","27ª Câmara de Direito Privado",2022-05-23,2022-05-23,"*AÇÃO DE RESCISÃO CONTRATUAL C.C. DECLARATÓRIA DE INEXIGIBILIDADE DE DÉBITO. Contrato de prestação de serviços. Publicidade via ""Internet"". Demandante contratante que alega ter firmado a contratação no dia  04 de março de 2020,  SENTENÇA de parcial procedência. APELAÇÃO da autora, que insiste na total procedência, com a declaração de inexigibilidade do débito, atribuindo culpa exclusiva da rescisão à demandada. APELAÇÃO da ré, que insiste na manutenção do contrato, condicionando a rescisão ao prévio pagamento da multa contratual. EXAME: Prova convincente quanto à contratação da publicidade via ""Internet"" firmada entre as partes no dia 04 de março de 2020 para os anos de 2020, 2021 e 2022, ao preço de doze (12) mensalidades de R$ 290,00 por edição. Notícia de quitação quanto ao primeiro ano da contratação. Demandante contratante que tem direito potestativo à rescisão unilateral do Contrato, mas sem prejuízo do pagamento da multa de quarenta por cento (40%), que no caso deve incidir sobre o valor contratual referente aos anos de 2021 e 2022. Sucumbência recíproca corretamente aplicada. Sentença mantida. RECURSOS NÃO PROVIDOS.*  (TJSP;  Apelação Cível 1010918-08.2021.8.26.0100; Relator (a): Daise Fajardo Nogueira Jacot; Órgão Julgador: 27ª Câmara de Direito Privado; Foro Central Cível - 35ª Vara Cível; Data do Julgamento: 23/05/2022; Data de Registro: 23/05/2022)",FALSE,FALSE,FALSE,FALSE,FALSE,"RI006H5ND0000",2022-05-23,"RI006H5ND12KW",2022-07-27,"RI006H5ND0000",2022-05-23,"RI006H5ND12KW",2022-07-27,"EMBARGOS REJEITADOS. V.U.*","re",NA,"indefinido"
"10109180820218260100","15691410","Apelação Cível","Prestação de Serviços","Daise Fajardo Nogueira Jacot","São Paulo","27ª Câmara de Direito Privado",2022-05-23,2022-05-23,"*AÇÃO DE RESCISÃO CONTRATUAL C.C. DECLARATÓRIA DE INEXIGIBILIDADE DE DÉBITO. Contrato de prestação de serviços. Publicidade via ""Internet"". Demandante contratante que alega ter firmado a contratação no dia  04 de março de 2020,  SENTENÇA de parcial procedência. APELAÇÃO da autora, que insiste na total procedência, com a declaração de inexigibilidade do débito, atribuindo culpa exclusiva da rescisão à demandada. APELAÇÃO da ré, que insiste na manutenção do contrato, condicionando a rescisão ao prévio pagamento da multa contratual. EXAME: Prova convincente quanto à contratação da publicidade via ""Internet"" firmada entre as partes no dia 04 de março de 2020 para os anos de 2020, 2021 e 2022, ao preço de doze (12) mensalidades de R$ 290,00 por edição. Notícia de quitação quanto ao primeiro ano da contratação. Demandante contratante que tem direito potestativo à rescisão unilateral do Contrato, mas sem prejuízo do pagamento da multa de quarenta por cento (40%), que no caso deve incidir sobre o valor contratual referente aos anos de 2021 e 2022. Sucumbência recíproca corretamente aplicada. Sentença mantida. RECURSOS NÃO PROVIDOS.*  (TJSP;  Apelação Cível 1010918-08.2021.8.26.0100; Relator (a): Daise Fajardo Nogueira Jacot; Órgão Julgador: 27ª Câmara de Direito Privado; Foro Central Cível - 35ª Vara Cível; Data do Julgamento: 23/05/2022; Data de Registro: 23/05/2022)",FALSE,FALSE,FALSE,FALSE,FALSE,"RI006H5ND0000",2022-05-23,"RI006H5ND12KW",2022-07-27,"RI006H5ND12KW",2022-07-27,"RI006H5ND0000",2022-05-23,"RECURSOS NÃO PROVIDOS. V.U.*","re","improvido","indefinido"
"10109180820218260100","15691410","Apelação Cível","Prestação de Serviços","Daise Fajardo Nogueira Jacot","São Paulo","27ª Câmara de Direito Privado",2022-05-23,2022-05-23,"*AÇÃO DE RESCISÃO CONTRATUAL C.C. DECLARATÓRIA DE INEXIGIBILIDADE DE DÉBITO. Contrato de prestação de serviços. Publicidade via ""Internet"". Demandante contratante que alega ter firmado a contratação no dia  04 de março de 2020,  SENTENÇA de parcial procedência. APELAÇÃO da autora, que insiste na total procedência, com a declaração de inexigibilidade do débito, atribuindo culpa exclusiva da rescisão à demandada. APELAÇÃO da ré, que insiste na manutenção do contrato, condicionando a rescisão ao prévio pagamento da multa contratual. EXAME: Prova convincente quanto à contratação da publicidade via ""Internet"" firmada entre as partes no dia 04 de março de 2020 para os anos de 2020, 2021 e 2022, ao preço de doze (12) mensalidades de R$ 290,00 por edição. Notícia de quitação quanto ao primeiro ano da contratação. Demandante contratante que tem direito potestativo à rescisão unilateral do Contrato, mas sem prejuízo do pagamento da multa de quarenta por cento (40%), que no caso deve incidir sobre o valor contratual referente aos anos de 2021 e 2022. Sucumbência recíproca corretamente aplicada. Sentença mantida. RECURSOS NÃO PROVIDOS.*  (TJSP;  Apelação Cível 1010918-08.2021.8.26.0100; Relator (a): Daise Fajardo Nogueira Jacot; Órgão Julgador: 27ª Câmara de Direito Privado; Foro Central Cível - 35ª Vara Cível; Data do Julgamento: 23/05/2022; Data de Registro: 23/05/2022)",FALSE,FALSE,FALSE,FALSE,FALSE,"RI006H5ND0000",2022-05-23,"RI006H5ND12KW",2022-07-27,"RI006H5ND12KW",2022-07-27,"RI006H5ND12KW",2022-07-27,"EMBARGOS REJEITADOS. V.U.*","re",NA,"indefinido"
"10109180820218260100","15691410","Apelação Cível","Prestação de Serviços","Daise Fajardo Nogueira Jacot","São Paulo","27ª Câmara de Direito Privado",2022-05-23,2022-05-23,"*AÇÃO DE RESCISÃO CONTRATUAL C.C. DECLARATÓRIA DE INEXIGIBILIDADE DE DÉBITO. Contrato de prestação de serviços. Publicidade via ""Internet"". Demandante contratante que alega ter firmado a contratação no dia  04 de março de 2020,  SENTENÇA de parcial procedência. APELAÇÃO da autora, que insiste na total procedência, com a declaração de inexigibilidade do débito, atribuindo culpa exclusiva da rescisão à demandada. APELAÇÃO da ré, que insiste na manutenção do contrato, condicionando a rescisão ao prévio pagamento da multa contratual. EXAME: Prova convincente quanto à contratação da publicidade via ""Internet"" firmada entre as partes no dia 04 de março de 2020 para os anos de 2020, 2021 e 2022, ao preço de doze (12) mensalidades de R$ 290,00 por edição. Notícia de quitação quanto ao primeiro ano da contratação. Demandante contratante que tem direito potestativo à rescisão unilateral do Contrato, mas sem prejuízo do pagamento da multa de quarenta por cento (40%), que no caso deve incidir sobre o valor contratual referente aos anos de 2021 e 2022. Sucumbência recíproca corretamente aplicada. Sentença mantida. RECURSOS NÃO PROVIDOS.*  (TJSP;  Apelação Cível 1010918-08.2021.8.26.0100; Relator (a): Daise Fajardo Nogueira Jacot; Órgão Julgador: 27ª Câmara de Direito Privado; Foro Central Cível - 35ª Vara Cível; Data do Julgamento: 23/05/2022; Data de Registro: 23/05/2022)",FALSE,FALSE,FALSE,FALSE,FALSE,"RI006H5ND12KW",2022-07-27,"RI006H5ND0000",2022-05-23,"RI006H5ND0000",2022-05-23,"RI006H5ND0000",2022-05-23,"RECURSOS NÃO PROVIDOS. V.U.*","re","improvido","indefinido"
"10109180820218260100","15691410","Apelação Cível","Prestação de Serviços","Daise Fajardo Nogueira Jacot","São Paulo","27ª Câmara de Direito Privado",2022-05-23,2022-05-23,"*AÇÃO DE RESCISÃO CONTRATUAL C.C. DECLARATÓRIA DE INEXIGIBILIDADE DE DÉBITO. Contrato de prestação de serviços. Publicidade via ""Internet"". Demandante contratante que alega ter firmado a contratação no dia  04 de março de 2020,  SENTENÇA de parcial procedência. APELAÇÃO da autora, que insiste na total procedência, com a declaração de inexigibilidade do débito, atribuindo culpa exclusiva da rescisão à demandada. APELAÇÃO da ré, que insiste na manutenção do contrato, condicionando a rescisão ao prévio pagamento da multa contratual. EXAME: Prova convincente quanto à contratação da publicidade via ""Internet"" firmada entre as partes no dia 04 de março de 2020 para os anos de 2020, 2021 e 2022, ao preço de doze (12) mensalidades de R$ 290,00 por edição. Notícia de quitação quanto ao primeiro ano da contratação. Demandante contratante que tem direito potestativo à rescisão unilateral do Contrato, mas sem prejuízo do pagamento da multa de quarenta por cento (40%), que no caso deve incidir sobre o valor contratual referente aos anos de 2021 e 2022. Sucumbência recíproca corretamente aplicada. Sentença mantida. RECURSOS NÃO PROVIDOS.*  (TJSP;  Apelação Cível 1010918-08.2021.8.26.0100; Relator (a): Daise Fajardo Nogueira Jacot; Órgão Julgador: 27ª Câmara de Direito Privado; Foro Central Cível - 35ª Vara Cível; Data do Julgamento: 23/05/2022; Data de Registro: 23/05/2022)",FALSE,FALSE,FALSE,FALSE,FALSE,"RI006H5ND12KW",2022-07-27,"RI006H5ND0000",2022-05-23,"RI006H5ND0000",2022-05-23,"RI006H5ND12KW",2022-07-27,"EMBARGOS REJEITADOS. V.U.*","re",NA,"indefinido"
"10109180820218260100","15691410","Apelação Cível","Prestação de Serviços","Daise Fajardo Nogueira Jacot","São Paulo","27ª Câmara de Direito Privado",2022-05-23,2022-05-23,"*AÇÃO DE RESCISÃO CONTRATUAL C.C. DECLARATÓRIA DE INEXIGIBILIDADE DE DÉBITO. Contrato de prestação de serviços. Publicidade via ""Internet"". Demandante contratante que alega ter firmado a contratação no dia  04 de março de 2020,  SENTENÇA de parcial procedência. APELAÇÃO da autora, que insiste na total procedência, com a declaração de inexigibilidade do débito, atribuindo culpa exclusiva da rescisão à demandada. APELAÇÃO da ré, que insiste na manutenção do contrato, condicionando a rescisão ao prévio pagamento da multa contratual. EXAME: Prova convincente quanto à contratação da publicidade via ""Internet"" firmada entre as partes no dia 04 de março de 2020 para os anos de 2020, 2021 e 2022, ao preço de doze (12) mensalidades de R$ 290,00 por edição. Notícia de quitação quanto ao primeiro ano da contratação. Demandante contratante que tem direito potestativo à rescisão unilateral do Contrato, mas sem prejuízo do pagamento da multa de quarenta por cento (40%), que no caso deve incidir sobre o valor contratual referente aos anos de 2021 e 2022. Sucumbência recíproca corretamente aplicada. Sentença mantida. RECURSOS NÃO PROVIDOS.*  (TJSP;  Apelação Cível 1010918-08.2021.8.26.0100; Relator (a): Daise Fajardo Nogueira Jacot; Órgão Julgador: 27ª Câmara de Direito Privado; Foro Central Cível - 35ª Vara Cível; Data do Julgamento: 23/05/2022; Data de Registro: 23/05/2022)",FALSE,FALSE,FALSE,FALSE,FALSE,"RI006H5ND12KW",2022-07-27,"RI006H5ND0000",2022-05-23,"RI006H5ND12KW",2022-07-27,"RI006H5ND0000",2022-05-23,"RECURSOS NÃO PROVIDOS. V.U.*","re","improvido","indefinido"
"10109180820218260100","15691410","Apelação Cível","Prestação de Serviços","Daise Fajardo Nogueira Jacot","São Paulo","27ª Câmara de Direito Privado",2022-05-23,2022-05-23,"*AÇÃO DE RESCISÃO CONTRATUAL C.C. DECLARATÓRIA DE INEXIGIBILIDADE DE DÉBITO. Contrato de prestação de serviços. Publicidade via ""Internet"". Demandante contratante que alega ter firmado a contratação no dia  04 de março de 2020,  SENTENÇA de parcial procedência. APELAÇÃO da autora, que insiste na total procedência, com a declaração de inexigibilidade do débito, atribuindo culpa exclusiva da rescisão à demandada. APELAÇÃO da ré, que insiste na manutenção do contrato, condicionando a rescisão ao prévio pagamento da multa contratual. EXAME: Prova convincente quanto à contratação da publicidade via ""Internet"" firmada entre as partes no dia 04 de março de 2020 para os anos de 2020, 2021 e 2022, ao preço de doze (12) mensalidades de R$ 290,00 por edição. Notícia de quitação quanto ao primeiro ano da contratação. Demandante contratante que tem direito potestativo à rescisão unilateral do Contrato, mas sem prejuízo do pagamento da multa de quarenta por cento (40%), que no caso deve incidir sobre o valor contratual referente aos anos de 2021 e 2022. Sucumbência recíproca corretamente aplicada. Sentença mantida. RECURSOS NÃO PROVIDOS.*  (TJSP;  Apelação Cível 1010918-08.2021.8.26.0100; Relator (a): Daise Fajardo Nogueira Jacot; Órgão Julgador: 27ª Câmara de Direito Privado; Foro Central Cível - 35ª Vara Cível; Data do Julgamento: 23/05/2022; Data de Registro: 23/05/2022)",FALSE,FALSE,FALSE,FALSE,FALSE,"RI006H5ND12KW",2022-07-27,"RI006H5ND0000",2022-05-23,"RI006H5ND12KW",2022-07-27,"RI006H5ND12KW",2022-07-27,"EMBARGOS REJEITADOS. V.U.*","re",NA,"indefinido"
"10109180820218260100","15691410","Apelação Cível","Prestação de Serviços","Daise Fajardo Nogueira Jacot","São Paulo","27ª Câmara de Direito Privado",2022-05-23,2022-05-23,"*AÇÃO DE RESCISÃO CONTRATUAL C.C. DECLARATÓRIA DE INEXIGIBILIDADE DE DÉBITO. Contrato de prestação de serviços. Publicidade via ""Internet"". Demandante contratante que alega ter firmado a contratação no dia  04 de março de 2020,  SENTENÇA de parcial procedência. APELAÇÃO da autora, que insiste na total procedência, com a declaração de inexigibilidade do débito, atribuindo culpa exclusiva da rescisão à demandada. APELAÇÃO da ré, que insiste na manutenção do contrato, condicionando a rescisão ao prévio pagamento da multa contratual. EXAME: Prova convincente quanto à contratação da publicidade via ""Internet"" firmada entre as partes no dia 04 de março de 2020 para os anos de 2020, 2021 e 2022, ao preço de doze (12) mensalidades de R$ 290,00 por edição. Notícia de quitação quanto ao primeiro ano da contratação. Demandante contratante que tem direito potestativo à rescisão unilateral do Contrato, mas sem prejuízo do pagamento da multa de quarenta por cento (40%), que no caso deve incidir sobre o valor contratual referente aos anos de 2021 e 2022. Sucumbência recíproca corretamente aplicada. Sentença mantida. RECURSOS NÃO PROVIDOS.*  (TJSP;  Apelação Cível 1010918-08.2021.8.26.0100; Relator (a): Daise Fajardo Nogueira Jacot; Órgão Julgador: 27ª Câmara de Direito Privado; Foro Central Cível - 35ª Vara Cível; Data do Julgamento: 23/05/2022; Data de Registro: 23/05/2022)",FALSE,FALSE,FALSE,FALSE,FALSE,"RI006H5ND12KW",2022-07-27,"RI006H5ND12KW",2022-07-27,"RI006H5ND0000",2022-05-23,"RI006H5ND0000",2022-05-23,"RECURSOS NÃO PROVIDOS. V.U.*","re","improvido","indefinido"
"10109180820218260100","15691410","Apelação Cível","Prestação de Serviços","Daise Fajardo Nogueira Jacot","São Paulo","27ª Câmara de Direito Privado",2022-05-23,2022-05-23,"*AÇÃO DE RESCISÃO CONTRATUAL C.C. DECLARATÓRIA DE INEXIGIBILIDADE DE DÉBITO. Contrato de prestação de serviços. Publicidade via ""Internet"". Demandante contratante que alega ter firmado a contratação no dia  04 de março de 2020,  SENTENÇA de parcial procedência. APELAÇÃO da autora, que insiste na total procedência, com a declaração de inexigibilidade do débito, atribuindo culpa exclusiva da rescisão à demandada. APELAÇÃO da ré, que insiste na manutenção do contrato, condicionando a rescisão ao prévio pagamento da multa contratual. EXAME: Prova convincente quanto à contratação da publicidade via ""Internet"" firmada entre as partes no dia 04 de março de 2020 para os anos de 2020, 2021 e 2022, ao preço de doze (12) mensalidades de R$ 290,00 por edição. Notícia de quitação quanto ao primeiro ano da contratação. Demandante contratante que tem direito potestativo à rescisão unilateral do Contrato, mas sem prejuízo do pagamento da multa de quarenta por cento (40%), que no caso deve incidir sobre o valor contratual referente aos anos de 2021 e 2022. Sucumbência recíproca corretamente aplicada. Sentença mantida. RECURSOS NÃO PROVIDOS.*  (TJSP;  Apelação Cível 1010918-08.2021.8.26.0100; Relator (a): Daise Fajardo Nogueira Jacot; Órgão Julgador: 27ª Câmara de Direito Privado; Foro Central Cível - 35ª Vara Cível; Data do Julgamento: 23/05/2022; Data de Registro: 23/05/2022)",FALSE,FALSE,FALSE,FALSE,FALSE,"RI006H5ND12KW",2022-07-27,"RI006H5ND12KW",2022-07-27,"RI006H5ND0000",2022-05-23,"RI006H5ND12KW",2022-07-27,"EMBARGOS REJEITADOS. V.U.*","re",NA,"indefinido"
"10109180820218260100","15691410","Apelação Cível","Prestação de Serviços","Daise Fajardo Nogueira Jacot","São Paulo","27ª Câmara de Direito Privado",2022-05-23,2022-05-23,"*AÇÃO DE RESCISÃO CONTRATUAL C.C. DECLARATÓRIA DE INEXIGIBILIDADE DE DÉBITO. Contrato de prestação de serviços. Publicidade via ""Internet"". Demandante contratante que alega ter firmado a contratação no dia  04 de março de 2020,  SENTENÇA de parcial procedência. APELAÇÃO da autora, que insiste na total procedência, com a declaração de inexigibilidade do débito, atribuindo culpa exclusiva da rescisão à demandada. APELAÇÃO da ré, que insiste na manutenção do contrato, condicionando a rescisão ao prévio pagamento da multa contratual. EXAME: Prova convincente quanto à contratação da publicidade via ""Internet"" firmada entre as partes no dia 04 de março de 2020 para os anos de 2020, 2021 e 2022, ao preço de doze (12) mensalidades de R$ 290,00 por edição. Notícia de quitação quanto ao primeiro ano da contratação. Demandante contratante que tem direito potestativo à rescisão unilateral do Contrato, mas sem prejuízo do pagamento da multa de quarenta por cento (40%), que no caso deve incidir sobre o valor contratual referente aos anos de 2021 e 2022. Sucumbência recíproca corretamente aplicada. Sentença mantida. RECURSOS NÃO PROVIDOS.*  (TJSP;  Apelação Cível 1010918-08.2021.8.26.0100; Relator (a): Daise Fajardo Nogueira Jacot; Órgão Julgador: 27ª Câmara de Direito Privado; Foro Central Cível - 35ª Vara Cível; Data do Julgamento: 23/05/2022; Data de Registro: 23/05/2022)",FALSE,FALSE,FALSE,FALSE,FALSE,"RI006H5ND12KW",2022-07-27,"RI006H5ND12KW",2022-07-27,"RI006H5ND12KW",2022-07-27,"RI006H5ND0000",2022-05-23,"RECURSOS NÃO PROVIDOS. V.U.*","re","improvido","indefinido"
"10109180820218260100","15691410","Apelação Cível","Prestação de Serviços","Daise Fajardo Nogueira Jacot","São Paulo","27ª Câmara de Direito Privado",2022-05-23,2022-05-23,"*AÇÃO DE RESCISÃO CONTRATUAL C.C. DECLARATÓRIA DE INEXIGIBILIDADE DE DÉBITO. Contrato de prestação de serviços. Publicidade via ""Internet"". Demandante contratante que alega ter firmado a contratação no dia  04 de março de 2020,  SENTENÇA de parcial procedência. APELAÇÃO da autora, que insiste na total procedência, com a declaração de inexigibilidade do débito, atribuindo culpa exclusiva da rescisão à demandada. APELAÇÃO da ré, que insiste na manutenção do contrato, condicionando a rescisão ao prévio pagamento da multa contratual. EXAME: Prova convincente quanto à contratação da publicidade via ""Internet"" firmada entre as partes no dia 04 de março de 2020 para os anos de 2020, 2021 e 2022, ao preço de doze (12) mensalidades de R$ 290,00 por edição. Notícia de quitação quanto ao primeiro ano da contratação. Demandante contratante que tem direito potestativo à rescisão unilateral do Contrato, mas sem prejuízo do pagamento da multa de quarenta por cento (40%), que no caso deve incidir sobre o valor contratual referente aos anos de 2021 e 2022. Sucumbência recíproca corretamente aplicada. Sentença mantida. RECURSOS NÃO PROVIDOS.*  (TJSP;  Apelação Cível 1010918-08.2021.8.26.0100; Relator (a): Daise Fajardo Nogueira Jacot; Órgão Julgador: 27ª Câmara de Direito Privado; Foro Central Cível - 35ª Vara Cível; Data do Julgamento: 23/05/2022; Data de Registro: 23/05/2022)",FALSE,FALSE,FALSE,FALSE,FALSE,"RI006H5ND12KW",2022-07-27,"RI006H5ND12KW",2022-07-27,"RI006H5ND12KW",2022-07-27,"RI006H5ND12KW",2022-07-27,"EMBARGOS REJEITADOS. V.U.*","re",NA,"indefinido"
"10199525120208260032","15570924","Apelação Cível","Prestação de Serviços","Carlos Dias Motta","São Paulo","26ª Câmara de Direito Privado",2022-04-11,2022-04-11,"PRESTAÇÃO DE SERVIÇOS. Ação declaratória de invalidação de negócio jurídico c. c. inexistência de débito e pedido de ressarcimento. Sentença de improcedência. Requerimento de atribuição de efeito suspensivo à apelação interposta. Rejeição. Questão que se encontra prejudicada a esta altura do processo. Exame do mérito. Controvérsia sobre a eventual invalidade do contrato celebrado entre as partes, em razão de vício na manifestação de vontade exarada pela autora. Alegação da autora de que a funcionária que a representou na celebração do contrato não tinha poderes para tanto e, além disso, teria sido enganada por informações inverídicas prestadas pela funcionária da ré. Não acolhimento. Aplicabilidade do Código de Defesa do Consumidor. Descabimento da inversão do ônus da prova. Ausência verossimilhança da alegação ou da hipossuficiência da consumidora exigidas pelo artigo 6º, inciso VIII, do CDC. Parte autora tinha o ônus de comprovar a ocorrência de vício na manifestação de sua vontade quando da celebração do contrato entre as partes, conforme o artigo 373, inciso I, do CPC/2015. Autora que não conseguiu se desincumbir do seu ônus probatório. Elementos constantes nos autos dão conta de que a manifestação da vontade pela autora se deu de maneira livre e consciente, tanto que ela própria afirma que a ré a contatou para oferecer serviço de publicidade e que, após a contratação do serviço em questão, a sua funcionária encaminhou o boleto da primeira parcela do valor do serviço ao seu setor financeiro, que efetuou o respectivo pagamento, circunstâncias que infirmam a alegação de que a funcionária em questão tenha sido levada a acreditar que o documento que lhe foi enviado para preenchimento e assinatura se tratava de mera atualização cadastral, bem como evidenciam que a autora tinha desde o princípio pleno conhecimento do caráter oneroso do negócio. Contrato celebrado entre as partes apresenta linguagem clara e formatação simples, de modo que o instrumento contratual não pode ser reputado como óbice para compreensão do conteúdo da avença. Funcionária que participou das tratativas que antecederam a celebração do contrato e assinou o instrumento contratual em nome da autora deve ser considerada investida dos poderes de representação para tal fim, mormente porque a autora ratificou o ato da referida profissional ao efetuar o pagamento da primeira parcela do valor do serviço de publicidade, gerando na ré a legítima expectativa de que a contratação se deu de maneira regular. Aplicação da teoria da aparência, cujo escopo é a preservação da boa-fé nas relações contratuais. Alegada invalidade do contrato celebrado entre as partes por vício na manifestação de vontade da autora não ficou comprovada, o que implica a rejeição da pretensão de declaração de inexigibilidade de cobranças amparadas no referido contrato, bem como da pretensão de ressarcimento da primeira parcela paga pela autora em razão do serviço de publicidade contratado. Improcedência desta ação era mesmo medida imperiosa. Manutenção da r. sentença. Apelação não provida.  (TJSP;  Apelação Cível 1019952-51.2020.8.26.0032; Relator (a): Carlos Dias Motta; Órgão Julgador: 26ª Câmara de Direito Privado; Foro Central Cível - 39ª Vara Cível; Data do Julgamento: 11/04/2022; Data de Registro: 11/04/2022)",FALSE,FALSE,FALSE,FALSE,FALSE,"RI006S57S0000",2022-04-11,"RI006S57S0000",2022-04-11,"RI006S57S0000",2022-04-11,"RI006S57S0000",2022-04-11,"Negaram provimento ao recurso. V. U.","re","improvido","indefinido"
"10011095220198260071","15553570","Apelação Cível","Espécies de Títulos de Crédito","Coutinho de Arruda","São Paulo","16ª Câmara de Direito Privado",2022-04-05,2022-04-05,"Ação declaratória de inexigibilidade de débito –  cobrança indevida de título –  teoria da aparência aplicável –  contrato firmado por funcionário que se apresentou como gerente –  prestação de serviços reconhecida –  contraprestação devida - sentença mantida   –  recurso improvido.  (TJSP;  Apelação Cível 1001109-52.2019.8.26.0071; Relator (a): Coutinho de Arruda; Órgão Julgador: 16ª Câmara de Direito Privado; Foro Central Cível - 37ª Vara Cível; Data do Julgamento: 05/04/2022; Data de Registro: 05/04/2022)",FALSE,FALSE,FALSE,FALSE,FALSE,"RI006L8GU0000",2022-04-05,"RI006L8GU0000",2022-04-05,"RI006L8GU0000",2022-04-05,"RI006L8GU0000",2022-04-05,"Negaram provimento ao recurso. V. U.","re","improvido","indefinido"
"10011095220198260071","15553570","Apelação Cível","Espécies de Títulos de Crédito","Coutinho de Arruda","São Paulo","16ª Câmara de Direito Privado",2022-04-05,2022-04-05,"Ação declaratória de inexigibilidade de débito –  cobrança indevida de título –  teoria da aparência aplicável –  contrato firmado por funcionário que se apresentou como gerente –  prestação de serviços reconhecida –  contraprestação devida - sentença mantida   –  recurso improvido.  (TJSP;  Apelação Cível 1001109-52.2019.8.26.0071; Relator (a): Coutinho de Arruda; Órgão Julgador: 16ª Câmara de Direito Privado; Foro Central Cível - 37ª Vara Cível; Data do Julgamento: 05/04/2022; Data de Registro: 05/04/2022)",FALSE,FALSE,FALSE,FALSE,FALSE,"RI006L8GU0000",2022-04-05,"RI006L8GU0000",2022-04-05,"RI006L8GU0000",2022-04-05,"RI006L8GU12KW",2023-01-13,"Rejeitaram os embargos. V. U.","re","embargos rejeitados","indefinido"
"10011095220198260071","15553570","Apelação Cível","Espécies de Títulos de Crédito","Coutinho de Arruda","São Paulo","16ª Câmara de Direito Privado",2022-04-05,2022-04-05,"Ação declaratória de inexigibilidade de débito –  cobrança indevida de título –  teoria da aparência aplicável –  contrato firmado por funcionário que se apresentou como gerente –  prestação de serviços reconhecida –  contraprestação devida - sentença mantida   –  recurso improvido.  (TJSP;  Apelação Cível 1001109-52.2019.8.26.0071; Relator (a): Coutinho de Arruda; Órgão Julgador: 16ª Câmara de Direito Privado; Foro Central Cível - 37ª Vara Cível; Data do Julgamento: 05/04/2022; Data de Registro: 05/04/2022)",FALSE,FALSE,FALSE,FALSE,FALSE,"RI006L8GU0000",2022-04-05,"RI006L8GU0000",2022-04-05,"RI006L8GU12KW",2023-01-13,"RI006L8GU0000",2022-04-05,"Negaram provimento ao recurso. V. U.","re","improvido","indefinido"
"10011095220198260071","15553570","Apelação Cível","Espécies de Títulos de Crédito","Coutinho de Arruda","São Paulo","16ª Câmara de Direito Privado",2022-04-05,2022-04-05,"Ação declaratória de inexigibilidade de débito –  cobrança indevida de título –  teoria da aparência aplicável –  contrato firmado por funcionário que se apresentou como gerente –  prestação de serviços reconhecida –  contraprestação devida - sentença mantida   –  recurso improvido.  (TJSP;  Apelação Cível 1001109-52.2019.8.26.0071; Relator (a): Coutinho de Arruda; Órgão Julgador: 16ª Câmara de Direito Privado; Foro Central Cível - 37ª Vara Cível; Data do Julgamento: 05/04/2022; Data de Registro: 05/04/2022)",FALSE,FALSE,FALSE,FALSE,FALSE,"RI006L8GU0000",2022-04-05,"RI006L8GU0000",2022-04-05,"RI006L8GU12KW",2023-01-13,"RI006L8GU12KW",2023-01-13,"Rejeitaram os embargos. V. U.","re","embargos rejeitados","indefinido"
"10011095220198260071","15553570","Apelação Cível","Espécies de Títulos de Crédito","Coutinho de Arruda","São Paulo","16ª Câmara de Direito Privado",2022-04-05,2022-04-05,"Ação declaratória de inexigibilidade de débito –  cobrança indevida de título –  teoria da aparência aplicável –  contrato firmado por funcionário que se apresentou como gerente –  prestação de serviços reconhecida –  contraprestação devida - sentença mantida   –  recurso improvido.  (TJSP;  Apelação Cível 1001109-52.2019.8.26.0071; Relator (a): Coutinho de Arruda; Órgão Julgador: 16ª Câmara de Direito Privado; Foro Central Cível - 37ª Vara Cível; Data do Julgamento: 05/04/2022; Data de Registro: 05/04/2022)",FALSE,FALSE,FALSE,FALSE,FALSE,"RI006L8GU0000",2022-04-05,"RI006L8GU12KW",2023-01-13,"RI006L8GU0000",2022-04-05,"RI006L8GU0000",2022-04-05,"Negaram provimento ao recurso. V. U.","re","improvido","indefinido"
"10011095220198260071","15553570","Apelação Cível","Espécies de Títulos de Crédito","Coutinho de Arruda","São Paulo","16ª Câmara de Direito Privado",2022-04-05,2022-04-05,"Ação declaratória de inexigibilidade de débito –  cobrança indevida de título –  teoria da aparência aplicável –  contrato firmado por funcionário que se apresentou como gerente –  prestação de serviços reconhecida –  contraprestação devida - sentença mantida   –  recurso improvido.  (TJSP;  Apelação Cível 1001109-52.2019.8.26.0071; Relator (a): Coutinho de Arruda; Órgão Julgador: 16ª Câmara de Direito Privado; Foro Central Cível - 37ª Vara Cível; Data do Julgamento: 05/04/2022; Data de Registro: 05/04/2022)",FALSE,FALSE,FALSE,FALSE,FALSE,"RI006L8GU0000",2022-04-05,"RI006L8GU12KW",2023-01-13,"RI006L8GU0000",2022-04-05,"RI006L8GU12KW",2023-01-13,"Rejeitaram os embargos. V. U.","re","embargos rejeitados","indefinido"
"10011095220198260071","15553570","Apelação Cível","Espécies de Títulos de Crédito","Coutinho de Arruda","São Paulo","16ª Câmara de Direito Privado",2022-04-05,2022-04-05,"Ação declaratória de inexigibilidade de débito –  cobrança indevida de título –  teoria da aparência aplicável –  contrato firmado por funcionário que se apresentou como gerente –  prestação de serviços reconhecida –  contraprestação devida - sentença mantida   –  recurso improvido.  (TJSP;  Apelação Cível 1001109-52.2019.8.26.0071; Relator (a): Coutinho de Arruda; Órgão Julgador: 16ª Câmara de Direito Privado; Foro Central Cível - 37ª Vara Cível; Data do Julgamento: 05/04/2022; Data de Registro: 05/04/2022)",FALSE,FALSE,FALSE,FALSE,FALSE,"RI006L8GU0000",2022-04-05,"RI006L8GU12KW",2023-01-13,"RI006L8GU12KW",2023-01-13,"RI006L8GU0000",2022-04-05,"Negaram provimento ao recurso. V. U.","re","improvido","indefinido"
"10011095220198260071","15553570","Apelação Cível","Espécies de Títulos de Crédito","Coutinho de Arruda","São Paulo","16ª Câmara de Direito Privado",2022-04-05,2022-04-05,"Ação declaratória de inexigibilidade de débito –  cobrança indevida de título –  teoria da aparência aplicável –  contrato firmado por funcionário que se apresentou como gerente –  prestação de serviços reconhecida –  contraprestação devida - sentença mantida   –  recurso improvido.  (TJSP;  Apelação Cível 1001109-52.2019.8.26.0071; Relator (a): Coutinho de Arruda; Órgão Julgador: 16ª Câmara de Direito Privado; Foro Central Cível - 37ª Vara Cível; Data do Julgamento: 05/04/2022; Data de Registro: 05/04/2022)",FALSE,FALSE,FALSE,FALSE,FALSE,"RI006L8GU0000",2022-04-05,"RI006L8GU12KW",2023-01-13,"RI006L8GU12KW",2023-01-13,"RI006L8GU12KW",2023-01-13,"Rejeitaram os embargos. V. U.","re","embargos rejeitados","indefinido"
"10011095220198260071","15553570","Apelação Cível","Espécies de Títulos de Crédito","Coutinho de Arruda","São Paulo","16ª Câmara de Direito Privado",2022-04-05,2022-04-05,"Ação declaratória de inexigibilidade de débito –  cobrança indevida de título –  teoria da aparência aplicável –  contrato firmado por funcionário que se apresentou como gerente –  prestação de serviços reconhecida –  contraprestação devida - sentença mantida   –  recurso improvido.  (TJSP;  Apelação Cível 1001109-52.2019.8.26.0071; Relator (a): Coutinho de Arruda; Órgão Julgador: 16ª Câmara de Direito Privado; Foro Central Cível - 37ª Vara Cível; Data do Julgamento: 05/04/2022; Data de Registro: 05/04/2022)",FALSE,FALSE,FALSE,FALSE,FALSE,"RI006L8GU12KW",2023-01-13,"RI006L8GU0000",2022-04-05,"RI006L8GU0000",2022-04-05,"RI006L8GU0000",2022-04-05,"Negaram provimento ao recurso. V. U.","re","improvido","indefinido"
"10011095220198260071","15553570","Apelação Cível","Espécies de Títulos de Crédito","Coutinho de Arruda","São Paulo","16ª Câmara de Direito Privado",2022-04-05,2022-04-05,"Ação declaratória de inexigibilidade de débito –  cobrança indevida de título –  teoria da aparência aplicável –  contrato firmado por funcionário que se apresentou como gerente –  prestação de serviços reconhecida –  contraprestação devida - sentença mantida   –  recurso improvido.  (TJSP;  Apelação Cível 1001109-52.2019.8.26.0071; Relator (a): Coutinho de Arruda; Órgão Julgador: 16ª Câmara de Direito Privado; Foro Central Cível - 37ª Vara Cível; Data do Julgamento: 05/04/2022; Data de Registro: 05/04/2022)",FALSE,FALSE,FALSE,FALSE,FALSE,"RI006L8GU12KW",2023-01-13,"RI006L8GU0000",2022-04-05,"RI006L8GU0000",2022-04-05,"RI006L8GU12KW",2023-01-13,"Rejeitaram os embargos. V. U.","re","embargos rejeitados","indefinido"
"10011095220198260071","15553570","Apelação Cível","Espécies de Títulos de Crédito","Coutinho de Arruda","São Paulo","16ª Câmara de Direito Privado",2022-04-05,2022-04-05,"Ação declaratória de inexigibilidade de débito –  cobrança indevida de título –  teoria da aparência aplicável –  contrato firmado por funcionário que se apresentou como gerente –  prestação de serviços reconhecida –  contraprestação devida - sentença mantida   –  recurso improvido.  (TJSP;  Apelação Cível 1001109-52.2019.8.26.0071; Relator (a): Coutinho de Arruda; Órgão Julgador: 16ª Câmara de Direito Privado; Foro Central Cível - 37ª Vara Cível; Data do Julgamento: 05/04/2022; Data de Registro: 05/04/2022)",FALSE,FALSE,FALSE,FALSE,FALSE,"RI006L8GU12KW",2023-01-13,"RI006L8GU0000",2022-04-05,"RI006L8GU12KW",2023-01-13,"RI006L8GU0000",2022-04-05,"Negaram provimento ao recurso. V. U.","re","improvido","indefinido"
"10011095220198260071","15553570","Apelação Cível","Espécies de Títulos de Crédito","Coutinho de Arruda","São Paulo","16ª Câmara de Direito Privado",2022-04-05,2022-04-05,"Ação declaratória de inexigibilidade de débito –  cobrança indevida de título –  teoria da aparência aplicável –  contrato firmado por funcionário que se apresentou como gerente –  prestação de serviços reconhecida –  contraprestação devida - sentença mantida   –  recurso improvido.  (TJSP;  Apelação Cível 1001109-52.2019.8.26.0071; Relator (a): Coutinho de Arruda; Órgão Julgador: 16ª Câmara de Direito Privado; Foro Central Cível - 37ª Vara Cível; Data do Julgamento: 05/04/2022; Data de Registro: 05/04/2022)",FALSE,FALSE,FALSE,FALSE,FALSE,"RI006L8GU12KW",2023-01-13,"RI006L8GU0000",2022-04-05,"RI006L8GU12KW",2023-01-13,"RI006L8GU12KW",2023-01-13,"Rejeitaram os embargos. V. U.","re","embargos rejeitados","indefinido"
"10011095220198260071","15553570","Apelação Cível","Espécies de Títulos de Crédito","Coutinho de Arruda","São Paulo","16ª Câmara de Direito Privado",2022-04-05,2022-04-05,"Ação declaratória de inexigibilidade de débito –  cobrança indevida de título –  teoria da aparência aplicável –  contrato firmado por funcionário que se apresentou como gerente –  prestação de serviços reconhecida –  contraprestação devida - sentença mantida   –  recurso improvido.  (TJSP;  Apelação Cível 1001109-52.2019.8.26.0071; Relator (a): Coutinho de Arruda; Órgão Julgador: 16ª Câmara de Direito Privado; Foro Central Cível - 37ª Vara Cível; Data do Julgamento: 05/04/2022; Data de Registro: 05/04/2022)",FALSE,FALSE,FALSE,FALSE,FALSE,"RI006L8GU12KW",2023-01-13,"RI006L8GU12KW",2023-01-13,"RI006L8GU0000",2022-04-05,"RI006L8GU0000",2022-04-05,"Negaram provimento ao recurso. V. U.","re","improvido","indefinido"
"10011095220198260071","15553570","Apelação Cível","Espécies de Títulos de Crédito","Coutinho de Arruda","São Paulo","16ª Câmara de Direito Privado",2022-04-05,2022-04-05,"Ação declaratória de inexigibilidade de débito –  cobrança indevida de título –  teoria da aparência aplicável –  contrato firmado por funcionário que se apresentou como gerente –  prestação de serviços reconhecida –  contraprestação devida - sentença mantida   –  recurso improvido.  (TJSP;  Apelação Cível 1001109-52.2019.8.26.0071; Relator (a): Coutinho de Arruda; Órgão Julgador: 16ª Câmara de Direito Privado; Foro Central Cível - 37ª Vara Cível; Data do Julgamento: 05/04/2022; Data de Registro: 05/04/2022)",FALSE,FALSE,FALSE,FALSE,FALSE,"RI006L8GU12KW",2023-01-13,"RI006L8GU12KW",2023-01-13,"RI006L8GU0000",2022-04-05,"RI006L8GU12KW",2023-01-13,"Rejeitaram os embargos. V. U.","re","embargos rejeitados","indefinido"
"10011095220198260071","15553570","Apelação Cível","Espécies de Títulos de Crédito","Coutinho de Arruda","São Paulo","16ª Câmara de Direito Privado",2022-04-05,2022-04-05,"Ação declaratória de inexigibilidade de débito –  cobrança indevida de título –  teoria da aparência aplicável –  contrato firmado por funcionário que se apresentou como gerente –  prestação de serviços reconhecida –  contraprestação devida - sentença mantida   –  recurso improvido.  (TJSP;  Apelação Cível 1001109-52.2019.8.26.0071; Relator (a): Coutinho de Arruda; Órgão Julgador: 16ª Câmara de Direito Privado; Foro Central Cível - 37ª Vara Cível; Data do Julgamento: 05/04/2022; Data de Registro: 05/04/2022)",FALSE,FALSE,FALSE,FALSE,FALSE,"RI006L8GU12KW",2023-01-13,"RI006L8GU12KW",2023-01-13,"RI006L8GU12KW",2023-01-13,"RI006L8GU0000",2022-04-05,"Negaram provimento ao recurso. V. U.","re","improvido","indefinido"
"10011095220198260071","15553570","Apelação Cível","Espécies de Títulos de Crédito","Coutinho de Arruda","São Paulo","16ª Câmara de Direito Privado",2022-04-05,2022-04-05,"Ação declaratória de inexigibilidade de débito –  cobrança indevida de título –  teoria da aparência aplicável –  contrato firmado por funcionário que se apresentou como gerente –  prestação de serviços reconhecida –  contraprestação devida - sentença mantida   –  recurso improvido.  (TJSP;  Apelação Cível 1001109-52.2019.8.26.0071; Relator (a): Coutinho de Arruda; Órgão Julgador: 16ª Câmara de Direito Privado; Foro Central Cível - 37ª Vara Cível; Data do Julgamento: 05/04/2022; Data de Registro: 05/04/2022)",FALSE,FALSE,FALSE,FALSE,FALSE,"RI006L8GU12KW",2023-01-13,"RI006L8GU12KW",2023-01-13,"RI006L8GU12KW",2023-01-13,"RI006L8GU12KW",2023-01-13,"Rejeitaram os embargos. V. U.","re","embargos rejeitados","indefinido"
"10312148520208260100","15299639","Apelação Cível","Prestação de Serviços","Pedro Baccarat","São Paulo","36ª Câmara de Direito Privado",2021-12-17,2021-12-17,"Ação de rescisão de contrato de publicidade por meio de divulgação na internet. Preliminar de incompetência territorial. Rejeição. Ação proposta na localidade pactuada no contrato. Incidência de multa de 40% sobre o valor do contrato. Primeira edição quitada. Cobrança a maior. Multa que deve incidir sobre as duas edições remanescentes. Restituição do valor excedente. Sentença reformada. Recurso parcialmente provido.    (TJSP;  Apelação Cível 1031214-85.2020.8.26.0100; Relator (a): Pedro Baccarat; Órgão Julgador: 36ª Câmara de Direito Privado; Foro Central Cível - 25ª Vara Cível; Data do Julgamento: 17/12/2021; Data de Registro: 17/12/2021)",FALSE,FALSE,FALSE,FALSE,FALSE,"RI006MUCM0000",2021-12-17,"RI006MUCM0000",2021-12-17,"RI006MUCM0000",2021-12-17,"RI006MUCM0000",2021-12-17,"Deram provimento em parte ao recurso. V. U.","autora","parcial","consumidor_venceu"
"22090786820218260000","15189751","Agravo de Instrumento","Bancários","Fábio Podestá","São Paulo","21ª Câmara de Direito Privado",2021-11-16,2021-11-16,"AGRAVO DE INSTRUMENTO – Insurgência contra decisão que indeferiu a tutela de urgência – Superveniência de sentença – Cognição sumária suprida por cognição exauriente – Perda de objeto recursal – AGRAVO PREJUDICADO.  (TJSP;  Agravo de Instrumento 2209078-68.2021.8.26.0000; Relator (a): Fábio Podestá; Órgão Julgador: 21ª Câmara de Direito Privado; Foro Central Cível - 43ª Vara CÍvel; Data do Julgamento: 16/11/2021; Data de Registro: 16/11/2021)",FALSE,FALSE,FALSE,FALSE,FALSE,"RI006KJUY0000",2021-11-16,"RI006KJUY0000",2021-11-16,"RI006KJUY0000",2021-11-16,"RI006KJUY0000",2021-11-16,"Julgaram prejudicado o recurso. V. U.","autora","prejudicado/extinto","indefinido"
"10037207820208260576","15152734","Apelação Cível","Prestação de Serviços","Carlos Henrique Miguel Trevisan","São José do Rio Preto","29ª Câmara de Direito Privado",2021-10-28,2021-10-29,"PRESTAÇÃO DE SERVIÇOS - Publicidade em lista telefônica - Ação de rescisão contratual cumulada com indenização por danos materiais - Sentença de procedência - Apelo da ré - Invalidade do contrato não comprovada - Aplicação da teoria da aparência - Funcionário que se apresentou como gerente da empresa contratante - Serviço prestado - Valor devido - Ação improcedente - Apelação provida  (TJSP;  Apelação Cível 1003720-78.2020.8.26.0576; Relator (a): Carlos Henrique Miguel Trevisan; Órgão Julgador: 29ª Câmara de Direito Privado; Foro de São José do Rio Preto - 8ª Vara Cível; Data do Julgamento: 28/10/2021; Data de Registro: 29/10/2021)",FALSE,TRUE,FALSE,FALSE,FALSE,"RI006D0X10000",2021-10-28,"RI006D0X10000",2021-10-28,"RI006D0X10000",2021-10-28,"RI006D0X10000",2021-10-28,"Em julgamento originário, por maioria de votos, deram provimento ao recurso, vencido o 3º Juiz que a ele negava provimento. Em julgamento ampliado, a 4ª Juíza e o 5º Juiz deram provimento à apelação, acompanhando o Relator. Vencido o 3º Juiz que declarará voto.","autora","duvida","indefinido"
"10083983620208260577","15113026","Apelação Cível","Responsabilidade Civil","Carmen Lucia da Silva","São José dos Campos","25ª Câmara de Direito Privado",2021-10-19,2021-10-19,"AÇÃO DE DECLARATÓRIA DE INEXIGIBILIDADE DE DÉBITO C.C. INDENIZAÇÃO POR DANOS MORAIS. Golpe da lista telefônica. Sentença de procedência do pedido, que declarou a nulidade do contrato e condenou a ré ao pagamento de indenização por danos morais. Apelação da demandada. Validade do contrato. Não verificação. Violação manifesta do princípio da boa-fé objetiva. Assistente administrativa que não tinha poderes para celebrar o contrato. Inaplicabilidade da teoria da aparência. Dano moral. Não ocorrência. Ausência de afronta à honra objetiva da autora. Honorários de sucumbência. Manutenção do valor e da imposição à ré, que deu causa à propositura da presente ação. RECURSO PARCIALMENTE PROVIDO.  (TJSP;  Apelação Cível 1008398-36.2020.8.26.0577; Relator (a): Carmen Lucia da Silva; Órgão Julgador: 25ª Câmara de Direito Privado; Foro de São José dos Campos - 7ª Vara Cível; Data do Julgamento: 19/10/2021; Data de Registro: 19/10/2021)",FALSE,TRUE,FALSE,FALSE,FALSE,"RI006CF3G0000",2021-10-19,"RI006CF3G0000",2021-10-19,"RI006CF3G0000",2021-10-19,"RI006CF3G0000",2021-10-19,"Deram provimento em parte ao recurso. V. U.","autora","parcial","consumidor_venceu"
"10143526620208260576","15068452","Apelação Cível","Prestação de Serviços","Sá Moreira de Oliveira","São José do Rio Preto","33ª Câmara de Direito Privado",2021-09-30,2021-09-30,"PRESTAÇÃO DE SERVIÇOS –  Prestação de serviço de publicidade –  Negócio subscrito por funcionária –  Sem resistência –  Condições de pagamentos claras –  Teoria da aparência –  Validade do negócio –  Aplicação do princípio da segurança jurídica –  Caso concreto que não revela o vício de vontade, mas o arrependimento da contratação com o pagamento da multa estabelecida pelas partes –  Sentença mantida. 

Apelação não provida.   (TJSP;  Apelação Cível 1014352-66.2020.8.26.0576; Relator (a): Sá Moreira de Oliveira; Órgão Julgador: 33ª Câmara de Direito Privado; Foro de São José do Rio Preto - 3ª Vara Cível; Data do Julgamento: 30/09/2021; Data de Registro: 30/09/2021)",FALSE,FALSE,FALSE,FALSE,FALSE,"RI00663LX0000",2021-09-30,"RI00663LX0000",2021-09-30,"RI00663LX0000",2021-09-30,"RI00663LX0000",2021-09-30,"Negaram provimento ao recurso. V. U.","re","improvido","indefinido"
"11145144220208260100","14961927","Apelação Cível","Prestação de Serviços","Pedro Baccarat","São Paulo","36ª Câmara de Direito Privado",2021-08-26,2021-08-27,"Ação de rescisão de contrato de propaganda. Inserção em três edições por 12 parcelas de R$290,00. Irregularidade da cobrança de   24  prestações reconhecida. Pagamento das prestações ajustadas não comprovado. Inscrição desabonadora  que constitui exercício regular de direito. Dano moral não configurado. Recurso parcialmente provido.  (TJSP;  Apelação Cível 1114514-42.2020.8.26.0100; Relator (a): Pedro Baccarat; Órgão Julgador: 36ª Câmara de Direito Privado; Foro Central Cível - 45ª Vara Cível; Data do Julgamento: 26/08/2021; Data de Registro: 27/08/2021)",FALSE,TRUE,FALSE,FALSE,FALSE,"RI006FYOZ0000",2021-08-26,"RI006FYOZ0000",2021-08-26,"RI006FYOZ0000",2021-08-26,"RI006FYOZ0000",2021-08-26,"Deram provimento em parte ao recurso. V. U.","autora","parcial","consumidor_venceu"
"20992763820218260000","14765753","Agravo de Instrumento","Prestação de Serviços","Jayme Queiroz Lopes","São Paulo","36ª Câmara de Direito Privado",2021-06-28,2021-06-28,"AGRAVO DE INSTRUMENTO –  PRESTAÇÃO DE SERVIÇOS –  CONTRATO DE FIGURAÇÃO –  AÇÃO ANULATÓRIA DE CONTRATO –  TUTELA DE URGÊNCIA INDEFERIDA –  NECESSIDADE DO CONTRADITÓRIO –  DECISÃO MANTIDA.
Agravo de instrumento improvido.  (TJSP;  Agravo de Instrumento 2099276-38.2021.8.26.0000; Relator (a): Jayme Queiroz Lopes; Órgão Julgador: 36ª Câmara de Direito Privado; Foro Central Cível - 45ª Vara Cível; Data do Julgamento: 28/06/2021; Data de Registro: 28/06/2021)",FALSE,FALSE,FALSE,FALSE,FALSE,"RI006E08T0000",2021-06-28,"RI006E08T0000",2021-06-28,"RI006E08T0000",2021-06-28,"RI006E08T0000",2021-06-28,"Negaram provimento ao recurso. V. U.","re","improvido","indefinido"
"10092730620208260577","14687018","Apelação Cível","Prestação de Serviços","Salles Vieira","São José dos Campos","24ª Câmara de Direito Privado",2021-05-31,2021-05-31,"""AÇÃO RESCISÓRIA C.C. RESTITUIÇÃO DE VALORES E INDENIZATÓRIA –  CONTRATO DE PRESTAÇÃO DE SERVIÇOS –  PUBLICIDADE –  INTERNET –  VÍCIO DE CONSENTIMENTO –  I- Sentença de parcial procedência –  Apelo da ré –  II- Relação de consumo caracterizada –  Partes que celebraram contrato de prestação de serviços para veiculação de publicidade –  Pretensão da autora de rescisão do contrato, sob a alegação de existência de vício de consentimento, uma vez que teria sido induzida a erro pela ré, que teria afirmado que seria apenas uma atualização cadastral sem custos, com a consequente devolução dos valores pagos –  Documentos juntados que comprovam que, em 29/05/2019, a autora firmou junto à ré o 'Contrato de Figuração' nº 43047L, no qual constam todas as informações necessárias ao entendimento do objeto e seu preço –  Tese de que acreditava a autora que seria somente uma atualização cadastral sem custos que não convence –  Instrumento que prevê expressamente que a contratação referia-se a 03 edições, dos anos de 2019, 2020 e 2021, e que o pagamento, por cada edição, seria parcelado em 12 vezes de R$290,00 cada –  Autora que, ao receber o contrato, teve a oportunidade de analisa-lo e constatar que haveria o pagamento pela prestação dos serviços –  Autora que, ainda assim, assinou o documento e devolveu-o à ré sem qualquer ressalva –  Hipótese clara de arrependimento, não havendo elementos que corroborem a tese de que a autora foi ludibriada pela ré –  'Termo de Quitação da 1ª Edição de Publicidade Ref. a Autorização nº 43047L' que comprova que, em 19/06/2019, houve a quitação apenas dos valores relativos à 1º edição do contrato de publicidade –  Ré que demonstrou que o anúncio da autora chegou a ser elaborado e veiculado em sua página da internet –  Havendo cumprimento do contrato pela ré, devida a contraprestação pela autora –  Impossibilidade de rescisão do contrato por vício de consentimento –  Inexistência, ademais, de quaisquer valores a serem restituídos à autora –  Sentença reformada –  Ação improcedente –  Ônus sucumbenciais carreados à autora, incluídos os honorários recursais, observada a gratuidade processual – Apelo provido.""  (TJSP;  Apelação Cível 1009273-06.2020.8.26.0577; Relator (a): Salles Vieira; Órgão Julgador: 24ª Câmara de Direito Privado; Foro de São José dos Campos - 6ª Vara Cível; Data do Julgamento: 31/05/2021; Data de Registro: 31/05/2021)",FALSE,TRUE,FALSE,FALSE,FALSE,"RI0069GX70000",2021-05-31,"RI0069GX70000",2021-05-31,"RI0069GX70000",2021-05-31,"RI0069GX70000",2021-05-31,"Deram provimento ao recurso. V. U.","autora","provido","indefinido"
"10045205920198260506","14552665","Apelação Cível","Prestação de Serviços","João Camillo de Almeida Prado Costa","São Paulo","19ª Câmara de Direito Privado",2021-04-19,2021-04-19,"PRESTAÇÃO DE SERVIÇOS. Publicidade em lista telefônica. Ação declaratória e indenizatória. 1. Alegação da autora de que foi induzida a erro pela ré na contratação dos serviços de publicidade que lhe foram oferecidos. Hipótese em que o contrato impugnado não indica o valor total da prestação de serviços. Indução da contratante a erro relativamente a elemento substancial do ajuste (preço). Configuração de vício de consentimento. Vulneração do princípio da boa-fé que deve nortear as relações contratuais. Anulação do contrato e inexigibilidade do débito declarados. Artigos 138, 171, II, e 422, todos do Código Civil. 2. Dano moral. Falta de prova de ofensa à honra objetiva da pessoa jurídica. Consideração de que os transtornos ocasionados pelas cobranças indevidas não se prestam a ocasionar prejuízo ao bom nome da empresa. Inocorrência de inscrição do nome da autora em cadastros de inadimplentes. Danos morais não caracterizados. 3. Pedido inicial julgado parcialmente procedente. Sucumbência recíproca reconhecida.  Sentença parcialmente reformada. Recurso, em parte, provido.

Dispositivo: deram parcial provimento ao recurso.  (TJSP;  Apelação Cível 1004520-59.2019.8.26.0506; Relator (a): João Camillo de Almeida Prado Costa; Órgão Julgador: 19ª Câmara de Direito Privado; Foro Central Cível - 11ª Vara Cível; Data do Julgamento: 19/04/2021; Data de Registro: 19/04/2021)",FALSE,TRUE,FALSE,FALSE,FALSE,"RI006C3WS0000",2021-04-19,"RI006C3WS0000",2021-04-19,"RI006C3WS0000",2021-04-19,"RI006C3WS0000",2021-04-19,"Deram provimento em parte ao recurso. V. U.","autora","parcial","consumidor_venceu"
"10005627220208260169","14468183","Apelação Cível","Duplicata","Heraldo de Oliveira","Duartina","13ª Câmara de Direito Privado",2021-03-19,2021-03-19,"CONTRATO –  Figuração –  Preliminar de incompetência territorial - Rejeição –  Aplicação mitigada da Teoria Finalista prevista no código de defesa do consumidor – Controvérsia em torno da existência e validade do pacto - Ausência de prova da existência de relação jurídica entre as partes e da manifestação da intenção da autora de contratar –  Contrato apresentado pela ré não foi assinado –  Falta de diligência da demandada na adoção de providências simples de verificação da legitimidade do signatário - Protesto de duplicata mercantil sacada com base no referido contrato que se mostra indevido –  Dever de indenizar configurado –  Dano moral ""in re ipsa"" –  Valor –  R$ 8.000,00 –  Manutenção –  Observância da modicidade e razoabilidade, bem ainda da finalidade de coibir a reincidência de condutas como as da espécie e oferecer certo conforto ao lesado, sem proporcionar seu enriquecimento sem causa –  Sentença mantida –  Recurso não provido.  (TJSP;  Apelação Cível 1000562-72.2020.8.26.0169; Relator (a): Heraldo de Oliveira; Órgão Julgador: 13ª Câmara de Direito Privado; Foro de Duartina - Vara Única; Data do Julgamento: 19/03/2021; Data de Registro: 19/03/2021)",FALSE,TRUE,TRUE,FALSE,FALSE,"RI0069DPB0000",2021-03-19,"RI0069DPB0000",2021-03-19,"RI0069DPB0000",2021-03-19,"RI0069DPB0000",2021-03-19,"Negaram provimento ao recurso. V. U.","autora","improvido","indefinido"
"10051447920198260451","14393911","Embargos de Declaração Cível","Prestação de Serviços","Angela Moreno Pacheco de Rezende Lopes","Piracicaba","27ª Câmara de Direito Privado",2021-02-24,2021-02-24,"EMBARGOS DE DECLARAÇÃO –  Embargante que pretende, tão somente,  modificação do julgado, pelo que sequer aponta a ocorrência de vícios sanáveis pela via dos embargos de declaração –  Ainda, a pretensão da embargante de prequestionar matéria infraconstitucional ou constitucional, visando à eventual interposição de recurso perante Instâncias Superiores, igualmente não autoriza o acolhimento dos embargos –  V. Acórdão que fica mantido tal como prolatado –  EMBARGOS REJEITADOS   (TJSP;  Embargos de Declaração Cível 1005144-79.2019.8.26.0451; Relator (a): Angela Moreno Pacheco de Rezende Lopes; Órgão Julgador: 27ª Câmara de Direito Privado; Foro de Piracicaba - 3ª Vara Cível; Data do Julgamento: 24/02/2021; Data de Registro: 24/02/2021)",FALSE,FALSE,FALSE,FALSE,FALSE,"RI006679K0000",2021-01-22,"RI006679K0000",2021-01-22,"RI006679K0000",2021-01-22,"RI006679K0000",2021-01-22,"Afastada a preliminar, negaram provimento ao recurso da autora e deram provimento ao recurso da ré. V.U.","re","duvida","indefinido"
"10051447920198260451","14393911","Embargos de Declaração Cível","Prestação de Serviços","Angela Moreno Pacheco de Rezende Lopes","Piracicaba","27ª Câmara de Direito Privado",2021-02-24,2021-02-24,"EMBARGOS DE DECLARAÇÃO –  Embargante que pretende, tão somente,  modificação do julgado, pelo que sequer aponta a ocorrência de vícios sanáveis pela via dos embargos de declaração –  Ainda, a pretensão da embargante de prequestionar matéria infraconstitucional ou constitucional, visando à eventual interposição de recurso perante Instâncias Superiores, igualmente não autoriza o acolhimento dos embargos –  V. Acórdão que fica mantido tal como prolatado –  EMBARGOS REJEITADOS   (TJSP;  Embargos de Declaração Cível 1005144-79.2019.8.26.0451; Relator (a): Angela Moreno Pacheco de Rezende Lopes; Órgão Julgador: 27ª Câmara de Direito Privado; Foro de Piracicaba - 3ª Vara Cível; Data do Julgamento: 24/02/2021; Data de Registro: 24/02/2021)",FALSE,FALSE,FALSE,FALSE,FALSE,"RI006679K0000",2021-01-22,"RI006679K0000",2021-01-22,"RI006679K0000",2021-01-22,"RI006679K12KW",2021-02-24,"Rejeitaram os embargos. V. U.","re","embargos rejeitados","indefinido"
"10051447920198260451","14393911","Embargos de Declaração Cível","Prestação de Serviços","Angela Moreno Pacheco de Rezende Lopes","Piracicaba","27ª Câmara de Direito Privado",2021-02-24,2021-02-24,"EMBARGOS DE DECLARAÇÃO –  Embargante que pretende, tão somente,  modificação do julgado, pelo que sequer aponta a ocorrência de vícios sanáveis pela via dos embargos de declaração –  Ainda, a pretensão da embargante de prequestionar matéria infraconstitucional ou constitucional, visando à eventual interposição de recurso perante Instâncias Superiores, igualmente não autoriza o acolhimento dos embargos –  V. Acórdão que fica mantido tal como prolatado –  EMBARGOS REJEITADOS   (TJSP;  Embargos de Declaração Cível 1005144-79.2019.8.26.0451; Relator (a): Angela Moreno Pacheco de Rezende Lopes; Órgão Julgador: 27ª Câmara de Direito Privado; Foro de Piracicaba - 3ª Vara Cível; Data do Julgamento: 24/02/2021; Data de Registro: 24/02/2021)",FALSE,FALSE,FALSE,FALSE,FALSE,"RI006679K0000",2021-01-22,"RI006679K0000",2021-01-22,"RI006679K12KW",2021-02-24,"RI006679K0000",2021-01-22,"Afastada a preliminar, negaram provimento ao recurso da autora e deram provimento ao recurso da ré. V.U.","re","duvida","indefinido"
"10051447920198260451","14393911","Embargos de Declaração Cível","Prestação de Serviços","Angela Moreno Pacheco de Rezende Lopes","Piracicaba","27ª Câmara de Direito Privado",2021-02-24,2021-02-24,"EMBARGOS DE DECLARAÇÃO –  Embargante que pretende, tão somente,  modificação do julgado, pelo que sequer aponta a ocorrência de vícios sanáveis pela via dos embargos de declaração –  Ainda, a pretensão da embargante de prequestionar matéria infraconstitucional ou constitucional, visando à eventual interposição de recurso perante Instâncias Superiores, igualmente não autoriza o acolhimento dos embargos –  V. Acórdão que fica mantido tal como prolatado –  EMBARGOS REJEITADOS   (TJSP;  Embargos de Declaração Cível 1005144-79.2019.8.26.0451; Relator (a): Angela Moreno Pacheco de Rezende Lopes; Órgão Julgador: 27ª Câmara de Direito Privado; Foro de Piracicaba - 3ª Vara Cível; Data do Julgamento: 24/02/2021; Data de Registro: 24/02/2021)",FALSE,FALSE,FALSE,FALSE,FALSE,"RI006679K0000",2021-01-22,"RI006679K0000",2021-01-22,"RI006679K12KW",2021-02-24,"RI006679K12KW",2021-02-24,"Rejeitaram os embargos. V. U.","re","embargos rejeitados","indefinido"
"10051447920198260451","14393911","Embargos de Declaração Cível","Prestação de Serviços","Angela Moreno Pacheco de Rezende Lopes","Piracicaba","27ª Câmara de Direito Privado",2021-02-24,2021-02-24,"EMBARGOS DE DECLARAÇÃO –  Embargante que pretende, tão somente,  modificação do julgado, pelo que sequer aponta a ocorrência de vícios sanáveis pela via dos embargos de declaração –  Ainda, a pretensão da embargante de prequestionar matéria infraconstitucional ou constitucional, visando à eventual interposição de recurso perante Instâncias Superiores, igualmente não autoriza o acolhimento dos embargos –  V. Acórdão que fica mantido tal como prolatado –  EMBARGOS REJEITADOS   (TJSP;  Embargos de Declaração Cível 1005144-79.2019.8.26.0451; Relator (a): Angela Moreno Pacheco de Rezende Lopes; Órgão Julgador: 27ª Câmara de Direito Privado; Foro de Piracicaba - 3ª Vara Cível; Data do Julgamento: 24/02/2021; Data de Registro: 24/02/2021)",FALSE,FALSE,FALSE,FALSE,FALSE,"RI006679K0000",2021-01-22,"RI006679K12KW",2021-02-24,"RI006679K0000",2021-01-22,"RI006679K0000",2021-01-22,"Afastada a preliminar, negaram provimento ao recurso da autora e deram provimento ao recurso da ré. V.U.","re","duvida","indefinido"
"10051447920198260451","14393911","Embargos de Declaração Cível","Prestação de Serviços","Angela Moreno Pacheco de Rezende Lopes","Piracicaba","27ª Câmara de Direito Privado",2021-02-24,2021-02-24,"EMBARGOS DE DECLARAÇÃO –  Embargante que pretende, tão somente,  modificação do julgado, pelo que sequer aponta a ocorrência de vícios sanáveis pela via dos embargos de declaração –  Ainda, a pretensão da embargante de prequestionar matéria infraconstitucional ou constitucional, visando à eventual interposição de recurso perante Instâncias Superiores, igualmente não autoriza o acolhimento dos embargos –  V. Acórdão que fica mantido tal como prolatado –  EMBARGOS REJEITADOS   (TJSP;  Embargos de Declaração Cível 1005144-79.2019.8.26.0451; Relator (a): Angela Moreno Pacheco de Rezende Lopes; Órgão Julgador: 27ª Câmara de Direito Privado; Foro de Piracicaba - 3ª Vara Cível; Data do Julgamento: 24/02/2021; Data de Registro: 24/02/2021)",FALSE,FALSE,FALSE,FALSE,FALSE,"RI006679K0000",2021-01-22,"RI006679K12KW",2021-02-24,"RI006679K0000",2021-01-22,"RI006679K12KW",2021-02-24,"Rejeitaram os embargos. V. U.","re","embargos rejeitados","indefinido"
"10051447920198260451","14393911","Embargos de Declaração Cível","Prestação de Serviços","Angela Moreno Pacheco de Rezende Lopes","Piracicaba","27ª Câmara de Direito Privado",2021-02-24,2021-02-24,"EMBARGOS DE DECLARAÇÃO –  Embargante que pretende, tão somente,  modificação do julgado, pelo que sequer aponta a ocorrência de vícios sanáveis pela via dos embargos de declaração –  Ainda, a pretensão da embargante de prequestionar matéria infraconstitucional ou constitucional, visando à eventual interposição de recurso perante Instâncias Superiores, igualmente não autoriza o acolhimento dos embargos –  V. Acórdão que fica mantido tal como prolatado –  EMBARGOS REJEITADOS   (TJSP;  Embargos de Declaração Cível 1005144-79.2019.8.26.0451; Relator (a): Angela Moreno Pacheco de Rezende Lopes; Órgão Julgador: 27ª Câmara de Direito Privado; Foro de Piracicaba - 3ª Vara Cível; Data do Julgamento: 24/02/2021; Data de Registro: 24/02/2021)",FALSE,FALSE,FALSE,FALSE,FALSE,"RI006679K0000",2021-01-22,"RI006679K12KW",2021-02-24,"RI006679K12KW",2021-02-24,"RI006679K0000",2021-01-22,"Afastada a preliminar, negaram provimento ao recurso da autora e deram provimento ao recurso da ré. V.U.","re","duvida","indefinido"
"10051447920198260451","14393911","Embargos de Declaração Cível","Prestação de Serviços","Angela Moreno Pacheco de Rezende Lopes","Piracicaba","27ª Câmara de Direito Privado",2021-02-24,2021-02-24,"EMBARGOS DE DECLARAÇÃO –  Embargante que pretende, tão somente,  modificação do julgado, pelo que sequer aponta a ocorrência de vícios sanáveis pela via dos embargos de declaração –  Ainda, a pretensão da embargante de prequestionar matéria infraconstitucional ou constitucional, visando à eventual interposição de recurso perante Instâncias Superiores, igualmente não autoriza o acolhimento dos embargos –  V. Acórdão que fica mantido tal como prolatado –  EMBARGOS REJEITADOS   (TJSP;  Embargos de Declaração Cível 1005144-79.2019.8.26.0451; Relator (a): Angela Moreno Pacheco de Rezende Lopes; Órgão Julgador: 27ª Câmara de Direito Privado; Foro de Piracicaba - 3ª Vara Cível; Data do Julgamento: 24/02/2021; Data de Registro: 24/02/2021)",FALSE,FALSE,FALSE,FALSE,FALSE,"RI006679K0000",2021-01-22,"RI006679K12KW",2021-02-24,"RI006679K12KW",2021-02-24,"RI006679K12KW",2021-02-24,"Rejeitaram os embargos. V. U.","re","embargos rejeitados","indefinido"
"10051447920198260451","14393911","Embargos de Declaração Cível","Prestação de Serviços","Angela Moreno Pacheco de Rezende Lopes","Piracicaba","27ª Câmara de Direito Privado",2021-02-24,2021-02-24,"EMBARGOS DE DECLARAÇÃO –  Embargante que pretende, tão somente,  modificação do julgado, pelo que sequer aponta a ocorrência de vícios sanáveis pela via dos embargos de declaração –  Ainda, a pretensão da embargante de prequestionar matéria infraconstitucional ou constitucional, visando à eventual interposição de recurso perante Instâncias Superiores, igualmente não autoriza o acolhimento dos embargos –  V. Acórdão que fica mantido tal como prolatado –  EMBARGOS REJEITADOS   (TJSP;  Embargos de Declaração Cível 1005144-79.2019.8.26.0451; Relator (a): Angela Moreno Pacheco de Rezende Lopes; Órgão Julgador: 27ª Câmara de Direito Privado; Foro de Piracicaba - 3ª Vara Cível; Data do Julgamento: 24/02/2021; Data de Registro: 24/02/2021)",FALSE,FALSE,FALSE,FALSE,FALSE,"RI006679K12KW",2021-02-24,"RI006679K0000",2021-01-22,"RI006679K0000",2021-01-22,"RI006679K0000",2021-01-22,"Afastada a preliminar, negaram provimento ao recurso da autora e deram provimento ao recurso da ré. V.U.","re","duvida","indefinido"
"10051447920198260451","14393911","Embargos de Declaração Cível","Prestação de Serviços","Angela Moreno Pacheco de Rezende Lopes","Piracicaba","27ª Câmara de Direito Privado",2021-02-24,2021-02-24,"EMBARGOS DE DECLARAÇÃO –  Embargante que pretende, tão somente,  modificação do julgado, pelo que sequer aponta a ocorrência de vícios sanáveis pela via dos embargos de declaração –  Ainda, a pretensão da embargante de prequestionar matéria infraconstitucional ou constitucional, visando à eventual interposição de recurso perante Instâncias Superiores, igualmente não autoriza o acolhimento dos embargos –  V. Acórdão que fica mantido tal como prolatado –  EMBARGOS REJEITADOS   (TJSP;  Embargos de Declaração Cível 1005144-79.2019.8.26.0451; Relator (a): Angela Moreno Pacheco de Rezende Lopes; Órgão Julgador: 27ª Câmara de Direito Privado; Foro de Piracicaba - 3ª Vara Cível; Data do Julgamento: 24/02/2021; Data de Registro: 24/02/2021)",FALSE,FALSE,FALSE,FALSE,FALSE,"RI006679K12KW",2021-02-24,"RI006679K0000",2021-01-22,"RI006679K0000",2021-01-22,"RI006679K12KW",2021-02-24,"Rejeitaram os embargos. V. U.","re","embargos rejeitados","indefinido"
"10051447920198260451","14393911","Embargos de Declaração Cível","Prestação de Serviços","Angela Moreno Pacheco de Rezende Lopes","Piracicaba","27ª Câmara de Direito Privado",2021-02-24,2021-02-24,"EMBARGOS DE DECLARAÇÃO –  Embargante que pretende, tão somente,  modificação do julgado, pelo que sequer aponta a ocorrência de vícios sanáveis pela via dos embargos de declaração –  Ainda, a pretensão da embargante de prequestionar matéria infraconstitucional ou constitucional, visando à eventual interposição de recurso perante Instâncias Superiores, igualmente não autoriza o acolhimento dos embargos –  V. Acórdão que fica mantido tal como prolatado –  EMBARGOS REJEITADOS   (TJSP;  Embargos de Declaração Cível 1005144-79.2019.8.26.0451; Relator (a): Angela Moreno Pacheco de Rezende Lopes; Órgão Julgador: 27ª Câmara de Direito Privado; Foro de Piracicaba - 3ª Vara Cível; Data do Julgamento: 24/02/2021; Data de Registro: 24/02/2021)",FALSE,FALSE,FALSE,FALSE,FALSE,"RI006679K12KW",2021-02-24,"RI006679K0000",2021-01-22,"RI006679K12KW",2021-02-24,"RI006679K0000",2021-01-22,"Afastada a preliminar, negaram provimento ao recurso da autora e deram provimento ao recurso da ré. V.U.","re","duvida","indefinido"
"10051447920198260451","14393911","Embargos de Declaração Cível","Prestação de Serviços","Angela Moreno Pacheco de Rezende Lopes","Piracicaba","27ª Câmara de Direito Privado",2021-02-24,2021-02-24,"EMBARGOS DE DECLARAÇÃO –  Embargante que pretende, tão somente,  modificação do julgado, pelo que sequer aponta a ocorrência de vícios sanáveis pela via dos embargos de declaração –  Ainda, a pretensão da embargante de prequestionar matéria infraconstitucional ou constitucional, visando à eventual interposição de recurso perante Instâncias Superiores, igualmente não autoriza o acolhimento dos embargos –  V. Acórdão que fica mantido tal como prolatado –  EMBARGOS REJEITADOS   (TJSP;  Embargos de Declaração Cível 1005144-79.2019.8.26.0451; Relator (a): Angela Moreno Pacheco de Rezende Lopes; Órgão Julgador: 27ª Câmara de Direito Privado; Foro de Piracicaba - 3ª Vara Cível; Data do Julgamento: 24/02/2021; Data de Registro: 24/02/2021)",FALSE,FALSE,FALSE,FALSE,FALSE,"RI006679K12KW",2021-02-24,"RI006679K0000",2021-01-22,"RI006679K12KW",2021-02-24,"RI006679K12KW",2021-02-24,"Rejeitaram os embargos. V. U.","re","embargos rejeitados","indefinido"
"10051447920198260451","14393911","Embargos de Declaração Cível","Prestação de Serviços","Angela Moreno Pacheco de Rezende Lopes","Piracicaba","27ª Câmara de Direito Privado",2021-02-24,2021-02-24,"EMBARGOS DE DECLARAÇÃO –  Embargante que pretende, tão somente,  modificação do julgado, pelo que sequer aponta a ocorrência de vícios sanáveis pela via dos embargos de declaração –  Ainda, a pretensão da embargante de prequestionar matéria infraconstitucional ou constitucional, visando à eventual interposição de recurso perante Instâncias Superiores, igualmente não autoriza o acolhimento dos embargos –  V. Acórdão que fica mantido tal como prolatado –  EMBARGOS REJEITADOS   (TJSP;  Embargos de Declaração Cível 1005144-79.2019.8.26.0451; Relator (a): Angela Moreno Pacheco de Rezende Lopes; Órgão Julgador: 27ª Câmara de Direito Privado; Foro de Piracicaba - 3ª Vara Cível; Data do Julgamento: 24/02/2021; Data de Registro: 24/02/2021)",FALSE,FALSE,FALSE,FALSE,FALSE,"RI006679K12KW",2021-02-24,"RI006679K12KW",2021-02-24,"RI006679K0000",2021-01-22,"RI006679K0000",2021-01-22,"Afastada a preliminar, negaram provimento ao recurso da autora e deram provimento ao recurso da ré. V.U.","re","duvida","indefinido"
"10051447920198260451","14393911","Embargos de Declaração Cível","Prestação de Serviços","Angela Moreno Pacheco de Rezende Lopes","Piracicaba","27ª Câmara de Direito Privado",2021-02-24,2021-02-24,"EMBARGOS DE DECLARAÇÃO –  Embargante que pretende, tão somente,  modificação do julgado, pelo que sequer aponta a ocorrência de vícios sanáveis pela via dos embargos de declaração –  Ainda, a pretensão da embargante de prequestionar matéria infraconstitucional ou constitucional, visando à eventual interposição de recurso perante Instâncias Superiores, igualmente não autoriza o acolhimento dos embargos –  V. Acórdão que fica mantido tal como prolatado –  EMBARGOS REJEITADOS   (TJSP;  Embargos de Declaração Cível 1005144-79.2019.8.26.0451; Relator (a): Angela Moreno Pacheco de Rezende Lopes; Órgão Julgador: 27ª Câmara de Direito Privado; Foro de Piracicaba - 3ª Vara Cível; Data do Julgamento: 24/02/2021; Data de Registro: 24/02/2021)",FALSE,FALSE,FALSE,FALSE,FALSE,"RI006679K12KW",2021-02-24,"RI006679K12KW",2021-02-24,"RI006679K0000",2021-01-22,"RI006679K12KW",2021-02-24,"Rejeitaram os embargos. V. U.","re","embargos rejeitados","indefinido"
"10051447920198260451","14393911","Embargos de Declaração Cível","Prestação de Serviços","Angela Moreno Pacheco de Rezende Lopes","Piracicaba","27ª Câmara de Direito Privado",2021-02-24,2021-02-24,"EMBARGOS DE DECLARAÇÃO –  Embargante que pretende, tão somente,  modificação do julgado, pelo que sequer aponta a ocorrência de vícios sanáveis pela via dos embargos de declaração –  Ainda, a pretensão da embargante de prequestionar matéria infraconstitucional ou constitucional, visando à eventual interposição de recurso perante Instâncias Superiores, igualmente não autoriza o acolhimento dos embargos –  V. Acórdão que fica mantido tal como prolatado –  EMBARGOS REJEITADOS   (TJSP;  Embargos de Declaração Cível 1005144-79.2019.8.26.0451; Relator (a): Angela Moreno Pacheco de Rezende Lopes; Órgão Julgador: 27ª Câmara de Direito Privado; Foro de Piracicaba - 3ª Vara Cível; Data do Julgamento: 24/02/2021; Data de Registro: 24/02/2021)",FALSE,FALSE,FALSE,FALSE,FALSE,"RI006679K12KW",2021-02-24,"RI006679K12KW",2021-02-24,"RI006679K12KW",2021-02-24,"RI006679K0000",2021-01-22,"Afastada a preliminar, negaram provimento ao recurso da autora e deram provimento ao recurso da ré. V.U.","re","duvida","indefinido"
"10051447920198260451","14393911","Embargos de Declaração Cível","Prestação de Serviços","Angela Moreno Pacheco de Rezende Lopes","Piracicaba","27ª Câmara de Direito Privado",2021-02-24,2021-02-24,"EMBARGOS DE DECLARAÇÃO –  Embargante que pretende, tão somente,  modificação do julgado, pelo que sequer aponta a ocorrência de vícios sanáveis pela via dos embargos de declaração –  Ainda, a pretensão da embargante de prequestionar matéria infraconstitucional ou constitucional, visando à eventual interposição de recurso perante Instâncias Superiores, igualmente não autoriza o acolhimento dos embargos –  V. Acórdão que fica mantido tal como prolatado –  EMBARGOS REJEITADOS   (TJSP;  Embargos de Declaração Cível 1005144-79.2019.8.26.0451; Relator (a): Angela Moreno Pacheco de Rezende Lopes; Órgão Julgador: 27ª Câmara de Direito Privado; Foro de Piracicaba - 3ª Vara Cível; Data do Julgamento: 24/02/2021; Data de Registro: 24/02/2021)",FALSE,FALSE,FALSE,FALSE,FALSE,"RI006679K12KW",2021-02-24,"RI006679K12KW",2021-02-24,"RI006679K12KW",2021-02-24,"RI006679K12KW",2021-02-24,"Rejeitaram os embargos. V. U.","re","embargos rejeitados","indefinido"
"21997127320198260000","14334997","Agravo de Instrumento","Espécies de Títulos de Crédito","Coutinho de Arruda","Bauru","16ª Câmara de Direito Privado",2021-02-05,2021-02-05,"Agravo de instrumento - ação declaratória de inexistência de relação jurídica - contrato de prestação de serviços - prestação de serviços de publicidade que visa a incrementar a atividade empresarial da autora - inaplicabilidade do Código de Defesa do Consumidor - foro de eleição - ausência de abusividade - cláusula contratual estipulando o foro que deve prevalecer - aplicação da Súmula nº 335 do STJ e do art. 63 do Código de Processo Civil - decisão mantida - recurso improvido.  (TJSP;  Agravo de Instrumento 2199712-73.2019.8.26.0000; Relator (a): Coutinho de Arruda; Órgão Julgador: 16ª Câmara de Direito Privado; Foro de Bauru - 7ª. Vara Cível; Data do Julgamento: 05/02/2021; Data de Registro: 05/02/2021)",FALSE,FALSE,FALSE,FALSE,TRUE,"RI005DHVR0000",2021-02-05,"RI005DHVR0000",2021-02-05,"RI005DHVR0000",2021-02-05,"RI005DHVR0000",2021-02-05,"Negaram provimento ao recurso. V. U.","re","improvido","indefinido"
"10051766520198260037","14328107","Apelação Cível","Responsabilidade Civil","Roberto Maia","São Paulo","20ª Câmara de Direito Privado",2021-02-03,2021-02-03,"APELAÇÃO. Ação declaratória e indenizatória. Serviços de publicidade em lista de anúncios. Empresa autora que afirma ter assinado dois contratos com a pessoa jurídica ré sendo vítima de um golpe. Sentença que julgou os pedidos procedentes para declarar a nulidade das contratações e condenar a empresa demandada ao pagamento de indenização por danos morais no valor de R$ 5.000,00. Requerida condenada a arcar com os ônus decorrentes da sucumbência. Apelo da empresa ré. Com razão. Diante das alegações tecidas pelas partes e pelos documentos acostados ao feito, incontroverso que a empresa ré enviou à autora dois contratos de para a criação e divulgação de anúncios de publicidade. Os contratos foram assinados por sócia da empresa autora, e que possui poderes para gerir e administrar, isoladamente, a sociedade demandante. Em princípio, o fato de a empresa ré procurar a autora por meio de um telefonema, enviar um contrato por e-mail e recebê-lo de volta devidamente assinado por quem possui poderes para administrar a pessoa jurídica, por si só, não torna inexistente, inválida ou ineficaz a contratação do serviço de publicidade. O ponto controvertido é saber se o serviço de publicidade foi ou não oferecido de forma gratuita, o que teria, supostamente, viciado o consentimento da empresa autora. Não incide o Código de Defesa do Consumidor. A relação jurídica estabelecida entre as partes não se caracteriza como de consumo, mas sim de insumo, já que a contratação de serviços de publicidade, com vistas à divulgação da atividade comercial da contratante, possui escopo de auxiliar na atividade e a gerar lucro. Era ônus de a empresa autora comprovar o alegado vício de consentimento. Pedidos que foram julgados em primeiro grau de forma antecipada, apesar do pedido da demandante para a produção de provas. Diante do quadro que se descortina e para que não haja cerceamento do direito de defesa da empresa requerente, de rigor a anulação da r. sentença, com retorno do feito ao juízo de origem para que a autora possa produzir as provas necessárias para comprovar o seu alegado vício de consentimento. Apelo provido, para que a r. sentença seja anulada e o feito retorne ao juízo de origem para regular dilação probatória.  (TJSP;  Apelação Cível 1005176-65.2019.8.26.0037; Relator (a): Roberto Maia; Órgão Julgador: 20ª Câmara de Direito Privado; Foro Central Cível - 2ª Vara Cível; Data do Julgamento: 03/02/2021; Data de Registro: 03/02/2021)",FALSE,TRUE,FALSE,FALSE,FALSE,"RI0062P270000",2021-02-03,"RI0062P270000",2021-02-03,"RI0062P270000",2021-02-03,"RI0062P270000",2021-02-03,"Deram provimento ao recurso. V. U.","autora","provido","indefinido"
"10051447920198260451","14297835","Apelação Cível","Prestação de Serviços","Angela Moreno Pacheco de Rezende Lopes","Piracicaba","27ª Câmara de Direito Privado",2021-01-22,2021-01-22,"RESCISÃO CONTRATUAL COM PEDIDO DE INDENIZAÇÃO POR DANOS MORAIS –  Preliminar de incompetência territorial afastada –  Foro do domicilio da autora que é competente para processar a julgar a demanda –  Código de Defesa do Consumidor que aplica-se na hipótese dos autos –  Teoria finalista mitigada –  Vulnerabilidade técnica e informacional quanto ao objeto do contrato constatada –  Todavia, a sentença, no mérito, comporta reforma –  Contrato firmado entre as partes, por escrito, que é claro quanto à exigibilidade de prestações mensais de R$ 400,00, sendo inverossímil a tese autoral de que acreditava que o custo era de R$ 400,00 anuais –  Fatos constitutivos do direito autoral que não foram minimamente demonstrados –  Ônus do pagamento das verbas sucumbenciais invertido –  PRELIMINAR AFASTADA. RECURSO DA AUTORA DESPROVIDO. RECURSO DA RÉ PROVIDO   (TJSP;  Apelação Cível 1005144-79.2019.8.26.0451; Relator (a): Angela Moreno Pacheco de Rezende Lopes; Órgão Julgador: 27ª Câmara de Direito Privado; Foro de Piracicaba - 3ª Vara Cível; Data do Julgamento: 22/01/2021; Data de Registro: 22/01/2021)",FALSE,TRUE,FALSE,FALSE,FALSE,"RI006679K0000",2021-01-22,"RI006679K0000",2021-01-22,"RI006679K0000",2021-01-22,"RI006679K0000",2021-01-22,"Afastada a preliminar, negaram provimento ao recurso da autora e deram provimento ao recurso da ré. V.U.","re","duvida","indefinido"
"10051447920198260451","14297835","Apelação Cível","Prestação de Serviços","Angela Moreno Pacheco de Rezende Lopes","Piracicaba","27ª Câmara de Direito Privado",2021-01-22,2021-01-22,"RESCISÃO CONTRATUAL COM PEDIDO DE INDENIZAÇÃO POR DANOS MORAIS –  Preliminar de incompetência territorial afastada –  Foro do domicilio da autora que é competente para processar a julgar a demanda –  Código de Defesa do Consumidor que aplica-se na hipótese dos autos –  Teoria finalista mitigada –  Vulnerabilidade técnica e informacional quanto ao objeto do contrato constatada –  Todavia, a sentença, no mérito, comporta reforma –  Contrato firmado entre as partes, por escrito, que é claro quanto à exigibilidade de prestações mensais de R$ 400,00, sendo inverossímil a tese autoral de que acreditava que o custo era de R$ 400,00 anuais –  Fatos constitutivos do direito autoral que não foram minimamente demonstrados –  Ônus do pagamento das verbas sucumbenciais invertido –  PRELIMINAR AFASTADA. RECURSO DA AUTORA DESPROVIDO. RECURSO DA RÉ PROVIDO   (TJSP;  Apelação Cível 1005144-79.2019.8.26.0451; Relator (a): Angela Moreno Pacheco de Rezende Lopes; Órgão Julgador: 27ª Câmara de Direito Privado; Foro de Piracicaba - 3ª Vara Cível; Data do Julgamento: 22/01/2021; Data de Registro: 22/01/2021)",FALSE,TRUE,FALSE,FALSE,FALSE,"RI006679K0000",2021-01-22,"RI006679K0000",2021-01-22,"RI006679K0000",2021-01-22,"RI006679K12KW",2021-02-24,"Rejeitaram os embargos. V. U.","re","embargos rejeitados","indefinido"
"10051447920198260451","14297835","Apelação Cível","Prestação de Serviços","Angela Moreno Pacheco de Rezende Lopes","Piracicaba","27ª Câmara de Direito Privado",2021-01-22,2021-01-22,"RESCISÃO CONTRATUAL COM PEDIDO DE INDENIZAÇÃO POR DANOS MORAIS –  Preliminar de incompetência territorial afastada –  Foro do domicilio da autora que é competente para processar a julgar a demanda –  Código de Defesa do Consumidor que aplica-se na hipótese dos autos –  Teoria finalista mitigada –  Vulnerabilidade técnica e informacional quanto ao objeto do contrato constatada –  Todavia, a sentença, no mérito, comporta reforma –  Contrato firmado entre as partes, por escrito, que é claro quanto à exigibilidade de prestações mensais de R$ 400,00, sendo inverossímil a tese autoral de que acreditava que o custo era de R$ 400,00 anuais –  Fatos constitutivos do direito autoral que não foram minimamente demonstrados –  Ônus do pagamento das verbas sucumbenciais invertido –  PRELIMINAR AFASTADA. RECURSO DA AUTORA DESPROVIDO. RECURSO DA RÉ PROVIDO   (TJSP;  Apelação Cível 1005144-79.2019.8.26.0451; Relator (a): Angela Moreno Pacheco de Rezende Lopes; Órgão Julgador: 27ª Câmara de Direito Privado; Foro de Piracicaba - 3ª Vara Cível; Data do Julgamento: 22/01/2021; Data de Registro: 22/01/2021)",FALSE,TRUE,FALSE,FALSE,FALSE,"RI006679K0000",2021-01-22,"RI006679K0000",2021-01-22,"RI006679K12KW",2021-02-24,"RI006679K0000",2021-01-22,"Afastada a preliminar, negaram provimento ao recurso da autora e deram provimento ao recurso da ré. V.U.","re","duvida","indefinido"
"10051447920198260451","14297835","Apelação Cível","Prestação de Serviços","Angela Moreno Pacheco de Rezende Lopes","Piracicaba","27ª Câmara de Direito Privado",2021-01-22,2021-01-22,"RESCISÃO CONTRATUAL COM PEDIDO DE INDENIZAÇÃO POR DANOS MORAIS –  Preliminar de incompetência territorial afastada –  Foro do domicilio da autora que é competente para processar a julgar a demanda –  Código de Defesa do Consumidor que aplica-se na hipótese dos autos –  Teoria finalista mitigada –  Vulnerabilidade técnica e informacional quanto ao objeto do contrato constatada –  Todavia, a sentença, no mérito, comporta reforma –  Contrato firmado entre as partes, por escrito, que é claro quanto à exigibilidade de prestações mensais de R$ 400,00, sendo inverossímil a tese autoral de que acreditava que o custo era de R$ 400,00 anuais –  Fatos constitutivos do direito autoral que não foram minimamente demonstrados –  Ônus do pagamento das verbas sucumbenciais invertido –  PRELIMINAR AFASTADA. RECURSO DA AUTORA DESPROVIDO. RECURSO DA RÉ PROVIDO   (TJSP;  Apelação Cível 1005144-79.2019.8.26.0451; Relator (a): Angela Moreno Pacheco de Rezende Lopes; Órgão Julgador: 27ª Câmara de Direito Privado; Foro de Piracicaba - 3ª Vara Cível; Data do Julgamento: 22/01/2021; Data de Registro: 22/01/2021)",FALSE,TRUE,FALSE,FALSE,FALSE,"RI006679K0000",2021-01-22,"RI006679K0000",2021-01-22,"RI006679K12KW",2021-02-24,"RI006679K12KW",2021-02-24,"Rejeitaram os embargos. V. U.","re","embargos rejeitados","indefinido"
"10051447920198260451","14297835","Apelação Cível","Prestação de Serviços","Angela Moreno Pacheco de Rezende Lopes","Piracicaba","27ª Câmara de Direito Privado",2021-01-22,2021-01-22,"RESCISÃO CONTRATUAL COM PEDIDO DE INDENIZAÇÃO POR DANOS MORAIS –  Preliminar de incompetência territorial afastada –  Foro do domicilio da autora que é competente para processar a julgar a demanda –  Código de Defesa do Consumidor que aplica-se na hipótese dos autos –  Teoria finalista mitigada –  Vulnerabilidade técnica e informacional quanto ao objeto do contrato constatada –  Todavia, a sentença, no mérito, comporta reforma –  Contrato firmado entre as partes, por escrito, que é claro quanto à exigibilidade de prestações mensais de R$ 400,00, sendo inverossímil a tese autoral de que acreditava que o custo era de R$ 400,00 anuais –  Fatos constitutivos do direito autoral que não foram minimamente demonstrados –  Ônus do pagamento das verbas sucumbenciais invertido –  PRELIMINAR AFASTADA. RECURSO DA AUTORA DESPROVIDO. RECURSO DA RÉ PROVIDO   (TJSP;  Apelação Cível 1005144-79.2019.8.26.0451; Relator (a): Angela Moreno Pacheco de Rezende Lopes; Órgão Julgador: 27ª Câmara de Direito Privado; Foro de Piracicaba - 3ª Vara Cível; Data do Julgamento: 22/01/2021; Data de Registro: 22/01/2021)",FALSE,TRUE,FALSE,FALSE,FALSE,"RI006679K0000",2021-01-22,"RI006679K12KW",2021-02-24,"RI006679K0000",2021-01-22,"RI006679K0000",2021-01-22,"Afastada a preliminar, negaram provimento ao recurso da autora e deram provimento ao recurso da ré. V.U.","re","duvida","indefinido"
"10051447920198260451","14297835","Apelação Cível","Prestação de Serviços","Angela Moreno Pacheco de Rezende Lopes","Piracicaba","27ª Câmara de Direito Privado",2021-01-22,2021-01-22,"RESCISÃO CONTRATUAL COM PEDIDO DE INDENIZAÇÃO POR DANOS MORAIS –  Preliminar de incompetência territorial afastada –  Foro do domicilio da autora que é competente para processar a julgar a demanda –  Código de Defesa do Consumidor que aplica-se na hipótese dos autos –  Teoria finalista mitigada –  Vulnerabilidade técnica e informacional quanto ao objeto do contrato constatada –  Todavia, a sentença, no mérito, comporta reforma –  Contrato firmado entre as partes, por escrito, que é claro quanto à exigibilidade de prestações mensais de R$ 400,00, sendo inverossímil a tese autoral de que acreditava que o custo era de R$ 400,00 anuais –  Fatos constitutivos do direito autoral que não foram minimamente demonstrados –  Ônus do pagamento das verbas sucumbenciais invertido –  PRELIMINAR AFASTADA. RECURSO DA AUTORA DESPROVIDO. RECURSO DA RÉ PROVIDO   (TJSP;  Apelação Cível 1005144-79.2019.8.26.0451; Relator (a): Angela Moreno Pacheco de Rezende Lopes; Órgão Julgador: 27ª Câmara de Direito Privado; Foro de Piracicaba - 3ª Vara Cível; Data do Julgamento: 22/01/2021; Data de Registro: 22/01/2021)",FALSE,TRUE,FALSE,FALSE,FALSE,"RI006679K0000",2021-01-22,"RI006679K12KW",2021-02-24,"RI006679K0000",2021-01-22,"RI006679K12KW",2021-02-24,"Rejeitaram os embargos. V. U.","re","embargos rejeitados","indefinido"
"10051447920198260451","14297835","Apelação Cível","Prestação de Serviços","Angela Moreno Pacheco de Rezende Lopes","Piracicaba","27ª Câmara de Direito Privado",2021-01-22,2021-01-22,"RESCISÃO CONTRATUAL COM PEDIDO DE INDENIZAÇÃO POR DANOS MORAIS –  Preliminar de incompetência territorial afastada –  Foro do domicilio da autora que é competente para processar a julgar a demanda –  Código de Defesa do Consumidor que aplica-se na hipótese dos autos –  Teoria finalista mitigada –  Vulnerabilidade técnica e informacional quanto ao objeto do contrato constatada –  Todavia, a sentença, no mérito, comporta reforma –  Contrato firmado entre as partes, por escrito, que é claro quanto à exigibilidade de prestações mensais de R$ 400,00, sendo inverossímil a tese autoral de que acreditava que o custo era de R$ 400,00 anuais –  Fatos constitutivos do direito autoral que não foram minimamente demonstrados –  Ônus do pagamento das verbas sucumbenciais invertido –  PRELIMINAR AFASTADA. RECURSO DA AUTORA DESPROVIDO. RECURSO DA RÉ PROVIDO   (TJSP;  Apelação Cível 1005144-79.2019.8.26.0451; Relator (a): Angela Moreno Pacheco de Rezende Lopes; Órgão Julgador: 27ª Câmara de Direito Privado; Foro de Piracicaba - 3ª Vara Cível; Data do Julgamento: 22/01/2021; Data de Registro: 22/01/2021)",FALSE,TRUE,FALSE,FALSE,FALSE,"RI006679K0000",2021-01-22,"RI006679K12KW",2021-02-24,"RI006679K12KW",2021-02-24,"RI006679K0000",2021-01-22,"Afastada a preliminar, negaram provimento ao recurso da autora e deram provimento ao recurso da ré. V.U.","re","duvida","indefinido"
"10051447920198260451","14297835","Apelação Cível","Prestação de Serviços","Angela Moreno Pacheco de Rezende Lopes","Piracicaba","27ª Câmara de Direito Privado",2021-01-22,2021-01-22,"RESCISÃO CONTRATUAL COM PEDIDO DE INDENIZAÇÃO POR DANOS MORAIS –  Preliminar de incompetência territorial afastada –  Foro do domicilio da autora que é competente para processar a julgar a demanda –  Código de Defesa do Consumidor que aplica-se na hipótese dos autos –  Teoria finalista mitigada –  Vulnerabilidade técnica e informacional quanto ao objeto do contrato constatada –  Todavia, a sentença, no mérito, comporta reforma –  Contrato firmado entre as partes, por escrito, que é claro quanto à exigibilidade de prestações mensais de R$ 400,00, sendo inverossímil a tese autoral de que acreditava que o custo era de R$ 400,00 anuais –  Fatos constitutivos do direito autoral que não foram minimamente demonstrados –  Ônus do pagamento das verbas sucumbenciais invertido –  PRELIMINAR AFASTADA. RECURSO DA AUTORA DESPROVIDO. RECURSO DA RÉ PROVIDO   (TJSP;  Apelação Cível 1005144-79.2019.8.26.0451; Relator (a): Angela Moreno Pacheco de Rezende Lopes; Órgão Julgador: 27ª Câmara de Direito Privado; Foro de Piracicaba - 3ª Vara Cível; Data do Julgamento: 22/01/2021; Data de Registro: 22/01/2021)",FALSE,TRUE,FALSE,FALSE,FALSE,"RI006679K0000",2021-01-22,"RI006679K12KW",2021-02-24,"RI006679K12KW",2021-02-24,"RI006679K12KW",2021-02-24,"Rejeitaram os embargos. V. U.","re","embargos rejeitados","indefinido"
"10051447920198260451","14297835","Apelação Cível","Prestação de Serviços","Angela Moreno Pacheco de Rezende Lopes","Piracicaba","27ª Câmara de Direito Privado",2021-01-22,2021-01-22,"RESCISÃO CONTRATUAL COM PEDIDO DE INDENIZAÇÃO POR DANOS MORAIS –  Preliminar de incompetência territorial afastada –  Foro do domicilio da autora que é competente para processar a julgar a demanda –  Código de Defesa do Consumidor que aplica-se na hipótese dos autos –  Teoria finalista mitigada –  Vulnerabilidade técnica e informacional quanto ao objeto do contrato constatada –  Todavia, a sentença, no mérito, comporta reforma –  Contrato firmado entre as partes, por escrito, que é claro quanto à exigibilidade de prestações mensais de R$ 400,00, sendo inverossímil a tese autoral de que acreditava que o custo era de R$ 400,00 anuais –  Fatos constitutivos do direito autoral que não foram minimamente demonstrados –  Ônus do pagamento das verbas sucumbenciais invertido –  PRELIMINAR AFASTADA. RECURSO DA AUTORA DESPROVIDO. RECURSO DA RÉ PROVIDO   (TJSP;  Apelação Cível 1005144-79.2019.8.26.0451; Relator (a): Angela Moreno Pacheco de Rezende Lopes; Órgão Julgador: 27ª Câmara de Direito Privado; Foro de Piracicaba - 3ª Vara Cível; Data do Julgamento: 22/01/2021; Data de Registro: 22/01/2021)",FALSE,TRUE,FALSE,FALSE,FALSE,"RI006679K12KW",2021-02-24,"RI006679K0000",2021-01-22,"RI006679K0000",2021-01-22,"RI006679K0000",2021-01-22,"Afastada a preliminar, negaram provimento ao recurso da autora e deram provimento ao recurso da ré. V.U.","re","duvida","indefinido"
"10051447920198260451","14297835","Apelação Cível","Prestação de Serviços","Angela Moreno Pacheco de Rezende Lopes","Piracicaba","27ª Câmara de Direito Privado",2021-01-22,2021-01-22,"RESCISÃO CONTRATUAL COM PEDIDO DE INDENIZAÇÃO POR DANOS MORAIS –  Preliminar de incompetência territorial afastada –  Foro do domicilio da autora que é competente para processar a julgar a demanda –  Código de Defesa do Consumidor que aplica-se na hipótese dos autos –  Teoria finalista mitigada –  Vulnerabilidade técnica e informacional quanto ao objeto do contrato constatada –  Todavia, a sentença, no mérito, comporta reforma –  Contrato firmado entre as partes, por escrito, que é claro quanto à exigibilidade de prestações mensais de R$ 400,00, sendo inverossímil a tese autoral de que acreditava que o custo era de R$ 400,00 anuais –  Fatos constitutivos do direito autoral que não foram minimamente demonstrados –  Ônus do pagamento das verbas sucumbenciais invertido –  PRELIMINAR AFASTADA. RECURSO DA AUTORA DESPROVIDO. RECURSO DA RÉ PROVIDO   (TJSP;  Apelação Cível 1005144-79.2019.8.26.0451; Relator (a): Angela Moreno Pacheco de Rezende Lopes; Órgão Julgador: 27ª Câmara de Direito Privado; Foro de Piracicaba - 3ª Vara Cível; Data do Julgamento: 22/01/2021; Data de Registro: 22/01/2021)",FALSE,TRUE,FALSE,FALSE,FALSE,"RI006679K12KW",2021-02-24,"RI006679K0000",2021-01-22,"RI006679K0000",2021-01-22,"RI006679K12KW",2021-02-24,"Rejeitaram os embargos. V. U.","re","embargos rejeitados","indefinido"
"10051447920198260451","14297835","Apelação Cível","Prestação de Serviços","Angela Moreno Pacheco de Rezende Lopes","Piracicaba","27ª Câmara de Direito Privado",2021-01-22,2021-01-22,"RESCISÃO CONTRATUAL COM PEDIDO DE INDENIZAÇÃO POR DANOS MORAIS –  Preliminar de incompetência territorial afastada –  Foro do domicilio da autora que é competente para processar a julgar a demanda –  Código de Defesa do Consumidor que aplica-se na hipótese dos autos –  Teoria finalista mitigada –  Vulnerabilidade técnica e informacional quanto ao objeto do contrato constatada –  Todavia, a sentença, no mérito, comporta reforma –  Contrato firmado entre as partes, por escrito, que é claro quanto à exigibilidade de prestações mensais de R$ 400,00, sendo inverossímil a tese autoral de que acreditava que o custo era de R$ 400,00 anuais –  Fatos constitutivos do direito autoral que não foram minimamente demonstrados –  Ônus do pagamento das verbas sucumbenciais invertido –  PRELIMINAR AFASTADA. RECURSO DA AUTORA DESPROVIDO. RECURSO DA RÉ PROVIDO   (TJSP;  Apelação Cível 1005144-79.2019.8.26.0451; Relator (a): Angela Moreno Pacheco de Rezende Lopes; Órgão Julgador: 27ª Câmara de Direito Privado; Foro de Piracicaba - 3ª Vara Cível; Data do Julgamento: 22/01/2021; Data de Registro: 22/01/2021)",FALSE,TRUE,FALSE,FALSE,FALSE,"RI006679K12KW",2021-02-24,"RI006679K0000",2021-01-22,"RI006679K12KW",2021-02-24,"RI006679K0000",2021-01-22,"Afastada a preliminar, negaram provimento ao recurso da autora e deram provimento ao recurso da ré. V.U.","re","duvida","indefinido"
"10051447920198260451","14297835","Apelação Cível","Prestação de Serviços","Angela Moreno Pacheco de Rezende Lopes","Piracicaba","27ª Câmara de Direito Privado",2021-01-22,2021-01-22,"RESCISÃO CONTRATUAL COM PEDIDO DE INDENIZAÇÃO POR DANOS MORAIS –  Preliminar de incompetência territorial afastada –  Foro do domicilio da autora que é competente para processar a julgar a demanda –  Código de Defesa do Consumidor que aplica-se na hipótese dos autos –  Teoria finalista mitigada –  Vulnerabilidade técnica e informacional quanto ao objeto do contrato constatada –  Todavia, a sentença, no mérito, comporta reforma –  Contrato firmado entre as partes, por escrito, que é claro quanto à exigibilidade de prestações mensais de R$ 400,00, sendo inverossímil a tese autoral de que acreditava que o custo era de R$ 400,00 anuais –  Fatos constitutivos do direito autoral que não foram minimamente demonstrados –  Ônus do pagamento das verbas sucumbenciais invertido –  PRELIMINAR AFASTADA. RECURSO DA AUTORA DESPROVIDO. RECURSO DA RÉ PROVIDO   (TJSP;  Apelação Cível 1005144-79.2019.8.26.0451; Relator (a): Angela Moreno Pacheco de Rezende Lopes; Órgão Julgador: 27ª Câmara de Direito Privado; Foro de Piracicaba - 3ª Vara Cível; Data do Julgamento: 22/01/2021; Data de Registro: 22/01/2021)",FALSE,TRUE,FALSE,FALSE,FALSE,"RI006679K12KW",2021-02-24,"RI006679K0000",2021-01-22,"RI006679K12KW",2021-02-24,"RI006679K12KW",2021-02-24,"Rejeitaram os embargos. V. U.","re","embargos rejeitados","indefinido"
"10051447920198260451","14297835","Apelação Cível","Prestação de Serviços","Angela Moreno Pacheco de Rezende Lopes","Piracicaba","27ª Câmara de Direito Privado",2021-01-22,2021-01-22,"RESCISÃO CONTRATUAL COM PEDIDO DE INDENIZAÇÃO POR DANOS MORAIS –  Preliminar de incompetência territorial afastada –  Foro do domicilio da autora que é competente para processar a julgar a demanda –  Código de Defesa do Consumidor que aplica-se na hipótese dos autos –  Teoria finalista mitigada –  Vulnerabilidade técnica e informacional quanto ao objeto do contrato constatada –  Todavia, a sentença, no mérito, comporta reforma –  Contrato firmado entre as partes, por escrito, que é claro quanto à exigibilidade de prestações mensais de R$ 400,00, sendo inverossímil a tese autoral de que acreditava que o custo era de R$ 400,00 anuais –  Fatos constitutivos do direito autoral que não foram minimamente demonstrados –  Ônus do pagamento das verbas sucumbenciais invertido –  PRELIMINAR AFASTADA. RECURSO DA AUTORA DESPROVIDO. RECURSO DA RÉ PROVIDO   (TJSP;  Apelação Cível 1005144-79.2019.8.26.0451; Relator (a): Angela Moreno Pacheco de Rezende Lopes; Órgão Julgador: 27ª Câmara de Direito Privado; Foro de Piracicaba - 3ª Vara Cível; Data do Julgamento: 22/01/2021; Data de Registro: 22/01/2021)",FALSE,TRUE,FALSE,FALSE,FALSE,"RI006679K12KW",2021-02-24,"RI006679K12KW",2021-02-24,"RI006679K0000",2021-01-22,"RI006679K0000",2021-01-22,"Afastada a preliminar, negaram provimento ao recurso da autora e deram provimento ao recurso da ré. V.U.","re","duvida","indefinido"
"10051447920198260451","14297835","Apelação Cível","Prestação de Serviços","Angela Moreno Pacheco de Rezende Lopes","Piracicaba","27ª Câmara de Direito Privado",2021-01-22,2021-01-22,"RESCISÃO CONTRATUAL COM PEDIDO DE INDENIZAÇÃO POR DANOS MORAIS –  Preliminar de incompetência territorial afastada –  Foro do domicilio da autora que é competente para processar a julgar a demanda –  Código de Defesa do Consumidor que aplica-se na hipótese dos autos –  Teoria finalista mitigada –  Vulnerabilidade técnica e informacional quanto ao objeto do contrato constatada –  Todavia, a sentença, no mérito, comporta reforma –  Contrato firmado entre as partes, por escrito, que é claro quanto à exigibilidade de prestações mensais de R$ 400,00, sendo inverossímil a tese autoral de que acreditava que o custo era de R$ 400,00 anuais –  Fatos constitutivos do direito autoral que não foram minimamente demonstrados –  Ônus do pagamento das verbas sucumbenciais invertido –  PRELIMINAR AFASTADA. RECURSO DA AUTORA DESPROVIDO. RECURSO DA RÉ PROVIDO   (TJSP;  Apelação Cível 1005144-79.2019.8.26.0451; Relator (a): Angela Moreno Pacheco de Rezende Lopes; Órgão Julgador: 27ª Câmara de Direito Privado; Foro de Piracicaba - 3ª Vara Cível; Data do Julgamento: 22/01/2021; Data de Registro: 22/01/2021)",FALSE,TRUE,FALSE,FALSE,FALSE,"RI006679K12KW",2021-02-24,"RI006679K12KW",2021-02-24,"RI006679K0000",2021-01-22,"RI006679K12KW",2021-02-24,"Rejeitaram os embargos. V. U.","re","embargos rejeitados","indefinido"
"10051447920198260451","14297835","Apelação Cível","Prestação de Serviços","Angela Moreno Pacheco de Rezende Lopes","Piracicaba","27ª Câmara de Direito Privado",2021-01-22,2021-01-22,"RESCISÃO CONTRATUAL COM PEDIDO DE INDENIZAÇÃO POR DANOS MORAIS –  Preliminar de incompetência territorial afastada –  Foro do domicilio da autora que é competente para processar a julgar a demanda –  Código de Defesa do Consumidor que aplica-se na hipótese dos autos –  Teoria finalista mitigada –  Vulnerabilidade técnica e informacional quanto ao objeto do contrato constatada –  Todavia, a sentença, no mérito, comporta reforma –  Contrato firmado entre as partes, por escrito, que é claro quanto à exigibilidade de prestações mensais de R$ 400,00, sendo inverossímil a tese autoral de que acreditava que o custo era de R$ 400,00 anuais –  Fatos constitutivos do direito autoral que não foram minimamente demonstrados –  Ônus do pagamento das verbas sucumbenciais invertido –  PRELIMINAR AFASTADA. RECURSO DA AUTORA DESPROVIDO. RECURSO DA RÉ PROVIDO   (TJSP;  Apelação Cível 1005144-79.2019.8.26.0451; Relator (a): Angela Moreno Pacheco de Rezende Lopes; Órgão Julgador: 27ª Câmara de Direito Privado; Foro de Piracicaba - 3ª Vara Cível; Data do Julgamento: 22/01/2021; Data de Registro: 22/01/2021)",FALSE,TRUE,FALSE,FALSE,FALSE,"RI006679K12KW",2021-02-24,"RI006679K12KW",2021-02-24,"RI006679K12KW",2021-02-24,"RI006679K0000",2021-01-22,"Afastada a preliminar, negaram provimento ao recurso da autora e deram provimento ao recurso da ré. V.U.","re","duvida","indefinido"
"10051447920198260451","14297835","Apelação Cível","Prestação de Serviços","Angela Moreno Pacheco de Rezende Lopes","Piracicaba","27ª Câmara de Direito Privado",2021-01-22,2021-01-22,"RESCISÃO CONTRATUAL COM PEDIDO DE INDENIZAÇÃO POR DANOS MORAIS –  Preliminar de incompetência territorial afastada –  Foro do domicilio da autora que é competente para processar a julgar a demanda –  Código de Defesa do Consumidor que aplica-se na hipótese dos autos –  Teoria finalista mitigada –  Vulnerabilidade técnica e informacional quanto ao objeto do contrato constatada –  Todavia, a sentença, no mérito, comporta reforma –  Contrato firmado entre as partes, por escrito, que é claro quanto à exigibilidade de prestações mensais de R$ 400,00, sendo inverossímil a tese autoral de que acreditava que o custo era de R$ 400,00 anuais –  Fatos constitutivos do direito autoral que não foram minimamente demonstrados –  Ônus do pagamento das verbas sucumbenciais invertido –  PRELIMINAR AFASTADA. RECURSO DA AUTORA DESPROVIDO. RECURSO DA RÉ PROVIDO   (TJSP;  Apelação Cível 1005144-79.2019.8.26.0451; Relator (a): Angela Moreno Pacheco de Rezende Lopes; Órgão Julgador: 27ª Câmara de Direito Privado; Foro de Piracicaba - 3ª Vara Cível; Data do Julgamento: 22/01/2021; Data de Registro: 22/01/2021)",FALSE,TRUE,FALSE,FALSE,FALSE,"RI006679K12KW",2021-02-24,"RI006679K12KW",2021-02-24,"RI006679K12KW",2021-02-24,"RI006679K12KW",2021-02-24,"Rejeitaram os embargos. V. U.","re","embargos rejeitados","indefinido"
"10340490720198260577","14279170","Apelação Cível","Prestação de Serviços","Carmen Lucia da Silva","São José dos Campos","25ª Câmara de Direito Privado",2021-01-14,2021-01-14,"PRESTAÇÃO DE SERVIÇOS DE PUBLICIDADE. Ação que visa à rescisão do contrato e à declaração de inexigibilidade de débito. Sentença de improcedência dos pedidos. Apelação da empresa autora. Negócio jurídico firmado por funcionário que se identificou como gerente de vendas. Aplicabilidade da Teoria da Aparência. Validade do contrato em observância ao princípio da boa-fé. Serviços devidamente prestados. Vedação ao enriquecimento sem causa. Sentença mantida. RECURSO NÃO PROVIDO.  (TJSP;  Apelação Cível 1034049-07.2019.8.26.0577; Relator (a): Carmen Lucia da Silva; Órgão Julgador: 25ª Câmara de Direito Privado; Foro de São José dos Campos - 2ª Vara Cível; Data do Julgamento: 14/01/2021; Data de Registro: 14/01/2021)",FALSE,FALSE,FALSE,FALSE,FALSE,"RI005YHY00000",2021-01-14,"RI005YHY00000",2021-01-14,"RI005YHY00000",2021-01-14,"RI005YHY00000",2021-01-14,"Negaram provimento ao recurso. V. U.","re","improvido","indefinido"
"10026737520198260650","13929533","Apelação Cível","Prestação de Serviços","Carlos Abrão","Valinhos","14ª Câmara de Direito Privado",2020-09-03,2020-09-03,"APELAÇÃO - AÇÃO DE RESCISÃO CONTRATUAL COM PEDIDO DE REPETIÇÃO DE INDÉBITO E DE INDENIZAÇÃO POR DANOS MORAIS - CONTRATO DE FIGURAÇÃO - VEICULAÇÃO DE SERVIÇO PUBLICITÁRIO - SENTENÇA DE IMPROCEDÊNCIA - RECURSO - INSTRUMENTO QUE LASTREIA A AVENÇA SUBSCRITA PELO GENITOR DA PESSOA QUE DÁ NOME À MICROEMPRESA NA CONDIÇÃO DE GERENTE - PAGAMENTOS REALIZADOS PELA DEMANDANTE QUE ADVOGAM EM DESFAVOR DE SUA TESE - COMPROVADA A PRESTAÇÃO DO SERVIÇO - FRAUDE OU VÍCIOS INDEMONSTRADOS - ÔNUS QUE INCUMBIA À RECORRENTE - ARTIGO 373, INCISO I, DO CPC - ASSENTE A REGULARIDADE DO CONTRATO E DA COBRANÇA, NÃO HAVENDO QUE SE FALAR DE REPETIÇÃO DE INDÉBITO OU INDENIZAÇÃO POR DANOS MORAIS - ALTERAÇÃO DA VERDADE DOS FATOS NO DECORRER DO PROCESSO QUE BEIRA A LITIGÂNCIA DE MÁ-FÉ - SENTENÇA MANTIDA - RECURSO DESPROVIDO.  (TJSP;  Apelação Cível 1002673-75.2019.8.26.0650; Relator (a): Carlos Abrão; Órgão Julgador: 14ª Câmara de Direito Privado; Foro de Valinhos - 2ª Vara; Data do Julgamento: 03/09/2020; Data de Registro: 03/09/2020)",FALSE,TRUE,FALSE,FALSE,FALSE,"RI00600S10000",2020-09-03,"RI00600S10000",2020-09-03,"RI00600S10000",2020-09-03,"RI00600S10000",2020-09-03,"Negaram provimento ao recurso. V. U.","re","improvido","indefinido"
"10001851620198260047","13852493","Apelação Cível","Prestação de Serviços","Francisco Shintate","Assis","29ª Câmara de Direito Privado",2020-08-12,2020-08-12,"APELAÇÃO CÍVEL –  Ação de rescisão contratual cumulada com pedido indenizatório –  Indeferimento de pedido de justiça gratuita - Concessão de prazo para recolhimento do preparo recursal –  Determinação descumprida –  Deserção configurada –  Recurso não conhecido.  (TJSP;  Apelação Cível 1000185-16.2019.8.26.0047; Relator (a): Francisco Shintate; Órgão Julgador: 29ª Câmara de Direito Privado; Foro de Assis - 1ª Vara Cível; Data do Julgamento: 12/08/2020; Data de Registro: 12/08/2020)",FALSE,TRUE,FALSE,FALSE,FALSE,"RI005MLND0000",2020-08-12,"RI005MLND0000",2020-08-12,"RI005MLND0000",2020-08-12,"RI005MLND0000",2020-08-12,"Não conheceram do recurso. V. U.","re","não conhecido","indefinido"
"10039696120198260318","13735544","Apelação Cível","Prestação de Serviços","Hélio Marquez de Farias","São Paulo","18ª Câmara de Direito Privado",2020-07-09,2020-07-09,"APELAÇÃO CÍVEL. Contrato de prestação de serviços de publicidade em lista telefônica. Ação de rescisão contratual cumulada com restituição de valores pagos e indenização por danos morais. Sentença de improcedência. Insurgência da autora. Inadmissibilidade. Cabia à autora comprovar fato constitutivo de seu direito, ônus do qual não se desincumbiu, como preceitua o artigo 373, inciso I, do Código de Processo Civil. Alegada invalidade do negócio jurídico que se afasta pela comprovação de que a assinatura aposta na avença assim o foi por sócia-proprietária da empresa demandante. Aplicação da teoria da aparência quanto aos poderes desta, em respeito à boa-fé do contratante. Não há falar em anulação do negócio jurídico à vista da existência de vício de consentimento (ameaça), diante da ausência de provas. Sentença mantida. Aplicação do artigo 252 do Regimento Interno do Tribunal de Justiça do Estado de São Paulo. Recurso não provido.  (TJSP;  Apelação Cível 1003969-61.2019.8.26.0318; Relator (a): Hélio Marquez de Farias; Órgão Julgador: 18ª Câmara de Direito Privado; Foro Central Cível - 8ª Vara Cível; Data do Julgamento: 09/07/2020; Data de Registro: 09/07/2020)",FALSE,TRUE,FALSE,FALSE,FALSE,"RI005WPPF0000",2020-07-09,"RI005WPPF0000",2020-07-09,"RI005WPPF0000",2020-07-09,"RI005WPPF0000",2020-07-09,"Negaram provimento ao recurso. V. U.","re","improvido","indefinido"
"21004554120208260000","13646944","Agravo de Instrumento","Prestação de Serviços","Ruy Coppola","Brotas","32ª Câmara de Direito Privado",2020-06-15,2020-06-15,"Agravo de Instrumento. Prestação de serviços de lista telefônica. Ação declaratória de inexistência de relação jurídica c.c. obrigação de não fazer. Pedido de suspensão das cobranças e proibição de negativação do nome do agravante. A tutela só se concede quando houver elementos que evidenciem a probabilidade do direito e o perigo de dano ou o risco ao resultado útil do processo, nos exatos termos do artigo 300 do CPC/2015, o que não ocorre na espécie. Necessidade de contraditório e regular instrução processual. Decisão mantida. Agravo de instrumento improvido.  (TJSP;  Agravo de Instrumento 2100455-41.2020.8.26.0000; Relator (a): Ruy Coppola; Órgão Julgador: 32ª Câmara de Direito Privado; Foro de Brotas - 1ª Vara; Data do Julgamento: 15/06/2020; Data de Registro: 15/06/2020)",FALSE,FALSE,FALSE,FALSE,TRUE,"RI005UOCQ0000",2020-06-15,"RI005UOCQ0000",2020-06-15,"RI005UOCQ0000",2020-06-15,"RI005UOCQ0000",2020-06-15,"Negaram provimento ao recurso. V. U.","re","improvido","indefinido"
"10169395120188260602","13572380","Embargos de Declaração Cível","Prestação de Serviços","Maia da Rocha","Sorocaba","21ª Câmara de Direito Privado",2020-05-19,2020-05-19,"*RECURSO –  Embargos de declaração –  Alegação de omissão, contradição e obscuridade –  Inocorrência –  Circunstâncias de fato que não extrapolaram a esfera de mero aborrecimento - Dano moral não caracterizado - Embargos rejeitados*   (TJSP;  Embargos de Declaração Cível 1016939-51.2018.8.26.0602; Relator (a): Maia da Rocha; Órgão Julgador: 21ª Câmara de Direito Privado; Foro de Sorocaba - 6ª Vara Cível; Data do Julgamento: 19/05/2020; Data de Registro: 19/05/2020)",FALSE,TRUE,FALSE,FALSE,FALSE,"RI005KXFY0000",2020-03-03,"RI005KXFY0000",2020-03-03,"RI005KXFY0000",2020-03-03,"RI005KXFY0000",2020-03-03,"Negaram provimento ao recurso. V. U.","re","improvido","indefinido"
"10169395120188260602","13572380","Embargos de Declaração Cível","Prestação de Serviços","Maia da Rocha","Sorocaba","21ª Câmara de Direito Privado",2020-05-19,2020-05-19,"*RECURSO –  Embargos de declaração –  Alegação de omissão, contradição e obscuridade –  Inocorrência –  Circunstâncias de fato que não extrapolaram a esfera de mero aborrecimento - Dano moral não caracterizado - Embargos rejeitados*   (TJSP;  Embargos de Declaração Cível 1016939-51.2018.8.26.0602; Relator (a): Maia da Rocha; Órgão Julgador: 21ª Câmara de Direito Privado; Foro de Sorocaba - 6ª Vara Cível; Data do Julgamento: 19/05/2020; Data de Registro: 19/05/2020)",FALSE,TRUE,FALSE,FALSE,FALSE,"RI005KXFY0000",2020-03-03,"RI005KXFY0000",2020-03-03,"RI005KXFY0000",2020-03-03,"RI005KXFY12KW",2020-05-19,"Rejeitaram os embargos. V. U.","re","embargos rejeitados","indefinido"
"10169395120188260602","13572380","Embargos de Declaração Cível","Prestação de Serviços","Maia da Rocha","Sorocaba","21ª Câmara de Direito Privado",2020-05-19,2020-05-19,"*RECURSO –  Embargos de declaração –  Alegação de omissão, contradição e obscuridade –  Inocorrência –  Circunstâncias de fato que não extrapolaram a esfera de mero aborrecimento - Dano moral não caracterizado - Embargos rejeitados*   (TJSP;  Embargos de Declaração Cível 1016939-51.2018.8.26.0602; Relator (a): Maia da Rocha; Órgão Julgador: 21ª Câmara de Direito Privado; Foro de Sorocaba - 6ª Vara Cível; Data do Julgamento: 19/05/2020; Data de Registro: 19/05/2020)",FALSE,TRUE,FALSE,FALSE,FALSE,"RI005KXFY0000",2020-03-03,"RI005KXFY0000",2020-03-03,"RI005KXFY12KW",2020-05-19,"RI005KXFY0000",2020-03-03,"Negaram provimento ao recurso. V. U.","re","improvido","indefinido"
"10169395120188260602","13572380","Embargos de Declaração Cível","Prestação de Serviços","Maia da Rocha","Sorocaba","21ª Câmara de Direito Privado",2020-05-19,2020-05-19,"*RECURSO –  Embargos de declaração –  Alegação de omissão, contradição e obscuridade –  Inocorrência –  Circunstâncias de fato que não extrapolaram a esfera de mero aborrecimento - Dano moral não caracterizado - Embargos rejeitados*   (TJSP;  Embargos de Declaração Cível 1016939-51.2018.8.26.0602; Relator (a): Maia da Rocha; Órgão Julgador: 21ª Câmara de Direito Privado; Foro de Sorocaba - 6ª Vara Cível; Data do Julgamento: 19/05/2020; Data de Registro: 19/05/2020)",FALSE,TRUE,FALSE,FALSE,FALSE,"RI005KXFY0000",2020-03-03,"RI005KXFY0000",2020-03-03,"RI005KXFY12KW",2020-05-19,"RI005KXFY12KW",2020-05-19,"Rejeitaram os embargos. V. U.","re","embargos rejeitados","indefinido"
"10169395120188260602","13572380","Embargos de Declaração Cível","Prestação de Serviços","Maia da Rocha","Sorocaba","21ª Câmara de Direito Privado",2020-05-19,2020-05-19,"*RECURSO –  Embargos de declaração –  Alegação de omissão, contradição e obscuridade –  Inocorrência –  Circunstâncias de fato que não extrapolaram a esfera de mero aborrecimento - Dano moral não caracterizado - Embargos rejeitados*   (TJSP;  Embargos de Declaração Cível 1016939-51.2018.8.26.0602; Relator (a): Maia da Rocha; Órgão Julgador: 21ª Câmara de Direito Privado; Foro de Sorocaba - 6ª Vara Cível; Data do Julgamento: 19/05/2020; Data de Registro: 19/05/2020)",FALSE,TRUE,FALSE,FALSE,FALSE,"RI005KXFY0000",2020-03-03,"RI005KXFY12KW",2020-05-19,"RI005KXFY0000",2020-03-03,"RI005KXFY0000",2020-03-03,"Negaram provimento ao recurso. V. U.","re","improvido","indefinido"
"10169395120188260602","13572380","Embargos de Declaração Cível","Prestação de Serviços","Maia da Rocha","Sorocaba","21ª Câmara de Direito Privado",2020-05-19,2020-05-19,"*RECURSO –  Embargos de declaração –  Alegação de omissão, contradição e obscuridade –  Inocorrência –  Circunstâncias de fato que não extrapolaram a esfera de mero aborrecimento - Dano moral não caracterizado - Embargos rejeitados*   (TJSP;  Embargos de Declaração Cível 1016939-51.2018.8.26.0602; Relator (a): Maia da Rocha; Órgão Julgador: 21ª Câmara de Direito Privado; Foro de Sorocaba - 6ª Vara Cível; Data do Julgamento: 19/05/2020; Data de Registro: 19/05/2020)",FALSE,TRUE,FALSE,FALSE,FALSE,"RI005KXFY0000",2020-03-03,"RI005KXFY12KW",2020-05-19,"RI005KXFY0000",2020-03-03,"RI005KXFY12KW",2020-05-19,"Rejeitaram os embargos. V. U.","re","embargos rejeitados","indefinido"
"10169395120188260602","13572380","Embargos de Declaração Cível","Prestação de Serviços","Maia da Rocha","Sorocaba","21ª Câmara de Direito Privado",2020-05-19,2020-05-19,"*RECURSO –  Embargos de declaração –  Alegação de omissão, contradição e obscuridade –  Inocorrência –  Circunstâncias de fato que não extrapolaram a esfera de mero aborrecimento - Dano moral não caracterizado - Embargos rejeitados*   (TJSP;  Embargos de Declaração Cível 1016939-51.2018.8.26.0602; Relator (a): Maia da Rocha; Órgão Julgador: 21ª Câmara de Direito Privado; Foro de Sorocaba - 6ª Vara Cível; Data do Julgamento: 19/05/2020; Data de Registro: 19/05/2020)",FALSE,TRUE,FALSE,FALSE,FALSE,"RI005KXFY0000",2020-03-03,"RI005KXFY12KW",2020-05-19,"RI005KXFY12KW",2020-05-19,"RI005KXFY0000",2020-03-03,"Negaram provimento ao recurso. V. U.","re","improvido","indefinido"
"10169395120188260602","13572380","Embargos de Declaração Cível","Prestação de Serviços","Maia da Rocha","Sorocaba","21ª Câmara de Direito Privado",2020-05-19,2020-05-19,"*RECURSO –  Embargos de declaração –  Alegação de omissão, contradição e obscuridade –  Inocorrência –  Circunstâncias de fato que não extrapolaram a esfera de mero aborrecimento - Dano moral não caracterizado - Embargos rejeitados*   (TJSP;  Embargos de Declaração Cível 1016939-51.2018.8.26.0602; Relator (a): Maia da Rocha; Órgão Julgador: 21ª Câmara de Direito Privado; Foro de Sorocaba - 6ª Vara Cível; Data do Julgamento: 19/05/2020; Data de Registro: 19/05/2020)",FALSE,TRUE,FALSE,FALSE,FALSE,"RI005KXFY0000",2020-03-03,"RI005KXFY12KW",2020-05-19,"RI005KXFY12KW",2020-05-19,"RI005KXFY12KW",2020-05-19,"Rejeitaram os embargos. V. U.","re","embargos rejeitados","indefinido"
"10169395120188260602","13572380","Embargos de Declaração Cível","Prestação de Serviços","Maia da Rocha","Sorocaba","21ª Câmara de Direito Privado",2020-05-19,2020-05-19,"*RECURSO –  Embargos de declaração –  Alegação de omissão, contradição e obscuridade –  Inocorrência –  Circunstâncias de fato que não extrapolaram a esfera de mero aborrecimento - Dano moral não caracterizado - Embargos rejeitados*   (TJSP;  Embargos de Declaração Cível 1016939-51.2018.8.26.0602; Relator (a): Maia da Rocha; Órgão Julgador: 21ª Câmara de Direito Privado; Foro de Sorocaba - 6ª Vara Cível; Data do Julgamento: 19/05/2020; Data de Registro: 19/05/2020)",FALSE,TRUE,FALSE,FALSE,FALSE,"RI005KXFY12KW",2020-05-19,"RI005KXFY0000",2020-03-03,"RI005KXFY0000",2020-03-03,"RI005KXFY0000",2020-03-03,"Negaram provimento ao recurso. V. U.","re","improvido","indefinido"
"10169395120188260602","13572380","Embargos de Declaração Cível","Prestação de Serviços","Maia da Rocha","Sorocaba","21ª Câmara de Direito Privado",2020-05-19,2020-05-19,"*RECURSO –  Embargos de declaração –  Alegação de omissão, contradição e obscuridade –  Inocorrência –  Circunstâncias de fato que não extrapolaram a esfera de mero aborrecimento - Dano moral não caracterizado - Embargos rejeitados*   (TJSP;  Embargos de Declaração Cível 1016939-51.2018.8.26.0602; Relator (a): Maia da Rocha; Órgão Julgador: 21ª Câmara de Direito Privado; Foro de Sorocaba - 6ª Vara Cível; Data do Julgamento: 19/05/2020; Data de Registro: 19/05/2020)",FALSE,TRUE,FALSE,FALSE,FALSE,"RI005KXFY12KW",2020-05-19,"RI005KXFY0000",2020-03-03,"RI005KXFY0000",2020-03-03,"RI005KXFY12KW",2020-05-19,"Rejeitaram os embargos. V. U.","re","embargos rejeitados","indefinido"
"10169395120188260602","13572380","Embargos de Declaração Cível","Prestação de Serviços","Maia da Rocha","Sorocaba","21ª Câmara de Direito Privado",2020-05-19,2020-05-19,"*RECURSO –  Embargos de declaração –  Alegação de omissão, contradição e obscuridade –  Inocorrência –  Circunstâncias de fato que não extrapolaram a esfera de mero aborrecimento - Dano moral não caracterizado - Embargos rejeitados*   (TJSP;  Embargos de Declaração Cível 1016939-51.2018.8.26.0602; Relator (a): Maia da Rocha; Órgão Julgador: 21ª Câmara de Direito Privado; Foro de Sorocaba - 6ª Vara Cível; Data do Julgamento: 19/05/2020; Data de Registro: 19/05/2020)",FALSE,TRUE,FALSE,FALSE,FALSE,"RI005KXFY12KW",2020-05-19,"RI005KXFY0000",2020-03-03,"RI005KXFY12KW",2020-05-19,"RI005KXFY0000",2020-03-03,"Negaram provimento ao recurso. V. U.","re","improvido","indefinido"
"10169395120188260602","13572380","Embargos de Declaração Cível","Prestação de Serviços","Maia da Rocha","Sorocaba","21ª Câmara de Direito Privado",2020-05-19,2020-05-19,"*RECURSO –  Embargos de declaração –  Alegação de omissão, contradição e obscuridade –  Inocorrência –  Circunstâncias de fato que não extrapolaram a esfera de mero aborrecimento - Dano moral não caracterizado - Embargos rejeitados*   (TJSP;  Embargos de Declaração Cível 1016939-51.2018.8.26.0602; Relator (a): Maia da Rocha; Órgão Julgador: 21ª Câmara de Direito Privado; Foro de Sorocaba - 6ª Vara Cível; Data do Julgamento: 19/05/2020; Data de Registro: 19/05/2020)",FALSE,TRUE,FALSE,FALSE,FALSE,"RI005KXFY12KW",2020-05-19,"RI005KXFY0000",2020-03-03,"RI005KXFY12KW",2020-05-19,"RI005KXFY12KW",2020-05-19,"Rejeitaram os embargos. V. U.","re","embargos rejeitados","indefinido"
"10169395120188260602","13572380","Embargos de Declaração Cível","Prestação de Serviços","Maia da Rocha","Sorocaba","21ª Câmara de Direito Privado",2020-05-19,2020-05-19,"*RECURSO –  Embargos de declaração –  Alegação de omissão, contradição e obscuridade –  Inocorrência –  Circunstâncias de fato que não extrapolaram a esfera de mero aborrecimento - Dano moral não caracterizado - Embargos rejeitados*   (TJSP;  Embargos de Declaração Cível 1016939-51.2018.8.26.0602; Relator (a): Maia da Rocha; Órgão Julgador: 21ª Câmara de Direito Privado; Foro de Sorocaba - 6ª Vara Cível; Data do Julgamento: 19/05/2020; Data de Registro: 19/05/2020)",FALSE,TRUE,FALSE,FALSE,FALSE,"RI005KXFY12KW",2020-05-19,"RI005KXFY12KW",2020-05-19,"RI005KXFY0000",2020-03-03,"RI005KXFY0000",2020-03-03,"Negaram provimento ao recurso. V. U.","re","improvido","indefinido"
"10169395120188260602","13572380","Embargos de Declaração Cível","Prestação de Serviços","Maia da Rocha","Sorocaba","21ª Câmara de Direito Privado",2020-05-19,2020-05-19,"*RECURSO –  Embargos de declaração –  Alegação de omissão, contradição e obscuridade –  Inocorrência –  Circunstâncias de fato que não extrapolaram a esfera de mero aborrecimento - Dano moral não caracterizado - Embargos rejeitados*   (TJSP;  Embargos de Declaração Cível 1016939-51.2018.8.26.0602; Relator (a): Maia da Rocha; Órgão Julgador: 21ª Câmara de Direito Privado; Foro de Sorocaba - 6ª Vara Cível; Data do Julgamento: 19/05/2020; Data de Registro: 19/05/2020)",FALSE,TRUE,FALSE,FALSE,FALSE,"RI005KXFY12KW",2020-05-19,"RI005KXFY12KW",2020-05-19,"RI005KXFY0000",2020-03-03,"RI005KXFY12KW",2020-05-19,"Rejeitaram os embargos. V. U.","re","embargos rejeitados","indefinido"
"10169395120188260602","13572380","Embargos de Declaração Cível","Prestação de Serviços","Maia da Rocha","Sorocaba","21ª Câmara de Direito Privado",2020-05-19,2020-05-19,"*RECURSO –  Embargos de declaração –  Alegação de omissão, contradição e obscuridade –  Inocorrência –  Circunstâncias de fato que não extrapolaram a esfera de mero aborrecimento - Dano moral não caracterizado - Embargos rejeitados*   (TJSP;  Embargos de Declaração Cível 1016939-51.2018.8.26.0602; Relator (a): Maia da Rocha; Órgão Julgador: 21ª Câmara de Direito Privado; Foro de Sorocaba - 6ª Vara Cível; Data do Julgamento: 19/05/2020; Data de Registro: 19/05/2020)",FALSE,TRUE,FALSE,FALSE,FALSE,"RI005KXFY12KW",2020-05-19,"RI005KXFY12KW",2020-05-19,"RI005KXFY12KW",2020-05-19,"RI005KXFY0000",2020-03-03,"Negaram provimento ao recurso. V. U.","re","improvido","indefinido"
"10169395120188260602","13572380","Embargos de Declaração Cível","Prestação de Serviços","Maia da Rocha","Sorocaba","21ª Câmara de Direito Privado",2020-05-19,2020-05-19,"*RECURSO –  Embargos de declaração –  Alegação de omissão, contradição e obscuridade –  Inocorrência –  Circunstâncias de fato que não extrapolaram a esfera de mero aborrecimento - Dano moral não caracterizado - Embargos rejeitados*   (TJSP;  Embargos de Declaração Cível 1016939-51.2018.8.26.0602; Relator (a): Maia da Rocha; Órgão Julgador: 21ª Câmara de Direito Privado; Foro de Sorocaba - 6ª Vara Cível; Data do Julgamento: 19/05/2020; Data de Registro: 19/05/2020)",FALSE,TRUE,FALSE,FALSE,FALSE,"RI005KXFY12KW",2020-05-19,"RI005KXFY12KW",2020-05-19,"RI005KXFY12KW",2020-05-19,"RI005KXFY12KW",2020-05-19,"Rejeitaram os embargos. V. U.","re","embargos rejeitados","indefinido"
"20004909020208260000","13426397","Agravo de Instrumento","Prestação de Serviços","João Camillo de Almeida Prado Costa","Ribeirão Preto","19ª Câmara de Direito Privado",2020-03-20,2020-03-20,"COMPETENCIA. Ação de rescisão contratual cumulada com declaração de inexistência de débito e de indenização por danos morais. Consideração de que a finalidade do contrato que busca a autora rescindir é o incremento das atividades da microempresa autora, não configurada sua condição de consumidora final. Inaplicabilidade à espécie do Código de Defesa do Consumidor. Hipótese em que deve ser observada a regra geral de fixação de competência. Inteligência do disposto no artigo 53, II, ""a"", do Código de Processo Civil. Decisão que acolheu a preliminar de incompetência e determinou a redistribuição do feito para o foro do domicílio da ré mantida. Recurso improvido. 

Dispositivo: negaram provimento ao recurso.  (TJSP;  Agravo de Instrumento 2000490-90.2020.8.26.0000; Relator (a): João Camillo de Almeida Prado Costa; Órgão Julgador: 19ª Câmara de Direito Privado; Foro de Ribeirão Preto - 8ª Vara Cível; Data do Julgamento: 20/03/2020; Data de Registro: 20/03/2020)",FALSE,TRUE,FALSE,FALSE,FALSE,"RI005OV3V0000",2020-03-20,"RI005OV3V0000",2020-03-20,"RI005OV3V0000",2020-03-20,"RI005OV3V0000",2020-03-20,"Negaram provimento ao recurso. V. U.","re","improvido","indefinido"
"10169395120188260602","13368936","Apelação Cível","Prestação de Serviços","Maia da Rocha","Sorocaba","21ª Câmara de Direito Privado",2020-03-03,2020-03-03,"*DANO MORAL –  Indenização –  Pedido fundamentado na má prestação de serviços da apelada - Circunstâncias de fato que não extrapolaram a esfera de mero aborrecimento –  Dano moral não caracterizado –  Sentença mantida - Recurso não provido*  (TJSP;  Apelação Cível 1016939-51.2018.8.26.0602; Relator (a): Maia da Rocha; Órgão Julgador: 21ª Câmara de Direito Privado; Foro de Sorocaba - 6ª Vara Cível; Data do Julgamento: 03/03/2020; Data de Registro: 03/03/2020)",FALSE,TRUE,FALSE,FALSE,FALSE,"RI005KXFY0000",2020-03-03,"RI005KXFY0000",2020-03-03,"RI005KXFY0000",2020-03-03,"RI005KXFY0000",2020-03-03,"Negaram provimento ao recurso. V. U.","re","improvido","indefinido"
"10169395120188260602","13368936","Apelação Cível","Prestação de Serviços","Maia da Rocha","Sorocaba","21ª Câmara de Direito Privado",2020-03-03,2020-03-03,"*DANO MORAL –  Indenização –  Pedido fundamentado na má prestação de serviços da apelada - Circunstâncias de fato que não extrapolaram a esfera de mero aborrecimento –  Dano moral não caracterizado –  Sentença mantida - Recurso não provido*  (TJSP;  Apelação Cível 1016939-51.2018.8.26.0602; Relator (a): Maia da Rocha; Órgão Julgador: 21ª Câmara de Direito Privado; Foro de Sorocaba - 6ª Vara Cível; Data do Julgamento: 03/03/2020; Data de Registro: 03/03/2020)",FALSE,TRUE,FALSE,FALSE,FALSE,"RI005KXFY0000",2020-03-03,"RI005KXFY0000",2020-03-03,"RI005KXFY0000",2020-03-03,"RI005KXFY12KW",2020-05-19,"Rejeitaram os embargos. V. U.","re","embargos rejeitados","indefinido"
"10169395120188260602","13368936","Apelação Cível","Prestação de Serviços","Maia da Rocha","Sorocaba","21ª Câmara de Direito Privado",2020-03-03,2020-03-03,"*DANO MORAL –  Indenização –  Pedido fundamentado na má prestação de serviços da apelada - Circunstâncias de fato que não extrapolaram a esfera de mero aborrecimento –  Dano moral não caracterizado –  Sentença mantida - Recurso não provido*  (TJSP;  Apelação Cível 1016939-51.2018.8.26.0602; Relator (a): Maia da Rocha; Órgão Julgador: 21ª Câmara de Direito Privado; Foro de Sorocaba - 6ª Vara Cível; Data do Julgamento: 03/03/2020; Data de Registro: 03/03/2020)",FALSE,TRUE,FALSE,FALSE,FALSE,"RI005KXFY0000",2020-03-03,"RI005KXFY0000",2020-03-03,"RI005KXFY12KW",2020-05-19,"RI005KXFY0000",2020-03-03,"Negaram provimento ao recurso. V. U.","re","improvido","indefinido"
"10169395120188260602","13368936","Apelação Cível","Prestação de Serviços","Maia da Rocha","Sorocaba","21ª Câmara de Direito Privado",2020-03-03,2020-03-03,"*DANO MORAL –  Indenização –  Pedido fundamentado na má prestação de serviços da apelada - Circunstâncias de fato que não extrapolaram a esfera de mero aborrecimento –  Dano moral não caracterizado –  Sentença mantida - Recurso não provido*  (TJSP;  Apelação Cível 1016939-51.2018.8.26.0602; Relator (a): Maia da Rocha; Órgão Julgador: 21ª Câmara de Direito Privado; Foro de Sorocaba - 6ª Vara Cível; Data do Julgamento: 03/03/2020; Data de Registro: 03/03/2020)",FALSE,TRUE,FALSE,FALSE,FALSE,"RI005KXFY0000",2020-03-03,"RI005KXFY0000",2020-03-03,"RI005KXFY12KW",2020-05-19,"RI005KXFY12KW",2020-05-19,"Rejeitaram os embargos. V. U.","re","embargos rejeitados","indefinido"
"10169395120188260602","13368936","Apelação Cível","Prestação de Serviços","Maia da Rocha","Sorocaba","21ª Câmara de Direito Privado",2020-03-03,2020-03-03,"*DANO MORAL –  Indenização –  Pedido fundamentado na má prestação de serviços da apelada - Circunstâncias de fato que não extrapolaram a esfera de mero aborrecimento –  Dano moral não caracterizado –  Sentença mantida - Recurso não provido*  (TJSP;  Apelação Cível 1016939-51.2018.8.26.0602; Relator (a): Maia da Rocha; Órgão Julgador: 21ª Câmara de Direito Privado; Foro de Sorocaba - 6ª Vara Cível; Data do Julgamento: 03/03/2020; Data de Registro: 03/03/2020)",FALSE,TRUE,FALSE,FALSE,FALSE,"RI005KXFY0000",2020-03-03,"RI005KXFY12KW",2020-05-19,"RI005KXFY0000",2020-03-03,"RI005KXFY0000",2020-03-03,"Negaram provimento ao recurso. V. U.","re","improvido","indefinido"
"10169395120188260602","13368936","Apelação Cível","Prestação de Serviços","Maia da Rocha","Sorocaba","21ª Câmara de Direito Privado",2020-03-03,2020-03-03,"*DANO MORAL –  Indenização –  Pedido fundamentado na má prestação de serviços da apelada - Circunstâncias de fato que não extrapolaram a esfera de mero aborrecimento –  Dano moral não caracterizado –  Sentença mantida - Recurso não provido*  (TJSP;  Apelação Cível 1016939-51.2018.8.26.0602; Relator (a): Maia da Rocha; Órgão Julgador: 21ª Câmara de Direito Privado; Foro de Sorocaba - 6ª Vara Cível; Data do Julgamento: 03/03/2020; Data de Registro: 03/03/2020)",FALSE,TRUE,FALSE,FALSE,FALSE,"RI005KXFY0000",2020-03-03,"RI005KXFY12KW",2020-05-19,"RI005KXFY0000",2020-03-03,"RI005KXFY12KW",2020-05-19,"Rejeitaram os embargos. V. U.","re","embargos rejeitados","indefinido"
"10169395120188260602","13368936","Apelação Cível","Prestação de Serviços","Maia da Rocha","Sorocaba","21ª Câmara de Direito Privado",2020-03-03,2020-03-03,"*DANO MORAL –  Indenização –  Pedido fundamentado na má prestação de serviços da apelada - Circunstâncias de fato que não extrapolaram a esfera de mero aborrecimento –  Dano moral não caracterizado –  Sentença mantida - Recurso não provido*  (TJSP;  Apelação Cível 1016939-51.2018.8.26.0602; Relator (a): Maia da Rocha; Órgão Julgador: 21ª Câmara de Direito Privado; Foro de Sorocaba - 6ª Vara Cível; Data do Julgamento: 03/03/2020; Data de Registro: 03/03/2020)",FALSE,TRUE,FALSE,FALSE,FALSE,"RI005KXFY0000",2020-03-03,"RI005KXFY12KW",2020-05-19,"RI005KXFY12KW",2020-05-19,"RI005KXFY0000",2020-03-03,"Negaram provimento ao recurso. V. U.","re","improvido","indefinido"
"10169395120188260602","13368936","Apelação Cível","Prestação de Serviços","Maia da Rocha","Sorocaba","21ª Câmara de Direito Privado",2020-03-03,2020-03-03,"*DANO MORAL –  Indenização –  Pedido fundamentado na má prestação de serviços da apelada - Circunstâncias de fato que não extrapolaram a esfera de mero aborrecimento –  Dano moral não caracterizado –  Sentença mantida - Recurso não provido*  (TJSP;  Apelação Cível 1016939-51.2018.8.26.0602; Relator (a): Maia da Rocha; Órgão Julgador: 21ª Câmara de Direito Privado; Foro de Sorocaba - 6ª Vara Cível; Data do Julgamento: 03/03/2020; Data de Registro: 03/03/2020)",FALSE,TRUE,FALSE,FALSE,FALSE,"RI005KXFY0000",2020-03-03,"RI005KXFY12KW",2020-05-19,"RI005KXFY12KW",2020-05-19,"RI005KXFY12KW",2020-05-19,"Rejeitaram os embargos. V. U.","re","embargos rejeitados","indefinido"
"10169395120188260602","13368936","Apelação Cível","Prestação de Serviços","Maia da Rocha","Sorocaba","21ª Câmara de Direito Privado",2020-03-03,2020-03-03,"*DANO MORAL –  Indenização –  Pedido fundamentado na má prestação de serviços da apelada - Circunstâncias de fato que não extrapolaram a esfera de mero aborrecimento –  Dano moral não caracterizado –  Sentença mantida - Recurso não provido*  (TJSP;  Apelação Cível 1016939-51.2018.8.26.0602; Relator (a): Maia da Rocha; Órgão Julgador: 21ª Câmara de Direito Privado; Foro de Sorocaba - 6ª Vara Cível; Data do Julgamento: 03/03/2020; Data de Registro: 03/03/2020)",FALSE,TRUE,FALSE,FALSE,FALSE,"RI005KXFY12KW",2020-05-19,"RI005KXFY0000",2020-03-03,"RI005KXFY0000",2020-03-03,"RI005KXFY0000",2020-03-03,"Negaram provimento ao recurso. V. U.","re","improvido","indefinido"
"10169395120188260602","13368936","Apelação Cível","Prestação de Serviços","Maia da Rocha","Sorocaba","21ª Câmara de Direito Privado",2020-03-03,2020-03-03,"*DANO MORAL –  Indenização –  Pedido fundamentado na má prestação de serviços da apelada - Circunstâncias de fato que não extrapolaram a esfera de mero aborrecimento –  Dano moral não caracterizado –  Sentença mantida - Recurso não provido*  (TJSP;  Apelação Cível 1016939-51.2018.8.26.0602; Relator (a): Maia da Rocha; Órgão Julgador: 21ª Câmara de Direito Privado; Foro de Sorocaba - 6ª Vara Cível; Data do Julgamento: 03/03/2020; Data de Registro: 03/03/2020)",FALSE,TRUE,FALSE,FALSE,FALSE,"RI005KXFY12KW",2020-05-19,"RI005KXFY0000",2020-03-03,"RI005KXFY0000",2020-03-03,"RI005KXFY12KW",2020-05-19,"Rejeitaram os embargos. V. U.","re","embargos rejeitados","indefinido"
"10169395120188260602","13368936","Apelação Cível","Prestação de Serviços","Maia da Rocha","Sorocaba","21ª Câmara de Direito Privado",2020-03-03,2020-03-03,"*DANO MORAL –  Indenização –  Pedido fundamentado na má prestação de serviços da apelada - Circunstâncias de fato que não extrapolaram a esfera de mero aborrecimento –  Dano moral não caracterizado –  Sentença mantida - Recurso não provido*  (TJSP;  Apelação Cível 1016939-51.2018.8.26.0602; Relator (a): Maia da Rocha; Órgão Julgador: 21ª Câmara de Direito Privado; Foro de Sorocaba - 6ª Vara Cível; Data do Julgamento: 03/03/2020; Data de Registro: 03/03/2020)",FALSE,TRUE,FALSE,FALSE,FALSE,"RI005KXFY12KW",2020-05-19,"RI005KXFY0000",2020-03-03,"RI005KXFY12KW",2020-05-19,"RI005KXFY0000",2020-03-03,"Negaram provimento ao recurso. V. U.","re","improvido","indefinido"
"10169395120188260602","13368936","Apelação Cível","Prestação de Serviços","Maia da Rocha","Sorocaba","21ª Câmara de Direito Privado",2020-03-03,2020-03-03,"*DANO MORAL –  Indenização –  Pedido fundamentado na má prestação de serviços da apelada - Circunstâncias de fato que não extrapolaram a esfera de mero aborrecimento –  Dano moral não caracterizado –  Sentença mantida - Recurso não provido*  (TJSP;  Apelação Cível 1016939-51.2018.8.26.0602; Relator (a): Maia da Rocha; Órgão Julgador: 21ª Câmara de Direito Privado; Foro de Sorocaba - 6ª Vara Cível; Data do Julgamento: 03/03/2020; Data de Registro: 03/03/2020)",FALSE,TRUE,FALSE,FALSE,FALSE,"RI005KXFY12KW",2020-05-19,"RI005KXFY0000",2020-03-03,"RI005KXFY12KW",2020-05-19,"RI005KXFY12KW",2020-05-19,"Rejeitaram os embargos. V. U.","re","embargos rejeitados","indefinido"
"10169395120188260602","13368936","Apelação Cível","Prestação de Serviços","Maia da Rocha","Sorocaba","21ª Câmara de Direito Privado",2020-03-03,2020-03-03,"*DANO MORAL –  Indenização –  Pedido fundamentado na má prestação de serviços da apelada - Circunstâncias de fato que não extrapolaram a esfera de mero aborrecimento –  Dano moral não caracterizado –  Sentença mantida - Recurso não provido*  (TJSP;  Apelação Cível 1016939-51.2018.8.26.0602; Relator (a): Maia da Rocha; Órgão Julgador: 21ª Câmara de Direito Privado; Foro de Sorocaba - 6ª Vara Cível; Data do Julgamento: 03/03/2020; Data de Registro: 03/03/2020)",FALSE,TRUE,FALSE,FALSE,FALSE,"RI005KXFY12KW",2020-05-19,"RI005KXFY12KW",2020-05-19,"RI005KXFY0000",2020-03-03,"RI005KXFY0000",2020-03-03,"Negaram provimento ao recurso. V. U.","re","improvido","indefinido"
"10169395120188260602","13368936","Apelação Cível","Prestação de Serviços","Maia da Rocha","Sorocaba","21ª Câmara de Direito Privado",2020-03-03,2020-03-03,"*DANO MORAL –  Indenização –  Pedido fundamentado na má prestação de serviços da apelada - Circunstâncias de fato que não extrapolaram a esfera de mero aborrecimento –  Dano moral não caracterizado –  Sentença mantida - Recurso não provido*  (TJSP;  Apelação Cível 1016939-51.2018.8.26.0602; Relator (a): Maia da Rocha; Órgão Julgador: 21ª Câmara de Direito Privado; Foro de Sorocaba - 6ª Vara Cível; Data do Julgamento: 03/03/2020; Data de Registro: 03/03/2020)",FALSE,TRUE,FALSE,FALSE,FALSE,"RI005KXFY12KW",2020-05-19,"RI005KXFY12KW",2020-05-19,"RI005KXFY0000",2020-03-03,"RI005KXFY12KW",2020-05-19,"Rejeitaram os embargos. V. U.","re","embargos rejeitados","indefinido"
"10169395120188260602","13368936","Apelação Cível","Prestação de Serviços","Maia da Rocha","Sorocaba","21ª Câmara de Direito Privado",2020-03-03,2020-03-03,"*DANO MORAL –  Indenização –  Pedido fundamentado na má prestação de serviços da apelada - Circunstâncias de fato que não extrapolaram a esfera de mero aborrecimento –  Dano moral não caracterizado –  Sentença mantida - Recurso não provido*  (TJSP;  Apelação Cível 1016939-51.2018.8.26.0602; Relator (a): Maia da Rocha; Órgão Julgador: 21ª Câmara de Direito Privado; Foro de Sorocaba - 6ª Vara Cível; Data do Julgamento: 03/03/2020; Data de Registro: 03/03/2020)",FALSE,TRUE,FALSE,FALSE,FALSE,"RI005KXFY12KW",2020-05-19,"RI005KXFY12KW",2020-05-19,"RI005KXFY12KW",2020-05-19,"RI005KXFY0000",2020-03-03,"Negaram provimento ao recurso. V. U.","re","improvido","indefinido"
"10169395120188260602","13368936","Apelação Cível","Prestação de Serviços","Maia da Rocha","Sorocaba","21ª Câmara de Direito Privado",2020-03-03,2020-03-03,"*DANO MORAL –  Indenização –  Pedido fundamentado na má prestação de serviços da apelada - Circunstâncias de fato que não extrapolaram a esfera de mero aborrecimento –  Dano moral não caracterizado –  Sentença mantida - Recurso não provido*  (TJSP;  Apelação Cível 1016939-51.2018.8.26.0602; Relator (a): Maia da Rocha; Órgão Julgador: 21ª Câmara de Direito Privado; Foro de Sorocaba - 6ª Vara Cível; Data do Julgamento: 03/03/2020; Data de Registro: 03/03/2020)",FALSE,TRUE,FALSE,FALSE,FALSE,"RI005KXFY12KW",2020-05-19,"RI005KXFY12KW",2020-05-19,"RI005KXFY12KW",2020-05-19,"RI005KXFY12KW",2020-05-19,"Rejeitaram os embargos. V. U.","re","embargos rejeitados","indefinido"
"10013243820198260100","13312965","Apelação Cível","Prestação de Serviços","Walter Exner","São Paulo","36ª Câmara de Direito Privado",2020-02-13,2020-02-13,"Apelação. Rescisão contratual. Honorários advocatícios. Arbitramento de acordo com o artigo 85, § 2º, do Código de Processo Civil compatível com a atividade desempenhada por parte dos advogados e a baixa complexidade da ação. Recurso parcialmente provido.  (TJSP;  Apelação Cível 1001324-38.2019.8.26.0100; Relator (a): Walter Exner; Órgão Julgador: 36ª Câmara de Direito Privado; Foro Central Cível - 14ª Vara Cível; Data do Julgamento: 13/02/2020; Data de Registro: 13/02/2020)",FALSE,FALSE,FALSE,FALSE,FALSE,"RI005P0820000",2020-02-13,"RI005P0820000",2020-02-13,"RI005P0820000",2020-02-13,"RI005P0820000",2020-02-13,"Deram provimento em parte ao recurso. V. U.","autora","parcial","consumidor_venceu"
"10067367120188260362","13289243","Apelação Cível","Prestação de Serviços","Cauduro Padin","São Paulo","13ª Câmara de Direito Privado",2020-02-06,2020-02-06,"Ação declaratória de rescisão contratual c.c. inexigibilidade de débito. Prestação de serviços de publicidade. Demanda julgada improcedente. Demonstrada, nos autos, tanto a contratação, quanto a efetiva prestação dos serviços.  Decisão acertada, que cumpre ser confirmada, com observância do disposto no artigo 252, do Regimento Interno deste Tribunal. Recurso não provido. 

  (TJSP;  Apelação Cível 1006736-71.2018.8.26.0362; Relator (a): Cauduro Padin; Órgão Julgador: 13ª Câmara de Direito Privado; Foro Central Cível - 41ª Vara Cível; Data do Julgamento: 06/02/2020; Data de Registro: 06/02/2020)",FALSE,FALSE,FALSE,FALSE,FALSE,"RI005O7UP0000",2020-02-06,"RI005O7UP0000",2020-02-06,"RI005O7UP0000",2020-02-06,"RI005O7UP0000",2020-02-06,"Negaram provimento ao recurso. V. U.","re","improvido","indefinido"
"11168802520188260100","13227138","Embargos de Declaração Cível","Prestação de Serviços","Cristina Zucchi","São Paulo","34ª Câmara de Direito Privado",2020-01-13,2020-01-13,"EMBARGOS DE DECLARAÇÃO. AUSÊNCIA DE OMISSÃO, CONTRADIÇÃO OU OBSCURIDADE. INSURGIMENTO QUE NÃO DÁ SUSTENTAÇÃO AO PRESENTE RECURSO. ALEGAÇÕES QUE NÃO PASSAM DE INCONFORMISMO DA EMBARGANTE. MATÉRIA QUE NÃO FOI OBJETO DE OPORTUNO QUESTIONAMENTO. PRETENSÃO DE REEXAME DE MATÉRIA JÁ DECIDIDA PELA TURMA JULGADORA. 

Embargos de Declaração rejeitados.  (TJSP;  Embargos de Declaração Cível 1116880-25.2018.8.26.0100; Relator (a): Cristina Zucchi; Órgão Julgador: 34ª Câmara de Direito Privado; Foro Central Cível - 23ª Vara Cível; Data do Julgamento: 13/01/2020; Data de Registro: 13/01/2020)",FALSE,FALSE,FALSE,FALSE,FALSE,"RI005EVMH0000",2019-10-21,"RI005EVMH0000",2019-10-21,"RI005EVMH0000",2019-10-21,"RI005EVMH0000",2019-10-21,"Negaram provimento ao recurso, com determinação. V.U.","re","improvido","indefinido"
"11168802520188260100","13227138","Embargos de Declaração Cível","Prestação de Serviços","Cristina Zucchi","São Paulo","34ª Câmara de Direito Privado",2020-01-13,2020-01-13,"EMBARGOS DE DECLARAÇÃO. AUSÊNCIA DE OMISSÃO, CONTRADIÇÃO OU OBSCURIDADE. INSURGIMENTO QUE NÃO DÁ SUSTENTAÇÃO AO PRESENTE RECURSO. ALEGAÇÕES QUE NÃO PASSAM DE INCONFORMISMO DA EMBARGANTE. MATÉRIA QUE NÃO FOI OBJETO DE OPORTUNO QUESTIONAMENTO. PRETENSÃO DE REEXAME DE MATÉRIA JÁ DECIDIDA PELA TURMA JULGADORA. 

Embargos de Declaração rejeitados.  (TJSP;  Embargos de Declaração Cível 1116880-25.2018.8.26.0100; Relator (a): Cristina Zucchi; Órgão Julgador: 34ª Câmara de Direito Privado; Foro Central Cível - 23ª Vara Cível; Data do Julgamento: 13/01/2020; Data de Registro: 13/01/2020)",FALSE,FALSE,FALSE,FALSE,FALSE,"RI005EVMH0000",2019-10-21,"RI005EVMH0000",2019-10-21,"RI005EVMH0000",2019-10-21,"RI005EVMH12KW",2020-01-13,"Rejeitaram os embargos. V. U.","re","embargos rejeitados","indefinido"
"11168802520188260100","13227138","Embargos de Declaração Cível","Prestação de Serviços","Cristina Zucchi","São Paulo","34ª Câmara de Direito Privado",2020-01-13,2020-01-13,"EMBARGOS DE DECLARAÇÃO. AUSÊNCIA DE OMISSÃO, CONTRADIÇÃO OU OBSCURIDADE. INSURGIMENTO QUE NÃO DÁ SUSTENTAÇÃO AO PRESENTE RECURSO. ALEGAÇÕES QUE NÃO PASSAM DE INCONFORMISMO DA EMBARGANTE. MATÉRIA QUE NÃO FOI OBJETO DE OPORTUNO QUESTIONAMENTO. PRETENSÃO DE REEXAME DE MATÉRIA JÁ DECIDIDA PELA TURMA JULGADORA. 

Embargos de Declaração rejeitados.  (TJSP;  Embargos de Declaração Cível 1116880-25.2018.8.26.0100; Relator (a): Cristina Zucchi; Órgão Julgador: 34ª Câmara de Direito Privado; Foro Central Cível - 23ª Vara Cível; Data do Julgamento: 13/01/2020; Data de Registro: 13/01/2020)",FALSE,FALSE,FALSE,FALSE,FALSE,"RI005EVMH0000",2019-10-21,"RI005EVMH0000",2019-10-21,"RI005EVMH12KW",2020-01-13,"RI005EVMH0000",2019-10-21,"Negaram provimento ao recurso, com determinação. V.U.","re","improvido","indefinido"
"11168802520188260100","13227138","Embargos de Declaração Cível","Prestação de Serviços","Cristina Zucchi","São Paulo","34ª Câmara de Direito Privado",2020-01-13,2020-01-13,"EMBARGOS DE DECLARAÇÃO. AUSÊNCIA DE OMISSÃO, CONTRADIÇÃO OU OBSCURIDADE. INSURGIMENTO QUE NÃO DÁ SUSTENTAÇÃO AO PRESENTE RECURSO. ALEGAÇÕES QUE NÃO PASSAM DE INCONFORMISMO DA EMBARGANTE. MATÉRIA QUE NÃO FOI OBJETO DE OPORTUNO QUESTIONAMENTO. PRETENSÃO DE REEXAME DE MATÉRIA JÁ DECIDIDA PELA TURMA JULGADORA. 

Embargos de Declaração rejeitados.  (TJSP;  Embargos de Declaração Cível 1116880-25.2018.8.26.0100; Relator (a): Cristina Zucchi; Órgão Julgador: 34ª Câmara de Direito Privado; Foro Central Cível - 23ª Vara Cível; Data do Julgamento: 13/01/2020; Data de Registro: 13/01/2020)",FALSE,FALSE,FALSE,FALSE,FALSE,"RI005EVMH0000",2019-10-21,"RI005EVMH0000",2019-10-21,"RI005EVMH12KW",2020-01-13,"RI005EVMH12KW",2020-01-13,"Rejeitaram os embargos. V. U.","re","embargos rejeitados","indefinido"
"11168802520188260100","13227138","Embargos de Declaração Cível","Prestação de Serviços","Cristina Zucchi","São Paulo","34ª Câmara de Direito Privado",2020-01-13,2020-01-13,"EMBARGOS DE DECLARAÇÃO. AUSÊNCIA DE OMISSÃO, CONTRADIÇÃO OU OBSCURIDADE. INSURGIMENTO QUE NÃO DÁ SUSTENTAÇÃO AO PRESENTE RECURSO. ALEGAÇÕES QUE NÃO PASSAM DE INCONFORMISMO DA EMBARGANTE. MATÉRIA QUE NÃO FOI OBJETO DE OPORTUNO QUESTIONAMENTO. PRETENSÃO DE REEXAME DE MATÉRIA JÁ DECIDIDA PELA TURMA JULGADORA. 

Embargos de Declaração rejeitados.  (TJSP;  Embargos de Declaração Cível 1116880-25.2018.8.26.0100; Relator (a): Cristina Zucchi; Órgão Julgador: 34ª Câmara de Direito Privado; Foro Central Cível - 23ª Vara Cível; Data do Julgamento: 13/01/2020; Data de Registro: 13/01/2020)",FALSE,FALSE,FALSE,FALSE,FALSE,"RI005EVMH0000",2019-10-21,"RI005EVMH12KW",2020-01-13,"RI005EVMH0000",2019-10-21,"RI005EVMH0000",2019-10-21,"Negaram provimento ao recurso, com determinação. V.U.","re","improvido","indefinido"
"11168802520188260100","13227138","Embargos de Declaração Cível","Prestação de Serviços","Cristina Zucchi","São Paulo","34ª Câmara de Direito Privado",2020-01-13,2020-01-13,"EMBARGOS DE DECLARAÇÃO. AUSÊNCIA DE OMISSÃO, CONTRADIÇÃO OU OBSCURIDADE. INSURGIMENTO QUE NÃO DÁ SUSTENTAÇÃO AO PRESENTE RECURSO. ALEGAÇÕES QUE NÃO PASSAM DE INCONFORMISMO DA EMBARGANTE. MATÉRIA QUE NÃO FOI OBJETO DE OPORTUNO QUESTIONAMENTO. PRETENSÃO DE REEXAME DE MATÉRIA JÁ DECIDIDA PELA TURMA JULGADORA. 

Embargos de Declaração rejeitados.  (TJSP;  Embargos de Declaração Cível 1116880-25.2018.8.26.0100; Relator (a): Cristina Zucchi; Órgão Julgador: 34ª Câmara de Direito Privado; Foro Central Cível - 23ª Vara Cível; Data do Julgamento: 13/01/2020; Data de Registro: 13/01/2020)",FALSE,FALSE,FALSE,FALSE,FALSE,"RI005EVMH0000",2019-10-21,"RI005EVMH12KW",2020-01-13,"RI005EVMH0000",2019-10-21,"RI005EVMH12KW",2020-01-13,"Rejeitaram os embargos. V. U.","re","embargos rejeitados","indefinido"
"11168802520188260100","13227138","Embargos de Declaração Cível","Prestação de Serviços","Cristina Zucchi","São Paulo","34ª Câmara de Direito Privado",2020-01-13,2020-01-13,"EMBARGOS DE DECLARAÇÃO. AUSÊNCIA DE OMISSÃO, CONTRADIÇÃO OU OBSCURIDADE. INSURGIMENTO QUE NÃO DÁ SUSTENTAÇÃO AO PRESENTE RECURSO. ALEGAÇÕES QUE NÃO PASSAM DE INCONFORMISMO DA EMBARGANTE. MATÉRIA QUE NÃO FOI OBJETO DE OPORTUNO QUESTIONAMENTO. PRETENSÃO DE REEXAME DE MATÉRIA JÁ DECIDIDA PELA TURMA JULGADORA. 

Embargos de Declaração rejeitados.  (TJSP;  Embargos de Declaração Cível 1116880-25.2018.8.26.0100; Relator (a): Cristina Zucchi; Órgão Julgador: 34ª Câmara de Direito Privado; Foro Central Cível - 23ª Vara Cível; Data do Julgamento: 13/01/2020; Data de Registro: 13/01/2020)",FALSE,FALSE,FALSE,FALSE,FALSE,"RI005EVMH0000",2019-10-21,"RI005EVMH12KW",2020-01-13,"RI005EVMH12KW",2020-01-13,"RI005EVMH0000",2019-10-21,"Negaram provimento ao recurso, com determinação. V.U.","re","improvido","indefinido"
"11168802520188260100","13227138","Embargos de Declaração Cível","Prestação de Serviços","Cristina Zucchi","São Paulo","34ª Câmara de Direito Privado",2020-01-13,2020-01-13,"EMBARGOS DE DECLARAÇÃO. AUSÊNCIA DE OMISSÃO, CONTRADIÇÃO OU OBSCURIDADE. INSURGIMENTO QUE NÃO DÁ SUSTENTAÇÃO AO PRESENTE RECURSO. ALEGAÇÕES QUE NÃO PASSAM DE INCONFORMISMO DA EMBARGANTE. MATÉRIA QUE NÃO FOI OBJETO DE OPORTUNO QUESTIONAMENTO. PRETENSÃO DE REEXAME DE MATÉRIA JÁ DECIDIDA PELA TURMA JULGADORA. 

Embargos de Declaração rejeitados.  (TJSP;  Embargos de Declaração Cível 1116880-25.2018.8.26.0100; Relator (a): Cristina Zucchi; Órgão Julgador: 34ª Câmara de Direito Privado; Foro Central Cível - 23ª Vara Cível; Data do Julgamento: 13/01/2020; Data de Registro: 13/01/2020)",FALSE,FALSE,FALSE,FALSE,FALSE,"RI005EVMH0000",2019-10-21,"RI005EVMH12KW",2020-01-13,"RI005EVMH12KW",2020-01-13,"RI005EVMH12KW",2020-01-13,"Rejeitaram os embargos. V. U.","re","embargos rejeitados","indefinido"
"11168802520188260100","13227138","Embargos de Declaração Cível","Prestação de Serviços","Cristina Zucchi","São Paulo","34ª Câmara de Direito Privado",2020-01-13,2020-01-13,"EMBARGOS DE DECLARAÇÃO. AUSÊNCIA DE OMISSÃO, CONTRADIÇÃO OU OBSCURIDADE. INSURGIMENTO QUE NÃO DÁ SUSTENTAÇÃO AO PRESENTE RECURSO. ALEGAÇÕES QUE NÃO PASSAM DE INCONFORMISMO DA EMBARGANTE. MATÉRIA QUE NÃO FOI OBJETO DE OPORTUNO QUESTIONAMENTO. PRETENSÃO DE REEXAME DE MATÉRIA JÁ DECIDIDA PELA TURMA JULGADORA. 

Embargos de Declaração rejeitados.  (TJSP;  Embargos de Declaração Cível 1116880-25.2018.8.26.0100; Relator (a): Cristina Zucchi; Órgão Julgador: 34ª Câmara de Direito Privado; Foro Central Cível - 23ª Vara Cível; Data do Julgamento: 13/01/2020; Data de Registro: 13/01/2020)",FALSE,FALSE,FALSE,FALSE,FALSE,"RI005EVMH12KW",2020-01-13,"RI005EVMH0000",2019-10-21,"RI005EVMH0000",2019-10-21,"RI005EVMH0000",2019-10-21,"Negaram provimento ao recurso, com determinação. V.U.","re","improvido","indefinido"
"11168802520188260100","13227138","Embargos de Declaração Cível","Prestação de Serviços","Cristina Zucchi","São Paulo","34ª Câmara de Direito Privado",2020-01-13,2020-01-13,"EMBARGOS DE DECLARAÇÃO. AUSÊNCIA DE OMISSÃO, CONTRADIÇÃO OU OBSCURIDADE. INSURGIMENTO QUE NÃO DÁ SUSTENTAÇÃO AO PRESENTE RECURSO. ALEGAÇÕES QUE NÃO PASSAM DE INCONFORMISMO DA EMBARGANTE. MATÉRIA QUE NÃO FOI OBJETO DE OPORTUNO QUESTIONAMENTO. PRETENSÃO DE REEXAME DE MATÉRIA JÁ DECIDIDA PELA TURMA JULGADORA. 

Embargos de Declaração rejeitados.  (TJSP;  Embargos de Declaração Cível 1116880-25.2018.8.26.0100; Relator (a): Cristina Zucchi; Órgão Julgador: 34ª Câmara de Direito Privado; Foro Central Cível - 23ª Vara Cível; Data do Julgamento: 13/01/2020; Data de Registro: 13/01/2020)",FALSE,FALSE,FALSE,FALSE,FALSE,"RI005EVMH12KW",2020-01-13,"RI005EVMH0000",2019-10-21,"RI005EVMH0000",2019-10-21,"RI005EVMH12KW",2020-01-13,"Rejeitaram os embargos. V. U.","re","embargos rejeitados","indefinido"
"11168802520188260100","13227138","Embargos de Declaração Cível","Prestação de Serviços","Cristina Zucchi","São Paulo","34ª Câmara de Direito Privado",2020-01-13,2020-01-13,"EMBARGOS DE DECLARAÇÃO. AUSÊNCIA DE OMISSÃO, CONTRADIÇÃO OU OBSCURIDADE. INSURGIMENTO QUE NÃO DÁ SUSTENTAÇÃO AO PRESENTE RECURSO. ALEGAÇÕES QUE NÃO PASSAM DE INCONFORMISMO DA EMBARGANTE. MATÉRIA QUE NÃO FOI OBJETO DE OPORTUNO QUESTIONAMENTO. PRETENSÃO DE REEXAME DE MATÉRIA JÁ DECIDIDA PELA TURMA JULGADORA. 

Embargos de Declaração rejeitados.  (TJSP;  Embargos de Declaração Cível 1116880-25.2018.8.26.0100; Relator (a): Cristina Zucchi; Órgão Julgador: 34ª Câmara de Direito Privado; Foro Central Cível - 23ª Vara Cível; Data do Julgamento: 13/01/2020; Data de Registro: 13/01/2020)",FALSE,FALSE,FALSE,FALSE,FALSE,"RI005EVMH12KW",2020-01-13,"RI005EVMH0000",2019-10-21,"RI005EVMH12KW",2020-01-13,"RI005EVMH0000",2019-10-21,"Negaram provimento ao recurso, com determinação. V.U.","re","improvido","indefinido"
"11168802520188260100","13227138","Embargos de Declaração Cível","Prestação de Serviços","Cristina Zucchi","São Paulo","34ª Câmara de Direito Privado",2020-01-13,2020-01-13,"EMBARGOS DE DECLARAÇÃO. AUSÊNCIA DE OMISSÃO, CONTRADIÇÃO OU OBSCURIDADE. INSURGIMENTO QUE NÃO DÁ SUSTENTAÇÃO AO PRESENTE RECURSO. ALEGAÇÕES QUE NÃO PASSAM DE INCONFORMISMO DA EMBARGANTE. MATÉRIA QUE NÃO FOI OBJETO DE OPORTUNO QUESTIONAMENTO. PRETENSÃO DE REEXAME DE MATÉRIA JÁ DECIDIDA PELA TURMA JULGADORA. 

Embargos de Declaração rejeitados.  (TJSP;  Embargos de Declaração Cível 1116880-25.2018.8.26.0100; Relator (a): Cristina Zucchi; Órgão Julgador: 34ª Câmara de Direito Privado; Foro Central Cível - 23ª Vara Cível; Data do Julgamento: 13/01/2020; Data de Registro: 13/01/2020)",FALSE,FALSE,FALSE,FALSE,FALSE,"RI005EVMH12KW",2020-01-13,"RI005EVMH0000",2019-10-21,"RI005EVMH12KW",2020-01-13,"RI005EVMH12KW",2020-01-13,"Rejeitaram os embargos. V. U.","re","embargos rejeitados","indefinido"
"11168802520188260100","13227138","Embargos de Declaração Cível","Prestação de Serviços","Cristina Zucchi","São Paulo","34ª Câmara de Direito Privado",2020-01-13,2020-01-13,"EMBARGOS DE DECLARAÇÃO. AUSÊNCIA DE OMISSÃO, CONTRADIÇÃO OU OBSCURIDADE. INSURGIMENTO QUE NÃO DÁ SUSTENTAÇÃO AO PRESENTE RECURSO. ALEGAÇÕES QUE NÃO PASSAM DE INCONFORMISMO DA EMBARGANTE. MATÉRIA QUE NÃO FOI OBJETO DE OPORTUNO QUESTIONAMENTO. PRETENSÃO DE REEXAME DE MATÉRIA JÁ DECIDIDA PELA TURMA JULGADORA. 

Embargos de Declaração rejeitados.  (TJSP;  Embargos de Declaração Cível 1116880-25.2018.8.26.0100; Relator (a): Cristina Zucchi; Órgão Julgador: 34ª Câmara de Direito Privado; Foro Central Cível - 23ª Vara Cível; Data do Julgamento: 13/01/2020; Data de Registro: 13/01/2020)",FALSE,FALSE,FALSE,FALSE,FALSE,"RI005EVMH12KW",2020-01-13,"RI005EVMH12KW",2020-01-13,"RI005EVMH0000",2019-10-21,"RI005EVMH0000",2019-10-21,"Negaram provimento ao recurso, com determinação. V.U.","re","improvido","indefinido"
"11168802520188260100","13227138","Embargos de Declaração Cível","Prestação de Serviços","Cristina Zucchi","São Paulo","34ª Câmara de Direito Privado",2020-01-13,2020-01-13,"EMBARGOS DE DECLARAÇÃO. AUSÊNCIA DE OMISSÃO, CONTRADIÇÃO OU OBSCURIDADE. INSURGIMENTO QUE NÃO DÁ SUSTENTAÇÃO AO PRESENTE RECURSO. ALEGAÇÕES QUE NÃO PASSAM DE INCONFORMISMO DA EMBARGANTE. MATÉRIA QUE NÃO FOI OBJETO DE OPORTUNO QUESTIONAMENTO. PRETENSÃO DE REEXAME DE MATÉRIA JÁ DECIDIDA PELA TURMA JULGADORA. 

Embargos de Declaração rejeitados.  (TJSP;  Embargos de Declaração Cível 1116880-25.2018.8.26.0100; Relator (a): Cristina Zucchi; Órgão Julgador: 34ª Câmara de Direito Privado; Foro Central Cível - 23ª Vara Cível; Data do Julgamento: 13/01/2020; Data de Registro: 13/01/2020)",FALSE,FALSE,FALSE,FALSE,FALSE,"RI005EVMH12KW",2020-01-13,"RI005EVMH12KW",2020-01-13,"RI005EVMH0000",2019-10-21,"RI005EVMH12KW",2020-01-13,"Rejeitaram os embargos. V. U.","re","embargos rejeitados","indefinido"
"11168802520188260100","13227138","Embargos de Declaração Cível","Prestação de Serviços","Cristina Zucchi","São Paulo","34ª Câmara de Direito Privado",2020-01-13,2020-01-13,"EMBARGOS DE DECLARAÇÃO. AUSÊNCIA DE OMISSÃO, CONTRADIÇÃO OU OBSCURIDADE. INSURGIMENTO QUE NÃO DÁ SUSTENTAÇÃO AO PRESENTE RECURSO. ALEGAÇÕES QUE NÃO PASSAM DE INCONFORMISMO DA EMBARGANTE. MATÉRIA QUE NÃO FOI OBJETO DE OPORTUNO QUESTIONAMENTO. PRETENSÃO DE REEXAME DE MATÉRIA JÁ DECIDIDA PELA TURMA JULGADORA. 

Embargos de Declaração rejeitados.  (TJSP;  Embargos de Declaração Cível 1116880-25.2018.8.26.0100; Relator (a): Cristina Zucchi; Órgão Julgador: 34ª Câmara de Direito Privado; Foro Central Cível - 23ª Vara Cível; Data do Julgamento: 13/01/2020; Data de Registro: 13/01/2020)",FALSE,FALSE,FALSE,FALSE,FALSE,"RI005EVMH12KW",2020-01-13,"RI005EVMH12KW",2020-01-13,"RI005EVMH12KW",2020-01-13,"RI005EVMH0000",2019-10-21,"Negaram provimento ao recurso, com determinação. V.U.","re","improvido","indefinido"
"11168802520188260100","13227138","Embargos de Declaração Cível","Prestação de Serviços","Cristina Zucchi","São Paulo","34ª Câmara de Direito Privado",2020-01-13,2020-01-13,"EMBARGOS DE DECLARAÇÃO. AUSÊNCIA DE OMISSÃO, CONTRADIÇÃO OU OBSCURIDADE. INSURGIMENTO QUE NÃO DÁ SUSTENTAÇÃO AO PRESENTE RECURSO. ALEGAÇÕES QUE NÃO PASSAM DE INCONFORMISMO DA EMBARGANTE. MATÉRIA QUE NÃO FOI OBJETO DE OPORTUNO QUESTIONAMENTO. PRETENSÃO DE REEXAME DE MATÉRIA JÁ DECIDIDA PELA TURMA JULGADORA. 

Embargos de Declaração rejeitados.  (TJSP;  Embargos de Declaração Cível 1116880-25.2018.8.26.0100; Relator (a): Cristina Zucchi; Órgão Julgador: 34ª Câmara de Direito Privado; Foro Central Cível - 23ª Vara Cível; Data do Julgamento: 13/01/2020; Data de Registro: 13/01/2020)",FALSE,FALSE,FALSE,FALSE,FALSE,"RI005EVMH12KW",2020-01-13,"RI005EVMH12KW",2020-01-13,"RI005EVMH12KW",2020-01-13,"RI005EVMH12KW",2020-01-13,"Rejeitaram os embargos. V. U.","re","embargos rejeitados","indefinido"
"11168802520188260100","13012631","Apelação Cível","Prestação de Serviços","Cristina Zucchi","São Paulo","34ª Câmara de Direito Privado",2019-10-21,2019-10-24,"PRESTAÇÃO DE SERVIÇOS DE PUBLICIDADE. AÇÃO DE RESCISÃO CONTRATUAL COM PEDIDO DE ANTECIPAÇÃO DE TUTELA. CONTRATO PARA INSERÇÃO DE ANÚNCIOS. RELAÇÃO JURÍDICA E PRESTAÇÃO DO SERVIÇO COMPROVADA. AUTORIZAÇÃO PARA FIGURAÇÃO, REGULARMENTE ASSINADA PELO REPRESENTANTE DA CONTRATANTE. AUSÊNCIA DE VÍCIO DE CONSENTIMENTO OU OUTRO CAPAZ DE INVALIDAR O TRATO ASSUMIDO. AÇÃO IMPROCEDENTE.  SENTENÇA MANTIDA. MAJORAÇÃO DOS HONORÁRIOS ADVOCATÍCIOS PELA ATUAÇÃO DERROTADA NESTA SEDE RECURSAL (ART. 85, §§ 2.º E 11, DO CPC).
 
Recurso não provido, com determinação.  (TJSP;  Apelação Cível 1116880-25.2018.8.26.0100; Relator (a): Cristina Zucchi; Órgão Julgador: 34ª Câmara de Direito Privado; Foro Central Cível - 23ª Vara Cível; Data do Julgamento: 21/10/2019; Data de Registro: 24/10/2019)",FALSE,FALSE,FALSE,FALSE,FALSE,"RI005EVMH0000",2019-10-21,"RI005EVMH0000",2019-10-21,"RI005EVMH0000",2019-10-21,"RI005EVMH0000",2019-10-21,"Negaram provimento ao recurso, com determinação. V.U.","re","improvido","indefinido"
"11168802520188260100","13012631","Apelação Cível","Prestação de Serviços","Cristina Zucchi","São Paulo","34ª Câmara de Direito Privado",2019-10-21,2019-10-24,"PRESTAÇÃO DE SERVIÇOS DE PUBLICIDADE. AÇÃO DE RESCISÃO CONTRATUAL COM PEDIDO DE ANTECIPAÇÃO DE TUTELA. CONTRATO PARA INSERÇÃO DE ANÚNCIOS. RELAÇÃO JURÍDICA E PRESTAÇÃO DO SERVIÇO COMPROVADA. AUTORIZAÇÃO PARA FIGURAÇÃO, REGULARMENTE ASSINADA PELO REPRESENTANTE DA CONTRATANTE. AUSÊNCIA DE VÍCIO DE CONSENTIMENTO OU OUTRO CAPAZ DE INVALIDAR O TRATO ASSUMIDO. AÇÃO IMPROCEDENTE.  SENTENÇA MANTIDA. MAJORAÇÃO DOS HONORÁRIOS ADVOCATÍCIOS PELA ATUAÇÃO DERROTADA NESTA SEDE RECURSAL (ART. 85, §§ 2.º E 11, DO CPC).
 
Recurso não provido, com determinação.  (TJSP;  Apelação Cível 1116880-25.2018.8.26.0100; Relator (a): Cristina Zucchi; Órgão Julgador: 34ª Câmara de Direito Privado; Foro Central Cível - 23ª Vara Cível; Data do Julgamento: 21/10/2019; Data de Registro: 24/10/2019)",FALSE,FALSE,FALSE,FALSE,FALSE,"RI005EVMH0000",2019-10-21,"RI005EVMH0000",2019-10-21,"RI005EVMH0000",2019-10-21,"RI005EVMH12KW",2020-01-13,"Rejeitaram os embargos. V. U.","re","embargos rejeitados","indefinido"
"11168802520188260100","13012631","Apelação Cível","Prestação de Serviços","Cristina Zucchi","São Paulo","34ª Câmara de Direito Privado",2019-10-21,2019-10-24,"PRESTAÇÃO DE SERVIÇOS DE PUBLICIDADE. AÇÃO DE RESCISÃO CONTRATUAL COM PEDIDO DE ANTECIPAÇÃO DE TUTELA. CONTRATO PARA INSERÇÃO DE ANÚNCIOS. RELAÇÃO JURÍDICA E PRESTAÇÃO DO SERVIÇO COMPROVADA. AUTORIZAÇÃO PARA FIGURAÇÃO, REGULARMENTE ASSINADA PELO REPRESENTANTE DA CONTRATANTE. AUSÊNCIA DE VÍCIO DE CONSENTIMENTO OU OUTRO CAPAZ DE INVALIDAR O TRATO ASSUMIDO. AÇÃO IMPROCEDENTE.  SENTENÇA MANTIDA. MAJORAÇÃO DOS HONORÁRIOS ADVOCATÍCIOS PELA ATUAÇÃO DERROTADA NESTA SEDE RECURSAL (ART. 85, §§ 2.º E 11, DO CPC).
 
Recurso não provido, com determinação.  (TJSP;  Apelação Cível 1116880-25.2018.8.26.0100; Relator (a): Cristina Zucchi; Órgão Julgador: 34ª Câmara de Direito Privado; Foro Central Cível - 23ª Vara Cível; Data do Julgamento: 21/10/2019; Data de Registro: 24/10/2019)",FALSE,FALSE,FALSE,FALSE,FALSE,"RI005EVMH0000",2019-10-21,"RI005EVMH0000",2019-10-21,"RI005EVMH12KW",2020-01-13,"RI005EVMH0000",2019-10-21,"Negaram provimento ao recurso, com determinação. V.U.","re","improvido","indefinido"
"11168802520188260100","13012631","Apelação Cível","Prestação de Serviços","Cristina Zucchi","São Paulo","34ª Câmara de Direito Privado",2019-10-21,2019-10-24,"PRESTAÇÃO DE SERVIÇOS DE PUBLICIDADE. AÇÃO DE RESCISÃO CONTRATUAL COM PEDIDO DE ANTECIPAÇÃO DE TUTELA. CONTRATO PARA INSERÇÃO DE ANÚNCIOS. RELAÇÃO JURÍDICA E PRESTAÇÃO DO SERVIÇO COMPROVADA. AUTORIZAÇÃO PARA FIGURAÇÃO, REGULARMENTE ASSINADA PELO REPRESENTANTE DA CONTRATANTE. AUSÊNCIA DE VÍCIO DE CONSENTIMENTO OU OUTRO CAPAZ DE INVALIDAR O TRATO ASSUMIDO. AÇÃO IMPROCEDENTE.  SENTENÇA MANTIDA. MAJORAÇÃO DOS HONORÁRIOS ADVOCATÍCIOS PELA ATUAÇÃO DERROTADA NESTA SEDE RECURSAL (ART. 85, §§ 2.º E 11, DO CPC).
 
Recurso não provido, com determinação.  (TJSP;  Apelação Cível 1116880-25.2018.8.26.0100; Relator (a): Cristina Zucchi; Órgão Julgador: 34ª Câmara de Direito Privado; Foro Central Cível - 23ª Vara Cível; Data do Julgamento: 21/10/2019; Data de Registro: 24/10/2019)",FALSE,FALSE,FALSE,FALSE,FALSE,"RI005EVMH0000",2019-10-21,"RI005EVMH0000",2019-10-21,"RI005EVMH12KW",2020-01-13,"RI005EVMH12KW",2020-01-13,"Rejeitaram os embargos. V. U.","re","embargos rejeitados","indefinido"
"11168802520188260100","13012631","Apelação Cível","Prestação de Serviços","Cristina Zucchi","São Paulo","34ª Câmara de Direito Privado",2019-10-21,2019-10-24,"PRESTAÇÃO DE SERVIÇOS DE PUBLICIDADE. AÇÃO DE RESCISÃO CONTRATUAL COM PEDIDO DE ANTECIPAÇÃO DE TUTELA. CONTRATO PARA INSERÇÃO DE ANÚNCIOS. RELAÇÃO JURÍDICA E PRESTAÇÃO DO SERVIÇO COMPROVADA. AUTORIZAÇÃO PARA FIGURAÇÃO, REGULARMENTE ASSINADA PELO REPRESENTANTE DA CONTRATANTE. AUSÊNCIA DE VÍCIO DE CONSENTIMENTO OU OUTRO CAPAZ DE INVALIDAR O TRATO ASSUMIDO. AÇÃO IMPROCEDENTE.  SENTENÇA MANTIDA. MAJORAÇÃO DOS HONORÁRIOS ADVOCATÍCIOS PELA ATUAÇÃO DERROTADA NESTA SEDE RECURSAL (ART. 85, §§ 2.º E 11, DO CPC).
 
Recurso não provido, com determinação.  (TJSP;  Apelação Cível 1116880-25.2018.8.26.0100; Relator (a): Cristina Zucchi; Órgão Julgador: 34ª Câmara de Direito Privado; Foro Central Cível - 23ª Vara Cível; Data do Julgamento: 21/10/2019; Data de Registro: 24/10/2019)",FALSE,FALSE,FALSE,FALSE,FALSE,"RI005EVMH0000",2019-10-21,"RI005EVMH12KW",2020-01-13,"RI005EVMH0000",2019-10-21,"RI005EVMH0000",2019-10-21,"Negaram provimento ao recurso, com determinação. V.U.","re","improvido","indefinido"
"11168802520188260100","13012631","Apelação Cível","Prestação de Serviços","Cristina Zucchi","São Paulo","34ª Câmara de Direito Privado",2019-10-21,2019-10-24,"PRESTAÇÃO DE SERVIÇOS DE PUBLICIDADE. AÇÃO DE RESCISÃO CONTRATUAL COM PEDIDO DE ANTECIPAÇÃO DE TUTELA. CONTRATO PARA INSERÇÃO DE ANÚNCIOS. RELAÇÃO JURÍDICA E PRESTAÇÃO DO SERVIÇO COMPROVADA. AUTORIZAÇÃO PARA FIGURAÇÃO, REGULARMENTE ASSINADA PELO REPRESENTANTE DA CONTRATANTE. AUSÊNCIA DE VÍCIO DE CONSENTIMENTO OU OUTRO CAPAZ DE INVALIDAR O TRATO ASSUMIDO. AÇÃO IMPROCEDENTE.  SENTENÇA MANTIDA. MAJORAÇÃO DOS HONORÁRIOS ADVOCATÍCIOS PELA ATUAÇÃO DERROTADA NESTA SEDE RECURSAL (ART. 85, §§ 2.º E 11, DO CPC).
 
Recurso não provido, com determinação.  (TJSP;  Apelação Cível 1116880-25.2018.8.26.0100; Relator (a): Cristina Zucchi; Órgão Julgador: 34ª Câmara de Direito Privado; Foro Central Cível - 23ª Vara Cível; Data do Julgamento: 21/10/2019; Data de Registro: 24/10/2019)",FALSE,FALSE,FALSE,FALSE,FALSE,"RI005EVMH0000",2019-10-21,"RI005EVMH12KW",2020-01-13,"RI005EVMH0000",2019-10-21,"RI005EVMH12KW",2020-01-13,"Rejeitaram os embargos. V. U.","re","embargos rejeitados","indefinido"
"11168802520188260100","13012631","Apelação Cível","Prestação de Serviços","Cristina Zucchi","São Paulo","34ª Câmara de Direito Privado",2019-10-21,2019-10-24,"PRESTAÇÃO DE SERVIÇOS DE PUBLICIDADE. AÇÃO DE RESCISÃO CONTRATUAL COM PEDIDO DE ANTECIPAÇÃO DE TUTELA. CONTRATO PARA INSERÇÃO DE ANÚNCIOS. RELAÇÃO JURÍDICA E PRESTAÇÃO DO SERVIÇO COMPROVADA. AUTORIZAÇÃO PARA FIGURAÇÃO, REGULARMENTE ASSINADA PELO REPRESENTANTE DA CONTRATANTE. AUSÊNCIA DE VÍCIO DE CONSENTIMENTO OU OUTRO CAPAZ DE INVALIDAR O TRATO ASSUMIDO. AÇÃO IMPROCEDENTE.  SENTENÇA MANTIDA. MAJORAÇÃO DOS HONORÁRIOS ADVOCATÍCIOS PELA ATUAÇÃO DERROTADA NESTA SEDE RECURSAL (ART. 85, §§ 2.º E 11, DO CPC).
 
Recurso não provido, com determinação.  (TJSP;  Apelação Cível 1116880-25.2018.8.26.0100; Relator (a): Cristina Zucchi; Órgão Julgador: 34ª Câmara de Direito Privado; Foro Central Cível - 23ª Vara Cível; Data do Julgamento: 21/10/2019; Data de Registro: 24/10/2019)",FALSE,FALSE,FALSE,FALSE,FALSE,"RI005EVMH0000",2019-10-21,"RI005EVMH12KW",2020-01-13,"RI005EVMH12KW",2020-01-13,"RI005EVMH0000",2019-10-21,"Negaram provimento ao recurso, com determinação. V.U.","re","improvido","indefinido"
"11168802520188260100","13012631","Apelação Cível","Prestação de Serviços","Cristina Zucchi","São Paulo","34ª Câmara de Direito Privado",2019-10-21,2019-10-24,"PRESTAÇÃO DE SERVIÇOS DE PUBLICIDADE. AÇÃO DE RESCISÃO CONTRATUAL COM PEDIDO DE ANTECIPAÇÃO DE TUTELA. CONTRATO PARA INSERÇÃO DE ANÚNCIOS. RELAÇÃO JURÍDICA E PRESTAÇÃO DO SERVIÇO COMPROVADA. AUTORIZAÇÃO PARA FIGURAÇÃO, REGULARMENTE ASSINADA PELO REPRESENTANTE DA CONTRATANTE. AUSÊNCIA DE VÍCIO DE CONSENTIMENTO OU OUTRO CAPAZ DE INVALIDAR O TRATO ASSUMIDO. AÇÃO IMPROCEDENTE.  SENTENÇA MANTIDA. MAJORAÇÃO DOS HONORÁRIOS ADVOCATÍCIOS PELA ATUAÇÃO DERROTADA NESTA SEDE RECURSAL (ART. 85, §§ 2.º E 11, DO CPC).
 
Recurso não provido, com determinação.  (TJSP;  Apelação Cível 1116880-25.2018.8.26.0100; Relator (a): Cristina Zucchi; Órgão Julgador: 34ª Câmara de Direito Privado; Foro Central Cível - 23ª Vara Cível; Data do Julgamento: 21/10/2019; Data de Registro: 24/10/2019)",FALSE,FALSE,FALSE,FALSE,FALSE,"RI005EVMH0000",2019-10-21,"RI005EVMH12KW",2020-01-13,"RI005EVMH12KW",2020-01-13,"RI005EVMH12KW",2020-01-13,"Rejeitaram os embargos. V. U.","re","embargos rejeitados","indefinido"
"11168802520188260100","13012631","Apelação Cível","Prestação de Serviços","Cristina Zucchi","São Paulo","34ª Câmara de Direito Privado",2019-10-21,2019-10-24,"PRESTAÇÃO DE SERVIÇOS DE PUBLICIDADE. AÇÃO DE RESCISÃO CONTRATUAL COM PEDIDO DE ANTECIPAÇÃO DE TUTELA. CONTRATO PARA INSERÇÃO DE ANÚNCIOS. RELAÇÃO JURÍDICA E PRESTAÇÃO DO SERVIÇO COMPROVADA. AUTORIZAÇÃO PARA FIGURAÇÃO, REGULARMENTE ASSINADA PELO REPRESENTANTE DA CONTRATANTE. AUSÊNCIA DE VÍCIO DE CONSENTIMENTO OU OUTRO CAPAZ DE INVALIDAR O TRATO ASSUMIDO. AÇÃO IMPROCEDENTE.  SENTENÇA MANTIDA. MAJORAÇÃO DOS HONORÁRIOS ADVOCATÍCIOS PELA ATUAÇÃO DERROTADA NESTA SEDE RECURSAL (ART. 85, §§ 2.º E 11, DO CPC).
 
Recurso não provido, com determinação.  (TJSP;  Apelação Cível 1116880-25.2018.8.26.0100; Relator (a): Cristina Zucchi; Órgão Julgador: 34ª Câmara de Direito Privado; Foro Central Cível - 23ª Vara Cível; Data do Julgamento: 21/10/2019; Data de Registro: 24/10/2019)",FALSE,FALSE,FALSE,FALSE,FALSE,"RI005EVMH12KW",2020-01-13,"RI005EVMH0000",2019-10-21,"RI005EVMH0000",2019-10-21,"RI005EVMH0000",2019-10-21,"Negaram provimento ao recurso, com determinação. V.U.","re","improvido","indefinido"
"11168802520188260100","13012631","Apelação Cível","Prestação de Serviços","Cristina Zucchi","São Paulo","34ª Câmara de Direito Privado",2019-10-21,2019-10-24,"PRESTAÇÃO DE SERVIÇOS DE PUBLICIDADE. AÇÃO DE RESCISÃO CONTRATUAL COM PEDIDO DE ANTECIPAÇÃO DE TUTELA. CONTRATO PARA INSERÇÃO DE ANÚNCIOS. RELAÇÃO JURÍDICA E PRESTAÇÃO DO SERVIÇO COMPROVADA. AUTORIZAÇÃO PARA FIGURAÇÃO, REGULARMENTE ASSINADA PELO REPRESENTANTE DA CONTRATANTE. AUSÊNCIA DE VÍCIO DE CONSENTIMENTO OU OUTRO CAPAZ DE INVALIDAR O TRATO ASSUMIDO. AÇÃO IMPROCEDENTE.  SENTENÇA MANTIDA. MAJORAÇÃO DOS HONORÁRIOS ADVOCATÍCIOS PELA ATUAÇÃO DERROTADA NESTA SEDE RECURSAL (ART. 85, §§ 2.º E 11, DO CPC).
 
Recurso não provido, com determinação.  (TJSP;  Apelação Cível 1116880-25.2018.8.26.0100; Relator (a): Cristina Zucchi; Órgão Julgador: 34ª Câmara de Direito Privado; Foro Central Cível - 23ª Vara Cível; Data do Julgamento: 21/10/2019; Data de Registro: 24/10/2019)",FALSE,FALSE,FALSE,FALSE,FALSE,"RI005EVMH12KW",2020-01-13,"RI005EVMH0000",2019-10-21,"RI005EVMH0000",2019-10-21,"RI005EVMH12KW",2020-01-13,"Rejeitaram os embargos. V. U.","re","embargos rejeitados","indefinido"
"11168802520188260100","13012631","Apelação Cível","Prestação de Serviços","Cristina Zucchi","São Paulo","34ª Câmara de Direito Privado",2019-10-21,2019-10-24,"PRESTAÇÃO DE SERVIÇOS DE PUBLICIDADE. AÇÃO DE RESCISÃO CONTRATUAL COM PEDIDO DE ANTECIPAÇÃO DE TUTELA. CONTRATO PARA INSERÇÃO DE ANÚNCIOS. RELAÇÃO JURÍDICA E PRESTAÇÃO DO SERVIÇO COMPROVADA. AUTORIZAÇÃO PARA FIGURAÇÃO, REGULARMENTE ASSINADA PELO REPRESENTANTE DA CONTRATANTE. AUSÊNCIA DE VÍCIO DE CONSENTIMENTO OU OUTRO CAPAZ DE INVALIDAR O TRATO ASSUMIDO. AÇÃO IMPROCEDENTE.  SENTENÇA MANTIDA. MAJORAÇÃO DOS HONORÁRIOS ADVOCATÍCIOS PELA ATUAÇÃO DERROTADA NESTA SEDE RECURSAL (ART. 85, §§ 2.º E 11, DO CPC).
 
Recurso não provido, com determinação.  (TJSP;  Apelação Cível 1116880-25.2018.8.26.0100; Relator (a): Cristina Zucchi; Órgão Julgador: 34ª Câmara de Direito Privado; Foro Central Cível - 23ª Vara Cível; Data do Julgamento: 21/10/2019; Data de Registro: 24/10/2019)",FALSE,FALSE,FALSE,FALSE,FALSE,"RI005EVMH12KW",2020-01-13,"RI005EVMH0000",2019-10-21,"RI005EVMH12KW",2020-01-13,"RI005EVMH0000",2019-10-21,"Negaram provimento ao recurso, com determinação. V.U.","re","improvido","indefinido"
"11168802520188260100","13012631","Apelação Cível","Prestação de Serviços","Cristina Zucchi","São Paulo","34ª Câmara de Direito Privado",2019-10-21,2019-10-24,"PRESTAÇÃO DE SERVIÇOS DE PUBLICIDADE. AÇÃO DE RESCISÃO CONTRATUAL COM PEDIDO DE ANTECIPAÇÃO DE TUTELA. CONTRATO PARA INSERÇÃO DE ANÚNCIOS. RELAÇÃO JURÍDICA E PRESTAÇÃO DO SERVIÇO COMPROVADA. AUTORIZAÇÃO PARA FIGURAÇÃO, REGULARMENTE ASSINADA PELO REPRESENTANTE DA CONTRATANTE. AUSÊNCIA DE VÍCIO DE CONSENTIMENTO OU OUTRO CAPAZ DE INVALIDAR O TRATO ASSUMIDO. AÇÃO IMPROCEDENTE.  SENTENÇA MANTIDA. MAJORAÇÃO DOS HONORÁRIOS ADVOCATÍCIOS PELA ATUAÇÃO DERROTADA NESTA SEDE RECURSAL (ART. 85, §§ 2.º E 11, DO CPC).
 
Recurso não provido, com determinação.  (TJSP;  Apelação Cível 1116880-25.2018.8.26.0100; Relator (a): Cristina Zucchi; Órgão Julgador: 34ª Câmara de Direito Privado; Foro Central Cível - 23ª Vara Cível; Data do Julgamento: 21/10/2019; Data de Registro: 24/10/2019)",FALSE,FALSE,FALSE,FALSE,FALSE,"RI005EVMH12KW",2020-01-13,"RI005EVMH0000",2019-10-21,"RI005EVMH12KW",2020-01-13,"RI005EVMH12KW",2020-01-13,"Rejeitaram os embargos. V. U.","re","embargos rejeitados","indefinido"
"11168802520188260100","13012631","Apelação Cível","Prestação de Serviços","Cristina Zucchi","São Paulo","34ª Câmara de Direito Privado",2019-10-21,2019-10-24,"PRESTAÇÃO DE SERVIÇOS DE PUBLICIDADE. AÇÃO DE RESCISÃO CONTRATUAL COM PEDIDO DE ANTECIPAÇÃO DE TUTELA. CONTRATO PARA INSERÇÃO DE ANÚNCIOS. RELAÇÃO JURÍDICA E PRESTAÇÃO DO SERVIÇO COMPROVADA. AUTORIZAÇÃO PARA FIGURAÇÃO, REGULARMENTE ASSINADA PELO REPRESENTANTE DA CONTRATANTE. AUSÊNCIA DE VÍCIO DE CONSENTIMENTO OU OUTRO CAPAZ DE INVALIDAR O TRATO ASSUMIDO. AÇÃO IMPROCEDENTE.  SENTENÇA MANTIDA. MAJORAÇÃO DOS HONORÁRIOS ADVOCATÍCIOS PELA ATUAÇÃO DERROTADA NESTA SEDE RECURSAL (ART. 85, §§ 2.º E 11, DO CPC).
 
Recurso não provido, com determinação.  (TJSP;  Apelação Cível 1116880-25.2018.8.26.0100; Relator (a): Cristina Zucchi; Órgão Julgador: 34ª Câmara de Direito Privado; Foro Central Cível - 23ª Vara Cível; Data do Julgamento: 21/10/2019; Data de Registro: 24/10/2019)",FALSE,FALSE,FALSE,FALSE,FALSE,"RI005EVMH12KW",2020-01-13,"RI005EVMH12KW",2020-01-13,"RI005EVMH0000",2019-10-21,"RI005EVMH0000",2019-10-21,"Negaram provimento ao recurso, com determinação. V.U.","re","improvido","indefinido"
"11168802520188260100","13012631","Apelação Cível","Prestação de Serviços","Cristina Zucchi","São Paulo","34ª Câmara de Direito Privado",2019-10-21,2019-10-24,"PRESTAÇÃO DE SERVIÇOS DE PUBLICIDADE. AÇÃO DE RESCISÃO CONTRATUAL COM PEDIDO DE ANTECIPAÇÃO DE TUTELA. CONTRATO PARA INSERÇÃO DE ANÚNCIOS. RELAÇÃO JURÍDICA E PRESTAÇÃO DO SERVIÇO COMPROVADA. AUTORIZAÇÃO PARA FIGURAÇÃO, REGULARMENTE ASSINADA PELO REPRESENTANTE DA CONTRATANTE. AUSÊNCIA DE VÍCIO DE CONSENTIMENTO OU OUTRO CAPAZ DE INVALIDAR O TRATO ASSUMIDO. AÇÃO IMPROCEDENTE.  SENTENÇA MANTIDA. MAJORAÇÃO DOS HONORÁRIOS ADVOCATÍCIOS PELA ATUAÇÃO DERROTADA NESTA SEDE RECURSAL (ART. 85, §§ 2.º E 11, DO CPC).
 
Recurso não provido, com determinação.  (TJSP;  Apelação Cível 1116880-25.2018.8.26.0100; Relator (a): Cristina Zucchi; Órgão Julgador: 34ª Câmara de Direito Privado; Foro Central Cível - 23ª Vara Cível; Data do Julgamento: 21/10/2019; Data de Registro: 24/10/2019)",FALSE,FALSE,FALSE,FALSE,FALSE,"RI005EVMH12KW",2020-01-13,"RI005EVMH12KW",2020-01-13,"RI005EVMH0000",2019-10-21,"RI005EVMH12KW",2020-01-13,"Rejeitaram os embargos. V. U.","re","embargos rejeitados","indefinido"
"11168802520188260100","13012631","Apelação Cível","Prestação de Serviços","Cristina Zucchi","São Paulo","34ª Câmara de Direito Privado",2019-10-21,2019-10-24,"PRESTAÇÃO DE SERVIÇOS DE PUBLICIDADE. AÇÃO DE RESCISÃO CONTRATUAL COM PEDIDO DE ANTECIPAÇÃO DE TUTELA. CONTRATO PARA INSERÇÃO DE ANÚNCIOS. RELAÇÃO JURÍDICA E PRESTAÇÃO DO SERVIÇO COMPROVADA. AUTORIZAÇÃO PARA FIGURAÇÃO, REGULARMENTE ASSINADA PELO REPRESENTANTE DA CONTRATANTE. AUSÊNCIA DE VÍCIO DE CONSENTIMENTO OU OUTRO CAPAZ DE INVALIDAR O TRATO ASSUMIDO. AÇÃO IMPROCEDENTE.  SENTENÇA MANTIDA. MAJORAÇÃO DOS HONORÁRIOS ADVOCATÍCIOS PELA ATUAÇÃO DERROTADA NESTA SEDE RECURSAL (ART. 85, §§ 2.º E 11, DO CPC).
 
Recurso não provido, com determinação.  (TJSP;  Apelação Cível 1116880-25.2018.8.26.0100; Relator (a): Cristina Zucchi; Órgão Julgador: 34ª Câmara de Direito Privado; Foro Central Cível - 23ª Vara Cível; Data do Julgamento: 21/10/2019; Data de Registro: 24/10/2019)",FALSE,FALSE,FALSE,FALSE,FALSE,"RI005EVMH12KW",2020-01-13,"RI005EVMH12KW",2020-01-13,"RI005EVMH12KW",2020-01-13,"RI005EVMH0000",2019-10-21,"Negaram provimento ao recurso, com determinação. V.U.","re","improvido","indefinido"
"11168802520188260100","13012631","Apelação Cível","Prestação de Serviços","Cristina Zucchi","São Paulo","34ª Câmara de Direito Privado",2019-10-21,2019-10-24,"PRESTAÇÃO DE SERVIÇOS DE PUBLICIDADE. AÇÃO DE RESCISÃO CONTRATUAL COM PEDIDO DE ANTECIPAÇÃO DE TUTELA. CONTRATO PARA INSERÇÃO DE ANÚNCIOS. RELAÇÃO JURÍDICA E PRESTAÇÃO DO SERVIÇO COMPROVADA. AUTORIZAÇÃO PARA FIGURAÇÃO, REGULARMENTE ASSINADA PELO REPRESENTANTE DA CONTRATANTE. AUSÊNCIA DE VÍCIO DE CONSENTIMENTO OU OUTRO CAPAZ DE INVALIDAR O TRATO ASSUMIDO. AÇÃO IMPROCEDENTE.  SENTENÇA MANTIDA. MAJORAÇÃO DOS HONORÁRIOS ADVOCATÍCIOS PELA ATUAÇÃO DERROTADA NESTA SEDE RECURSAL (ART. 85, §§ 2.º E 11, DO CPC).
 
Recurso não provido, com determinação.  (TJSP;  Apelação Cível 1116880-25.2018.8.26.0100; Relator (a): Cristina Zucchi; Órgão Julgador: 34ª Câmara de Direito Privado; Foro Central Cível - 23ª Vara Cível; Data do Julgamento: 21/10/2019; Data de Registro: 24/10/2019)",FALSE,FALSE,FALSE,FALSE,FALSE,"RI005EVMH12KW",2020-01-13,"RI005EVMH12KW",2020-01-13,"RI005EVMH12KW",2020-01-13,"RI005EVMH12KW",2020-01-13,"Rejeitaram os embargos. V. U.","re","embargos rejeitados","indefinido"
"10001652220178260297","12598321","Apelação Cível","Prestação de Serviços","Gil Coelho","Jales","11ª Câmara de Direito Privado",2019-06-13,2019-06-14,"Prestação de serviços - Ação de rescisão contratual cumulada com pedido de declaração de inexigibilidade de débito e indenização por danos morais – Cerceamento de defesa – Inocorrência - Incontroversa existência de relação jurídica entre as partes - Autorização de Figuração, regularmente assinada pela representante legal da apelante, que contém claras informações sobre a cobrança mensal do valor pactuado - Vício de consentimento não evidenciado - Inexistência de falha na prestação do serviço ou eventual má-fé da apelada - Sentença mantida - Apelação não provida, com majoração da verba honorária.  (TJSP;  Apelação Cível 1000165-22.2017.8.26.0297; Relator (a): Gil Coelho; Órgão Julgador: 11ª Câmara de Direito Privado; Foro de Jales - 3ª Vara Cível; Data do Julgamento: 13/06/2019; Data de Registro: 14/06/2019)",FALSE,TRUE,FALSE,FALSE,FALSE,"RI0044C5P0000",2019-06-13,"RI0044C5P0000",2019-06-13,"RI0044C5P0000",2019-06-13,"RI0044C5P0000",2019-06-13,"Negaram provimento ao recurso. V. U.","re","improvido","indefinido"
"20785354520198260000","12476676","Agravo de Instrumento","Telefonia","Carlos Russo","Hortolândia","30ª Câmara de Direito Privado",2019-05-08,2019-05-09,"AGRAVO DE INSTRUMENTO. Serviços de publicidade. Demanda de empresa, supostamente na condição de contratante, questionando a validade do negócio e respectiva cobrança de valores. Tutela de urgência. Recurso do autor. Provimento.  (TJSP;  Agravo de Instrumento 2078535-45.2019.8.26.0000; Relator (a): Carlos Russo; Órgão Julgador: 30ª Câmara de Direito Privado; Foro de Hortolândia - 1ª Vara Criminal da Comarca de Hortolândia; Data do Julgamento: 08/05/2019; Data de Registro: 09/05/2019)",FALSE,FALSE,FALSE,FALSE,FALSE,"RI0051J9T0000",2019-05-08,"RI0051J9T0000",2019-05-08,"RI0051J9T0000",2019-05-08,"RI0051J9T0000",2019-05-08,"Deram provimento ao recurso. V. U.","re","provido","indefinido"
"10018248020178260066","12093190","Apelação Cível","Prestação de Serviços","Roque Antonio Mesquita de Oliveira","São Paulo","18ª Câmara de Direito Privado",2018-12-13,2018-12-13,"RECURSO –  Apelação –  ""Ação de rescisão contratual cumulada com restituição dos valores pagos e indenização por dano moral"" –  Insurgência contra a r. sentença que julgou improcedente o feito –  Inadmissibilidade –  Relação de insumo caracterizada –  Inaplicabilidade das normas do CDC –  Incontroversa existência de relação jurídica entre as partes –  Autorização de Figuração, regularmente assinada pela preposta da apelante, que contém claras informações sobre a cobrança mensal do valor pactuado, bem como sobre sua duração e tipo de publicidade, que seria realizada pela internet –  Vício de consentimento não evidenciado –  Inexistência de falha na prestação do serviço ou eventual má-fé da apelada –  Dano material ou moral não constatados –  Sentença mantida –  Honorários advocatícios majorados –  Recurso improvido.  (TJSP;  Apelação Cível 1001824-80.2017.8.26.0066; Relator (a): Roque Antonio Mesquita de Oliveira; Órgão Julgador: 18ª Câmara de Direito Privado; Foro Central Cível - 10ª Vara Cível; Data do Julgamento: 13/12/2018; Data de Registro: 13/12/2018)",FALSE,TRUE,FALSE,FALSE,FALSE,"RI004RAS90000",2018-12-13,"RI004RAS90000",2018-12-13,"RI004RAS90000",2018-12-13,"RI004RAS90000",2018-12-13,"Negaram provimento ao recurso. V. U.","re","improvido","indefinido"
"21531703120188260000","12079604","Agravo de Instrumento","Prestação de Serviços","Gilberto Leme","Taubaté","35ª Câmara de Direito Privado",2018-12-11,2018-12-11,"AGRAVO DE INSTRUMENTO. JUSTIÇA GRATUITA. PESSOA JURÍDICA. NECESSIDADE DE COMPROVAÇÃO DA HIPOSSUFICIÊNCIA FINANCEIRA. AUSÊNCIA. BENESSE QUE NÃO PODE SER DEFERIDA. Somente se concede a assistência judiciária à pessoa jurídica desde que comprovada situação econômica desfavorável, entretanto, antes do indeferimento, deve o juiz determinar à parte a comprovação do preenchimento dos pressupostos da gratuidade, nos termos do art. 99, parágrafo 2.º, do NCPC. No entanto, a tutela recursal pretendida é a concessão do benefício, não a possibilidade de comprovar a necessidade, o que não há como ser deferido diante da ausência de comprovação da alegada hipossuficiência financeira. Oportunidade que deve ser concedida à agravante em primeiro grau para nova apreciação do pedido de justiça gratuita. Recurso desprovido, com observação.   (TJSP;  Agravo de Instrumento 2153170-31.2018.8.26.0000; Relator (a): Gilberto Leme; Órgão Julgador: 35ª Câmara de Direito Privado; Foro de Taubaté - 2ª Vara Cível; Data do Julgamento: 11/12/2018; Data de Registro: 11/12/2018)",FALSE,FALSE,FALSE,FALSE,FALSE,"RI004NM060000",2018-12-11,"RI004NM060000",2018-12-11,"RI004NM060000",2018-12-11,"RI004NM060000",2018-12-11,"Por maioria, negaram provimento ao recurso, com observação, vencido o 3.º juiz, que declara.","re","improvido","indefinido"
"10117294820178260248","11808953","Embargos de Declaração Cível","Prestação de Serviços","Paulo Ayrosa","Indaiatuba","31ª Câmara de Direito Privado",2018-09-13,2018-09-13,"EMBARGOS DE DECLARAÇÃO –  INEXISTÊNCIA DE OMISSÃO, OBSCURIDADE E CONTRADIÇÃO –  NÍTIDO CARÁTER INFRINGENTE –  NÃO CABIMENTO –  RECURSO REJEITADO. Inexistindo na decisão recorrida qualquer das hipóteses a que alude o art. 1.022 do CPC, de rigor a rejeição dos embargos declaratórios opostos.  (TJSP;  Embargos de Declaração Cível 1011729-48.2017.8.26.0248; Relator (a): Paulo Ayrosa; Órgão Julgador: 31ª Câmara de Direito Privado; Foro de Indaiatuba - 2ª Vara Cível; Data do Julgamento: 13/09/2018; Data de Registro: 13/09/2018)",FALSE,FALSE,FALSE,FALSE,FALSE,"RI004MB9M0000",2018-08-28,"RI004MB9M0000",2018-08-28,"RI004MB9M0000",2018-08-28,"RI004MB9M0000",2018-08-28,"Rejeitada a preliminar, negaram provimento, nos termos que constarão do acórdão. V. U.","re","improvido","indefinido"
"10117294820178260248","11808953","Embargos de Declaração Cível","Prestação de Serviços","Paulo Ayrosa","Indaiatuba","31ª Câmara de Direito Privado",2018-09-13,2018-09-13,"EMBARGOS DE DECLARAÇÃO –  INEXISTÊNCIA DE OMISSÃO, OBSCURIDADE E CONTRADIÇÃO –  NÍTIDO CARÁTER INFRINGENTE –  NÃO CABIMENTO –  RECURSO REJEITADO. Inexistindo na decisão recorrida qualquer das hipóteses a que alude o art. 1.022 do CPC, de rigor a rejeição dos embargos declaratórios opostos.  (TJSP;  Embargos de Declaração Cível 1011729-48.2017.8.26.0248; Relator (a): Paulo Ayrosa; Órgão Julgador: 31ª Câmara de Direito Privado; Foro de Indaiatuba - 2ª Vara Cível; Data do Julgamento: 13/09/2018; Data de Registro: 13/09/2018)",FALSE,FALSE,FALSE,FALSE,FALSE,"RI004MB9M0000",2018-08-28,"RI004MB9M0000",2018-08-28,"RI004MB9M0000",2018-08-28,"RI004MB9M12KW",2018-09-13,"Rejeitaram os embargos. V. U.","re","embargos rejeitados","indefinido"
"10117294820178260248","11808953","Embargos de Declaração Cível","Prestação de Serviços","Paulo Ayrosa","Indaiatuba","31ª Câmara de Direito Privado",2018-09-13,2018-09-13,"EMBARGOS DE DECLARAÇÃO –  INEXISTÊNCIA DE OMISSÃO, OBSCURIDADE E CONTRADIÇÃO –  NÍTIDO CARÁTER INFRINGENTE –  NÃO CABIMENTO –  RECURSO REJEITADO. Inexistindo na decisão recorrida qualquer das hipóteses a que alude o art. 1.022 do CPC, de rigor a rejeição dos embargos declaratórios opostos.  (TJSP;  Embargos de Declaração Cível 1011729-48.2017.8.26.0248; Relator (a): Paulo Ayrosa; Órgão Julgador: 31ª Câmara de Direito Privado; Foro de Indaiatuba - 2ª Vara Cível; Data do Julgamento: 13/09/2018; Data de Registro: 13/09/2018)",FALSE,FALSE,FALSE,FALSE,FALSE,"RI004MB9M0000",2018-08-28,"RI004MB9M0000",2018-08-28,"RI004MB9M12KW",2018-09-13,"RI004MB9M0000",2018-08-28,"Rejeitada a preliminar, negaram provimento, nos termos que constarão do acórdão. V. U.","re","improvido","indefinido"
"10117294820178260248","11808953","Embargos de Declaração Cível","Prestação de Serviços","Paulo Ayrosa","Indaiatuba","31ª Câmara de Direito Privado",2018-09-13,2018-09-13,"EMBARGOS DE DECLARAÇÃO –  INEXISTÊNCIA DE OMISSÃO, OBSCURIDADE E CONTRADIÇÃO –  NÍTIDO CARÁTER INFRINGENTE –  NÃO CABIMENTO –  RECURSO REJEITADO. Inexistindo na decisão recorrida qualquer das hipóteses a que alude o art. 1.022 do CPC, de rigor a rejeição dos embargos declaratórios opostos.  (TJSP;  Embargos de Declaração Cível 1011729-48.2017.8.26.0248; Relator (a): Paulo Ayrosa; Órgão Julgador: 31ª Câmara de Direito Privado; Foro de Indaiatuba - 2ª Vara Cível; Data do Julgamento: 13/09/2018; Data de Registro: 13/09/2018)",FALSE,FALSE,FALSE,FALSE,FALSE,"RI004MB9M0000",2018-08-28,"RI004MB9M0000",2018-08-28,"RI004MB9M12KW",2018-09-13,"RI004MB9M12KW",2018-09-13,"Rejeitaram os embargos. V. U.","re","embargos rejeitados","indefinido"
"10117294820178260248","11808953","Embargos de Declaração Cível","Prestação de Serviços","Paulo Ayrosa","Indaiatuba","31ª Câmara de Direito Privado",2018-09-13,2018-09-13,"EMBARGOS DE DECLARAÇÃO –  INEXISTÊNCIA DE OMISSÃO, OBSCURIDADE E CONTRADIÇÃO –  NÍTIDO CARÁTER INFRINGENTE –  NÃO CABIMENTO –  RECURSO REJEITADO. Inexistindo na decisão recorrida qualquer das hipóteses a que alude o art. 1.022 do CPC, de rigor a rejeição dos embargos declaratórios opostos.  (TJSP;  Embargos de Declaração Cível 1011729-48.2017.8.26.0248; Relator (a): Paulo Ayrosa; Órgão Julgador: 31ª Câmara de Direito Privado; Foro de Indaiatuba - 2ª Vara Cível; Data do Julgamento: 13/09/2018; Data de Registro: 13/09/2018)",FALSE,FALSE,FALSE,FALSE,FALSE,"RI004MB9M0000",2018-08-28,"RI004MB9M12KW",2018-09-13,"RI004MB9M0000",2018-08-28,"RI004MB9M0000",2018-08-28,"Rejeitada a preliminar, negaram provimento, nos termos que constarão do acórdão. V. U.","re","improvido","indefinido"
"10117294820178260248","11808953","Embargos de Declaração Cível","Prestação de Serviços","Paulo Ayrosa","Indaiatuba","31ª Câmara de Direito Privado",2018-09-13,2018-09-13,"EMBARGOS DE DECLARAÇÃO –  INEXISTÊNCIA DE OMISSÃO, OBSCURIDADE E CONTRADIÇÃO –  NÍTIDO CARÁTER INFRINGENTE –  NÃO CABIMENTO –  RECURSO REJEITADO. Inexistindo na decisão recorrida qualquer das hipóteses a que alude o art. 1.022 do CPC, de rigor a rejeição dos embargos declaratórios opostos.  (TJSP;  Embargos de Declaração Cível 1011729-48.2017.8.26.0248; Relator (a): Paulo Ayrosa; Órgão Julgador: 31ª Câmara de Direito Privado; Foro de Indaiatuba - 2ª Vara Cível; Data do Julgamento: 13/09/2018; Data de Registro: 13/09/2018)",FALSE,FALSE,FALSE,FALSE,FALSE,"RI004MB9M0000",2018-08-28,"RI004MB9M12KW",2018-09-13,"RI004MB9M0000",2018-08-28,"RI004MB9M12KW",2018-09-13,"Rejeitaram os embargos. V. U.","re","embargos rejeitados","indefinido"
"10117294820178260248","11808953","Embargos de Declaração Cível","Prestação de Serviços","Paulo Ayrosa","Indaiatuba","31ª Câmara de Direito Privado",2018-09-13,2018-09-13,"EMBARGOS DE DECLARAÇÃO –  INEXISTÊNCIA DE OMISSÃO, OBSCURIDADE E CONTRADIÇÃO –  NÍTIDO CARÁTER INFRINGENTE –  NÃO CABIMENTO –  RECURSO REJEITADO. Inexistindo na decisão recorrida qualquer das hipóteses a que alude o art. 1.022 do CPC, de rigor a rejeição dos embargos declaratórios opostos.  (TJSP;  Embargos de Declaração Cível 1011729-48.2017.8.26.0248; Relator (a): Paulo Ayrosa; Órgão Julgador: 31ª Câmara de Direito Privado; Foro de Indaiatuba - 2ª Vara Cível; Data do Julgamento: 13/09/2018; Data de Registro: 13/09/2018)",FALSE,FALSE,FALSE,FALSE,FALSE,"RI004MB9M0000",2018-08-28,"RI004MB9M12KW",2018-09-13,"RI004MB9M12KW",2018-09-13,"RI004MB9M0000",2018-08-28,"Rejeitada a preliminar, negaram provimento, nos termos que constarão do acórdão. V. U.","re","improvido","indefinido"
"10117294820178260248","11808953","Embargos de Declaração Cível","Prestação de Serviços","Paulo Ayrosa","Indaiatuba","31ª Câmara de Direito Privado",2018-09-13,2018-09-13,"EMBARGOS DE DECLARAÇÃO –  INEXISTÊNCIA DE OMISSÃO, OBSCURIDADE E CONTRADIÇÃO –  NÍTIDO CARÁTER INFRINGENTE –  NÃO CABIMENTO –  RECURSO REJEITADO. Inexistindo na decisão recorrida qualquer das hipóteses a que alude o art. 1.022 do CPC, de rigor a rejeição dos embargos declaratórios opostos.  (TJSP;  Embargos de Declaração Cível 1011729-48.2017.8.26.0248; Relator (a): Paulo Ayrosa; Órgão Julgador: 31ª Câmara de Direito Privado; Foro de Indaiatuba - 2ª Vara Cível; Data do Julgamento: 13/09/2018; Data de Registro: 13/09/2018)",FALSE,FALSE,FALSE,FALSE,FALSE,"RI004MB9M0000",2018-08-28,"RI004MB9M12KW",2018-09-13,"RI004MB9M12KW",2018-09-13,"RI004MB9M12KW",2018-09-13,"Rejeitaram os embargos. V. U.","re","embargos rejeitados","indefinido"
"10117294820178260248","11808953","Embargos de Declaração Cível","Prestação de Serviços","Paulo Ayrosa","Indaiatuba","31ª Câmara de Direito Privado",2018-09-13,2018-09-13,"EMBARGOS DE DECLARAÇÃO –  INEXISTÊNCIA DE OMISSÃO, OBSCURIDADE E CONTRADIÇÃO –  NÍTIDO CARÁTER INFRINGENTE –  NÃO CABIMENTO –  RECURSO REJEITADO. Inexistindo na decisão recorrida qualquer das hipóteses a que alude o art. 1.022 do CPC, de rigor a rejeição dos embargos declaratórios opostos.  (TJSP;  Embargos de Declaração Cível 1011729-48.2017.8.26.0248; Relator (a): Paulo Ayrosa; Órgão Julgador: 31ª Câmara de Direito Privado; Foro de Indaiatuba - 2ª Vara Cível; Data do Julgamento: 13/09/2018; Data de Registro: 13/09/2018)",FALSE,FALSE,FALSE,FALSE,FALSE,"RI004MB9M12KW",2018-09-13,"RI004MB9M0000",2018-08-28,"RI004MB9M0000",2018-08-28,"RI004MB9M0000",2018-08-28,"Rejeitada a preliminar, negaram provimento, nos termos que constarão do acórdão. V. U.","re","improvido","indefinido"
"10117294820178260248","11808953","Embargos de Declaração Cível","Prestação de Serviços","Paulo Ayrosa","Indaiatuba","31ª Câmara de Direito Privado",2018-09-13,2018-09-13,"EMBARGOS DE DECLARAÇÃO –  INEXISTÊNCIA DE OMISSÃO, OBSCURIDADE E CONTRADIÇÃO –  NÍTIDO CARÁTER INFRINGENTE –  NÃO CABIMENTO –  RECURSO REJEITADO. Inexistindo na decisão recorrida qualquer das hipóteses a que alude o art. 1.022 do CPC, de rigor a rejeição dos embargos declaratórios opostos.  (TJSP;  Embargos de Declaração Cível 1011729-48.2017.8.26.0248; Relator (a): Paulo Ayrosa; Órgão Julgador: 31ª Câmara de Direito Privado; Foro de Indaiatuba - 2ª Vara Cível; Data do Julgamento: 13/09/2018; Data de Registro: 13/09/2018)",FALSE,FALSE,FALSE,FALSE,FALSE,"RI004MB9M12KW",2018-09-13,"RI004MB9M0000",2018-08-28,"RI004MB9M0000",2018-08-28,"RI004MB9M12KW",2018-09-13,"Rejeitaram os embargos. V. U.","re","embargos rejeitados","indefinido"
"10117294820178260248","11808953","Embargos de Declaração Cível","Prestação de Serviços","Paulo Ayrosa","Indaiatuba","31ª Câmara de Direito Privado",2018-09-13,2018-09-13,"EMBARGOS DE DECLARAÇÃO –  INEXISTÊNCIA DE OMISSÃO, OBSCURIDADE E CONTRADIÇÃO –  NÍTIDO CARÁTER INFRINGENTE –  NÃO CABIMENTO –  RECURSO REJEITADO. Inexistindo na decisão recorrida qualquer das hipóteses a que alude o art. 1.022 do CPC, de rigor a rejeição dos embargos declaratórios opostos.  (TJSP;  Embargos de Declaração Cível 1011729-48.2017.8.26.0248; Relator (a): Paulo Ayrosa; Órgão Julgador: 31ª Câmara de Direito Privado; Foro de Indaiatuba - 2ª Vara Cível; Data do Julgamento: 13/09/2018; Data de Registro: 13/09/2018)",FALSE,FALSE,FALSE,FALSE,FALSE,"RI004MB9M12KW",2018-09-13,"RI004MB9M0000",2018-08-28,"RI004MB9M12KW",2018-09-13,"RI004MB9M0000",2018-08-28,"Rejeitada a preliminar, negaram provimento, nos termos que constarão do acórdão. V. U.","re","improvido","indefinido"
"10117294820178260248","11808953","Embargos de Declaração Cível","Prestação de Serviços","Paulo Ayrosa","Indaiatuba","31ª Câmara de Direito Privado",2018-09-13,2018-09-13,"EMBARGOS DE DECLARAÇÃO –  INEXISTÊNCIA DE OMISSÃO, OBSCURIDADE E CONTRADIÇÃO –  NÍTIDO CARÁTER INFRINGENTE –  NÃO CABIMENTO –  RECURSO REJEITADO. Inexistindo na decisão recorrida qualquer das hipóteses a que alude o art. 1.022 do CPC, de rigor a rejeição dos embargos declaratórios opostos.  (TJSP;  Embargos de Declaração Cível 1011729-48.2017.8.26.0248; Relator (a): Paulo Ayrosa; Órgão Julgador: 31ª Câmara de Direito Privado; Foro de Indaiatuba - 2ª Vara Cível; Data do Julgamento: 13/09/2018; Data de Registro: 13/09/2018)",FALSE,FALSE,FALSE,FALSE,FALSE,"RI004MB9M12KW",2018-09-13,"RI004MB9M0000",2018-08-28,"RI004MB9M12KW",2018-09-13,"RI004MB9M12KW",2018-09-13,"Rejeitaram os embargos. V. U.","re","embargos rejeitados","indefinido"
"10117294820178260248","11808953","Embargos de Declaração Cível","Prestação de Serviços","Paulo Ayrosa","Indaiatuba","31ª Câmara de Direito Privado",2018-09-13,2018-09-13,"EMBARGOS DE DECLARAÇÃO –  INEXISTÊNCIA DE OMISSÃO, OBSCURIDADE E CONTRADIÇÃO –  NÍTIDO CARÁTER INFRINGENTE –  NÃO CABIMENTO –  RECURSO REJEITADO. Inexistindo na decisão recorrida qualquer das hipóteses a que alude o art. 1.022 do CPC, de rigor a rejeição dos embargos declaratórios opostos.  (TJSP;  Embargos de Declaração Cível 1011729-48.2017.8.26.0248; Relator (a): Paulo Ayrosa; Órgão Julgador: 31ª Câmara de Direito Privado; Foro de Indaiatuba - 2ª Vara Cível; Data do Julgamento: 13/09/2018; Data de Registro: 13/09/2018)",FALSE,FALSE,FALSE,FALSE,FALSE,"RI004MB9M12KW",2018-09-13,"RI004MB9M12KW",2018-09-13,"RI004MB9M0000",2018-08-28,"RI004MB9M0000",2018-08-28,"Rejeitada a preliminar, negaram provimento, nos termos que constarão do acórdão. V. U.","re","improvido","indefinido"
"10117294820178260248","11808953","Embargos de Declaração Cível","Prestação de Serviços","Paulo Ayrosa","Indaiatuba","31ª Câmara de Direito Privado",2018-09-13,2018-09-13,"EMBARGOS DE DECLARAÇÃO –  INEXISTÊNCIA DE OMISSÃO, OBSCURIDADE E CONTRADIÇÃO –  NÍTIDO CARÁTER INFRINGENTE –  NÃO CABIMENTO –  RECURSO REJEITADO. Inexistindo na decisão recorrida qualquer das hipóteses a que alude o art. 1.022 do CPC, de rigor a rejeição dos embargos declaratórios opostos.  (TJSP;  Embargos de Declaração Cível 1011729-48.2017.8.26.0248; Relator (a): Paulo Ayrosa; Órgão Julgador: 31ª Câmara de Direito Privado; Foro de Indaiatuba - 2ª Vara Cível; Data do Julgamento: 13/09/2018; Data de Registro: 13/09/2018)",FALSE,FALSE,FALSE,FALSE,FALSE,"RI004MB9M12KW",2018-09-13,"RI004MB9M12KW",2018-09-13,"RI004MB9M0000",2018-08-28,"RI004MB9M12KW",2018-09-13,"Rejeitaram os embargos. V. U.","re","embargos rejeitados","indefinido"
"10117294820178260248","11808953","Embargos de Declaração Cível","Prestação de Serviços","Paulo Ayrosa","Indaiatuba","31ª Câmara de Direito Privado",2018-09-13,2018-09-13,"EMBARGOS DE DECLARAÇÃO –  INEXISTÊNCIA DE OMISSÃO, OBSCURIDADE E CONTRADIÇÃO –  NÍTIDO CARÁTER INFRINGENTE –  NÃO CABIMENTO –  RECURSO REJEITADO. Inexistindo na decisão recorrida qualquer das hipóteses a que alude o art. 1.022 do CPC, de rigor a rejeição dos embargos declaratórios opostos.  (TJSP;  Embargos de Declaração Cível 1011729-48.2017.8.26.0248; Relator (a): Paulo Ayrosa; Órgão Julgador: 31ª Câmara de Direito Privado; Foro de Indaiatuba - 2ª Vara Cível; Data do Julgamento: 13/09/2018; Data de Registro: 13/09/2018)",FALSE,FALSE,FALSE,FALSE,FALSE,"RI004MB9M12KW",2018-09-13,"RI004MB9M12KW",2018-09-13,"RI004MB9M12KW",2018-09-13,"RI004MB9M0000",2018-08-28,"Rejeitada a preliminar, negaram provimento, nos termos que constarão do acórdão. V. U.","re","improvido","indefinido"
"10117294820178260248","11808953","Embargos de Declaração Cível","Prestação de Serviços","Paulo Ayrosa","Indaiatuba","31ª Câmara de Direito Privado",2018-09-13,2018-09-13,"EMBARGOS DE DECLARAÇÃO –  INEXISTÊNCIA DE OMISSÃO, OBSCURIDADE E CONTRADIÇÃO –  NÍTIDO CARÁTER INFRINGENTE –  NÃO CABIMENTO –  RECURSO REJEITADO. Inexistindo na decisão recorrida qualquer das hipóteses a que alude o art. 1.022 do CPC, de rigor a rejeição dos embargos declaratórios opostos.  (TJSP;  Embargos de Declaração Cível 1011729-48.2017.8.26.0248; Relator (a): Paulo Ayrosa; Órgão Julgador: 31ª Câmara de Direito Privado; Foro de Indaiatuba - 2ª Vara Cível; Data do Julgamento: 13/09/2018; Data de Registro: 13/09/2018)",FALSE,FALSE,FALSE,FALSE,FALSE,"RI004MB9M12KW",2018-09-13,"RI004MB9M12KW",2018-09-13,"RI004MB9M12KW",2018-09-13,"RI004MB9M12KW",2018-09-13,"Rejeitaram os embargos. V. U.","re","embargos rejeitados","indefinido"
"10117294820178260248","11758867","Apelação Cível","Prestação de Serviços","Paulo Ayrosa","Indaiatuba","31ª Câmara de Direito Privado",2018-08-28,2018-08-28,"PROCESSUAL CIVIL –  PRELIMINAR CONTIDA NAS CONTRARRAZÕES –  VIOLAÇÃO AO PRINCÍPIO DA DIALETICIDADE –  IMPERTINÊNCIA –  INÉPCIA RECURSAL –  NÃO OCORRÊNCIA –  REJEIÇÃO. O princípio da dialeticidade deve ser observado a teor do que dispõe a norma do art. 1.010, II, do Código de Processo Civil. ""In casu"", observa-se das razões recursais que não há o alegado descompasso entre seu conteúdo e o contexto de análise desenvolvido pela sentença, além de restar bem verificado que o ponto fulcral do raciocínio desenvolvido na fundamentação do ""decisum"" sofreu os regulares questionamentos contidos nas razões do apelo, fatos que ensejam, assim, o conhecimento do recurso, devendo ser afastada tal preliminar.

PRESTAÇÃO DE SERVIÇOS –  PUBLICIDADE EM SITES - AÇÃO DECLARATÓRIA DE INEXISTÊNCIA DE RELAÇÃO JURÍDICA C.C. INEXIGIBILIDADE DE DÉBITO E INDENIZAÇÃO POR DANOS MORAIS –  AMEAÇA DE INSCRIÇÃO EM CADASTRO DE INADIMPLENTES –  COMPROVAÇÃO, PELA RÉ, DA EXISTÊNCIA DE RELAÇÃO JURÍDICA COMERCIAL FIRMADA ENTRE AS PARTES –  COBRANÇA DEVIDA –  DANO IMATERIAL NÃO CARACTERIZADO –  EXERCÍCIO REGULAR DE DIREITO –  IMPROCEDÊNCIA DA AÇÃO MANTIDA –  RECURSO NÃO PROVIDO. 
I. Tendo a ré comprovado a existência de relação jurídica comercial entre as partes, referente a contrato de prestação de serviços de publicidade em sites, não há que se falar em inexigibilidade do débito apontado nos autos; 
II. A pessoa jurídica, portadora de honra objetiva, só é alvo de difamação, e esta implica, necessariamente, na difusão a terceiros de conceitos negativos, prejudiciais à sua imagem pública, circunstância esta não comprovada nos autos, cujo ônus competia à autora, nos termos do art. 373, I, do CPC, razão pela qual improcedente a sua pretensão indenizatória nesta parte.  (TJSP;  Apelação Cível 1011729-48.2017.8.26.0248; Relator (a): Paulo Ayrosa; Órgão Julgador: 31ª Câmara de Direito Privado; Foro de Indaiatuba - 2ª Vara Cível; Data do Julgamento: 28/08/2018; Data de Registro: 28/08/2018)",FALSE,TRUE,FALSE,FALSE,TRUE,"RI004MB9M0000",2018-08-28,"RI004MB9M0000",2018-08-28,"RI004MB9M0000",2018-08-28,"RI004MB9M0000",2018-08-28,"Rejeitada a preliminar, negaram provimento, nos termos que constarão do acórdão. V. U.","re","improvido","indefinido"
"10117294820178260248","11758867","Apelação Cível","Prestação de Serviços","Paulo Ayrosa","Indaiatuba","31ª Câmara de Direito Privado",2018-08-28,2018-08-28,"PROCESSUAL CIVIL –  PRELIMINAR CONTIDA NAS CONTRARRAZÕES –  VIOLAÇÃO AO PRINCÍPIO DA DIALETICIDADE –  IMPERTINÊNCIA –  INÉPCIA RECURSAL –  NÃO OCORRÊNCIA –  REJEIÇÃO. O princípio da dialeticidade deve ser observado a teor do que dispõe a norma do art. 1.010, II, do Código de Processo Civil. ""In casu"", observa-se das razões recursais que não há o alegado descompasso entre seu conteúdo e o contexto de análise desenvolvido pela sentença, além de restar bem verificado que o ponto fulcral do raciocínio desenvolvido na fundamentação do ""decisum"" sofreu os regulares questionamentos contidos nas razões do apelo, fatos que ensejam, assim, o conhecimento do recurso, devendo ser afastada tal preliminar.

PRESTAÇÃO DE SERVIÇOS –  PUBLICIDADE EM SITES - AÇÃO DECLARATÓRIA DE INEXISTÊNCIA DE RELAÇÃO JURÍDICA C.C. INEXIGIBILIDADE DE DÉBITO E INDENIZAÇÃO POR DANOS MORAIS –  AMEAÇA DE INSCRIÇÃO EM CADASTRO DE INADIMPLENTES –  COMPROVAÇÃO, PELA RÉ, DA EXISTÊNCIA DE RELAÇÃO JURÍDICA COMERCIAL FIRMADA ENTRE AS PARTES –  COBRANÇA DEVIDA –  DANO IMATERIAL NÃO CARACTERIZADO –  EXERCÍCIO REGULAR DE DIREITO –  IMPROCEDÊNCIA DA AÇÃO MANTIDA –  RECURSO NÃO PROVIDO. 
I. Tendo a ré comprovado a existência de relação jurídica comercial entre as partes, referente a contrato de prestação de serviços de publicidade em sites, não há que se falar em inexigibilidade do débito apontado nos autos; 
II. A pessoa jurídica, portadora de honra objetiva, só é alvo de difamação, e esta implica, necessariamente, na difusão a terceiros de conceitos negativos, prejudiciais à sua imagem pública, circunstância esta não comprovada nos autos, cujo ônus competia à autora, nos termos do art. 373, I, do CPC, razão pela qual improcedente a sua pretensão indenizatória nesta parte.  (TJSP;  Apelação Cível 1011729-48.2017.8.26.0248; Relator (a): Paulo Ayrosa; Órgão Julgador: 31ª Câmara de Direito Privado; Foro de Indaiatuba - 2ª Vara Cível; Data do Julgamento: 28/08/2018; Data de Registro: 28/08/2018)",FALSE,TRUE,FALSE,FALSE,TRUE,"RI004MB9M0000",2018-08-28,"RI004MB9M0000",2018-08-28,"RI004MB9M0000",2018-08-28,"RI004MB9M12KW",2018-09-13,"Rejeitaram os embargos. V. U.","re","embargos rejeitados","indefinido"
"10117294820178260248","11758867","Apelação Cível","Prestação de Serviços","Paulo Ayrosa","Indaiatuba","31ª Câmara de Direito Privado",2018-08-28,2018-08-28,"PROCESSUAL CIVIL –  PRELIMINAR CONTIDA NAS CONTRARRAZÕES –  VIOLAÇÃO AO PRINCÍPIO DA DIALETICIDADE –  IMPERTINÊNCIA –  INÉPCIA RECURSAL –  NÃO OCORRÊNCIA –  REJEIÇÃO. O princípio da dialeticidade deve ser observado a teor do que dispõe a norma do art. 1.010, II, do Código de Processo Civil. ""In casu"", observa-se das razões recursais que não há o alegado descompasso entre seu conteúdo e o contexto de análise desenvolvido pela sentença, além de restar bem verificado que o ponto fulcral do raciocínio desenvolvido na fundamentação do ""decisum"" sofreu os regulares questionamentos contidos nas razões do apelo, fatos que ensejam, assim, o conhecimento do recurso, devendo ser afastada tal preliminar.

PRESTAÇÃO DE SERVIÇOS –  PUBLICIDADE EM SITES - AÇÃO DECLARATÓRIA DE INEXISTÊNCIA DE RELAÇÃO JURÍDICA C.C. INEXIGIBILIDADE DE DÉBITO E INDENIZAÇÃO POR DANOS MORAIS –  AMEAÇA DE INSCRIÇÃO EM CADASTRO DE INADIMPLENTES –  COMPROVAÇÃO, PELA RÉ, DA EXISTÊNCIA DE RELAÇÃO JURÍDICA COMERCIAL FIRMADA ENTRE AS PARTES –  COBRANÇA DEVIDA –  DANO IMATERIAL NÃO CARACTERIZADO –  EXERCÍCIO REGULAR DE DIREITO –  IMPROCEDÊNCIA DA AÇÃO MANTIDA –  RECURSO NÃO PROVIDO. 
I. Tendo a ré comprovado a existência de relação jurídica comercial entre as partes, referente a contrato de prestação de serviços de publicidade em sites, não há que se falar em inexigibilidade do débito apontado nos autos; 
II. A pessoa jurídica, portadora de honra objetiva, só é alvo de difamação, e esta implica, necessariamente, na difusão a terceiros de conceitos negativos, prejudiciais à sua imagem pública, circunstância esta não comprovada nos autos, cujo ônus competia à autora, nos termos do art. 373, I, do CPC, razão pela qual improcedente a sua pretensão indenizatória nesta parte.  (TJSP;  Apelação Cível 1011729-48.2017.8.26.0248; Relator (a): Paulo Ayrosa; Órgão Julgador: 31ª Câmara de Direito Privado; Foro de Indaiatuba - 2ª Vara Cível; Data do Julgamento: 28/08/2018; Data de Registro: 28/08/2018)",FALSE,TRUE,FALSE,FALSE,TRUE,"RI004MB9M0000",2018-08-28,"RI004MB9M0000",2018-08-28,"RI004MB9M12KW",2018-09-13,"RI004MB9M0000",2018-08-28,"Rejeitada a preliminar, negaram provimento, nos termos que constarão do acórdão. V. U.","re","improvido","indefinido"
"10117294820178260248","11758867","Apelação Cível","Prestação de Serviços","Paulo Ayrosa","Indaiatuba","31ª Câmara de Direito Privado",2018-08-28,2018-08-28,"PROCESSUAL CIVIL –  PRELIMINAR CONTIDA NAS CONTRARRAZÕES –  VIOLAÇÃO AO PRINCÍPIO DA DIALETICIDADE –  IMPERTINÊNCIA –  INÉPCIA RECURSAL –  NÃO OCORRÊNCIA –  REJEIÇÃO. O princípio da dialeticidade deve ser observado a teor do que dispõe a norma do art. 1.010, II, do Código de Processo Civil. ""In casu"", observa-se das razões recursais que não há o alegado descompasso entre seu conteúdo e o contexto de análise desenvolvido pela sentença, além de restar bem verificado que o ponto fulcral do raciocínio desenvolvido na fundamentação do ""decisum"" sofreu os regulares questionamentos contidos nas razões do apelo, fatos que ensejam, assim, o conhecimento do recurso, devendo ser afastada tal preliminar.

PRESTAÇÃO DE SERVIÇOS –  PUBLICIDADE EM SITES - AÇÃO DECLARATÓRIA DE INEXISTÊNCIA DE RELAÇÃO JURÍDICA C.C. INEXIGIBILIDADE DE DÉBITO E INDENIZAÇÃO POR DANOS MORAIS –  AMEAÇA DE INSCRIÇÃO EM CADASTRO DE INADIMPLENTES –  COMPROVAÇÃO, PELA RÉ, DA EXISTÊNCIA DE RELAÇÃO JURÍDICA COMERCIAL FIRMADA ENTRE AS PARTES –  COBRANÇA DEVIDA –  DANO IMATERIAL NÃO CARACTERIZADO –  EXERCÍCIO REGULAR DE DIREITO –  IMPROCEDÊNCIA DA AÇÃO MANTIDA –  RECURSO NÃO PROVIDO. 
I. Tendo a ré comprovado a existência de relação jurídica comercial entre as partes, referente a contrato de prestação de serviços de publicidade em sites, não há que se falar em inexigibilidade do débito apontado nos autos; 
II. A pessoa jurídica, portadora de honra objetiva, só é alvo de difamação, e esta implica, necessariamente, na difusão a terceiros de conceitos negativos, prejudiciais à sua imagem pública, circunstância esta não comprovada nos autos, cujo ônus competia à autora, nos termos do art. 373, I, do CPC, razão pela qual improcedente a sua pretensão indenizatória nesta parte.  (TJSP;  Apelação Cível 1011729-48.2017.8.26.0248; Relator (a): Paulo Ayrosa; Órgão Julgador: 31ª Câmara de Direito Privado; Foro de Indaiatuba - 2ª Vara Cível; Data do Julgamento: 28/08/2018; Data de Registro: 28/08/2018)",FALSE,TRUE,FALSE,FALSE,TRUE,"RI004MB9M0000",2018-08-28,"RI004MB9M0000",2018-08-28,"RI004MB9M12KW",2018-09-13,"RI004MB9M12KW",2018-09-13,"Rejeitaram os embargos. V. U.","re","embargos rejeitados","indefinido"
"10117294820178260248","11758867","Apelação Cível","Prestação de Serviços","Paulo Ayrosa","Indaiatuba","31ª Câmara de Direito Privado",2018-08-28,2018-08-28,"PROCESSUAL CIVIL –  PRELIMINAR CONTIDA NAS CONTRARRAZÕES –  VIOLAÇÃO AO PRINCÍPIO DA DIALETICIDADE –  IMPERTINÊNCIA –  INÉPCIA RECURSAL –  NÃO OCORRÊNCIA –  REJEIÇÃO. O princípio da dialeticidade deve ser observado a teor do que dispõe a norma do art. 1.010, II, do Código de Processo Civil. ""In casu"", observa-se das razões recursais que não há o alegado descompasso entre seu conteúdo e o contexto de análise desenvolvido pela sentença, além de restar bem verificado que o ponto fulcral do raciocínio desenvolvido na fundamentação do ""decisum"" sofreu os regulares questionamentos contidos nas razões do apelo, fatos que ensejam, assim, o conhecimento do recurso, devendo ser afastada tal preliminar.

PRESTAÇÃO DE SERVIÇOS –  PUBLICIDADE EM SITES - AÇÃO DECLARATÓRIA DE INEXISTÊNCIA DE RELAÇÃO JURÍDICA C.C. INEXIGIBILIDADE DE DÉBITO E INDENIZAÇÃO POR DANOS MORAIS –  AMEAÇA DE INSCRIÇÃO EM CADASTRO DE INADIMPLENTES –  COMPROVAÇÃO, PELA RÉ, DA EXISTÊNCIA DE RELAÇÃO JURÍDICA COMERCIAL FIRMADA ENTRE AS PARTES –  COBRANÇA DEVIDA –  DANO IMATERIAL NÃO CARACTERIZADO –  EXERCÍCIO REGULAR DE DIREITO –  IMPROCEDÊNCIA DA AÇÃO MANTIDA –  RECURSO NÃO PROVIDO. 
I. Tendo a ré comprovado a existência de relação jurídica comercial entre as partes, referente a contrato de prestação de serviços de publicidade em sites, não há que se falar em inexigibilidade do débito apontado nos autos; 
II. A pessoa jurídica, portadora de honra objetiva, só é alvo de difamação, e esta implica, necessariamente, na difusão a terceiros de conceitos negativos, prejudiciais à sua imagem pública, circunstância esta não comprovada nos autos, cujo ônus competia à autora, nos termos do art. 373, I, do CPC, razão pela qual improcedente a sua pretensão indenizatória nesta parte.  (TJSP;  Apelação Cível 1011729-48.2017.8.26.0248; Relator (a): Paulo Ayrosa; Órgão Julgador: 31ª Câmara de Direito Privado; Foro de Indaiatuba - 2ª Vara Cível; Data do Julgamento: 28/08/2018; Data de Registro: 28/08/2018)",FALSE,TRUE,FALSE,FALSE,TRUE,"RI004MB9M0000",2018-08-28,"RI004MB9M12KW",2018-09-13,"RI004MB9M0000",2018-08-28,"RI004MB9M0000",2018-08-28,"Rejeitada a preliminar, negaram provimento, nos termos que constarão do acórdão. V. U.","re","improvido","indefinido"
"10117294820178260248","11758867","Apelação Cível","Prestação de Serviços","Paulo Ayrosa","Indaiatuba","31ª Câmara de Direito Privado",2018-08-28,2018-08-28,"PROCESSUAL CIVIL –  PRELIMINAR CONTIDA NAS CONTRARRAZÕES –  VIOLAÇÃO AO PRINCÍPIO DA DIALETICIDADE –  IMPERTINÊNCIA –  INÉPCIA RECURSAL –  NÃO OCORRÊNCIA –  REJEIÇÃO. O princípio da dialeticidade deve ser observado a teor do que dispõe a norma do art. 1.010, II, do Código de Processo Civil. ""In casu"", observa-se das razões recursais que não há o alegado descompasso entre seu conteúdo e o contexto de análise desenvolvido pela sentença, além de restar bem verificado que o ponto fulcral do raciocínio desenvolvido na fundamentação do ""decisum"" sofreu os regulares questionamentos contidos nas razões do apelo, fatos que ensejam, assim, o conhecimento do recurso, devendo ser afastada tal preliminar.

PRESTAÇÃO DE SERVIÇOS –  PUBLICIDADE EM SITES - AÇÃO DECLARATÓRIA DE INEXISTÊNCIA DE RELAÇÃO JURÍDICA C.C. INEXIGIBILIDADE DE DÉBITO E INDENIZAÇÃO POR DANOS MORAIS –  AMEAÇA DE INSCRIÇÃO EM CADASTRO DE INADIMPLENTES –  COMPROVAÇÃO, PELA RÉ, DA EXISTÊNCIA DE RELAÇÃO JURÍDICA COMERCIAL FIRMADA ENTRE AS PARTES –  COBRANÇA DEVIDA –  DANO IMATERIAL NÃO CARACTERIZADO –  EXERCÍCIO REGULAR DE DIREITO –  IMPROCEDÊNCIA DA AÇÃO MANTIDA –  RECURSO NÃO PROVIDO. 
I. Tendo a ré comprovado a existência de relação jurídica comercial entre as partes, referente a contrato de prestação de serviços de publicidade em sites, não há que se falar em inexigibilidade do débito apontado nos autos; 
II. A pessoa jurídica, portadora de honra objetiva, só é alvo de difamação, e esta implica, necessariamente, na difusão a terceiros de conceitos negativos, prejudiciais à sua imagem pública, circunstância esta não comprovada nos autos, cujo ônus competia à autora, nos termos do art. 373, I, do CPC, razão pela qual improcedente a sua pretensão indenizatória nesta parte.  (TJSP;  Apelação Cível 1011729-48.2017.8.26.0248; Relator (a): Paulo Ayrosa; Órgão Julgador: 31ª Câmara de Direito Privado; Foro de Indaiatuba - 2ª Vara Cível; Data do Julgamento: 28/08/2018; Data de Registro: 28/08/2018)",FALSE,TRUE,FALSE,FALSE,TRUE,"RI004MB9M0000",2018-08-28,"RI004MB9M12KW",2018-09-13,"RI004MB9M0000",2018-08-28,"RI004MB9M12KW",2018-09-13,"Rejeitaram os embargos. V. U.","re","embargos rejeitados","indefinido"
"10117294820178260248","11758867","Apelação Cível","Prestação de Serviços","Paulo Ayrosa","Indaiatuba","31ª Câmara de Direito Privado",2018-08-28,2018-08-28,"PROCESSUAL CIVIL –  PRELIMINAR CONTIDA NAS CONTRARRAZÕES –  VIOLAÇÃO AO PRINCÍPIO DA DIALETICIDADE –  IMPERTINÊNCIA –  INÉPCIA RECURSAL –  NÃO OCORRÊNCIA –  REJEIÇÃO. O princípio da dialeticidade deve ser observado a teor do que dispõe a norma do art. 1.010, II, do Código de Processo Civil. ""In casu"", observa-se das razões recursais que não há o alegado descompasso entre seu conteúdo e o contexto de análise desenvolvido pela sentença, além de restar bem verificado que o ponto fulcral do raciocínio desenvolvido na fundamentação do ""decisum"" sofreu os regulares questionamentos contidos nas razões do apelo, fatos que ensejam, assim, o conhecimento do recurso, devendo ser afastada tal preliminar.

PRESTAÇÃO DE SERVIÇOS –  PUBLICIDADE EM SITES - AÇÃO DECLARATÓRIA DE INEXISTÊNCIA DE RELAÇÃO JURÍDICA C.C. INEXIGIBILIDADE DE DÉBITO E INDENIZAÇÃO POR DANOS MORAIS –  AMEAÇA DE INSCRIÇÃO EM CADASTRO DE INADIMPLENTES –  COMPROVAÇÃO, PELA RÉ, DA EXISTÊNCIA DE RELAÇÃO JURÍDICA COMERCIAL FIRMADA ENTRE AS PARTES –  COBRANÇA DEVIDA –  DANO IMATERIAL NÃO CARACTERIZADO –  EXERCÍCIO REGULAR DE DIREITO –  IMPROCEDÊNCIA DA AÇÃO MANTIDA –  RECURSO NÃO PROVIDO. 
I. Tendo a ré comprovado a existência de relação jurídica comercial entre as partes, referente a contrato de prestação de serviços de publicidade em sites, não há que se falar em inexigibilidade do débito apontado nos autos; 
II. A pessoa jurídica, portadora de honra objetiva, só é alvo de difamação, e esta implica, necessariamente, na difusão a terceiros de conceitos negativos, prejudiciais à sua imagem pública, circunstância esta não comprovada nos autos, cujo ônus competia à autora, nos termos do art. 373, I, do CPC, razão pela qual improcedente a sua pretensão indenizatória nesta parte.  (TJSP;  Apelação Cível 1011729-48.2017.8.26.0248; Relator (a): Paulo Ayrosa; Órgão Julgador: 31ª Câmara de Direito Privado; Foro de Indaiatuba - 2ª Vara Cível; Data do Julgamento: 28/08/2018; Data de Registro: 28/08/2018)",FALSE,TRUE,FALSE,FALSE,TRUE,"RI004MB9M0000",2018-08-28,"RI004MB9M12KW",2018-09-13,"RI004MB9M12KW",2018-09-13,"RI004MB9M0000",2018-08-28,"Rejeitada a preliminar, negaram provimento, nos termos que constarão do acórdão. V. U.","re","improvido","indefinido"
"10117294820178260248","11758867","Apelação Cível","Prestação de Serviços","Paulo Ayrosa","Indaiatuba","31ª Câmara de Direito Privado",2018-08-28,2018-08-28,"PROCESSUAL CIVIL –  PRELIMINAR CONTIDA NAS CONTRARRAZÕES –  VIOLAÇÃO AO PRINCÍPIO DA DIALETICIDADE –  IMPERTINÊNCIA –  INÉPCIA RECURSAL –  NÃO OCORRÊNCIA –  REJEIÇÃO. O princípio da dialeticidade deve ser observado a teor do que dispõe a norma do art. 1.010, II, do Código de Processo Civil. ""In casu"", observa-se das razões recursais que não há o alegado descompasso entre seu conteúdo e o contexto de análise desenvolvido pela sentença, além de restar bem verificado que o ponto fulcral do raciocínio desenvolvido na fundamentação do ""decisum"" sofreu os regulares questionamentos contidos nas razões do apelo, fatos que ensejam, assim, o conhecimento do recurso, devendo ser afastada tal preliminar.

PRESTAÇÃO DE SERVIÇOS –  PUBLICIDADE EM SITES - AÇÃO DECLARATÓRIA DE INEXISTÊNCIA DE RELAÇÃO JURÍDICA C.C. INEXIGIBILIDADE DE DÉBITO E INDENIZAÇÃO POR DANOS MORAIS –  AMEAÇA DE INSCRIÇÃO EM CADASTRO DE INADIMPLENTES –  COMPROVAÇÃO, PELA RÉ, DA EXISTÊNCIA DE RELAÇÃO JURÍDICA COMERCIAL FIRMADA ENTRE AS PARTES –  COBRANÇA DEVIDA –  DANO IMATERIAL NÃO CARACTERIZADO –  EXERCÍCIO REGULAR DE DIREITO –  IMPROCEDÊNCIA DA AÇÃO MANTIDA –  RECURSO NÃO PROVIDO. 
I. Tendo a ré comprovado a existência de relação jurídica comercial entre as partes, referente a contrato de prestação de serviços de publicidade em sites, não há que se falar em inexigibilidade do débito apontado nos autos; 
II. A pessoa jurídica, portadora de honra objetiva, só é alvo de difamação, e esta implica, necessariamente, na difusão a terceiros de conceitos negativos, prejudiciais à sua imagem pública, circunstância esta não comprovada nos autos, cujo ônus competia à autora, nos termos do art. 373, I, do CPC, razão pela qual improcedente a sua pretensão indenizatória nesta parte.  (TJSP;  Apelação Cível 1011729-48.2017.8.26.0248; Relator (a): Paulo Ayrosa; Órgão Julgador: 31ª Câmara de Direito Privado; Foro de Indaiatuba - 2ª Vara Cível; Data do Julgamento: 28/08/2018; Data de Registro: 28/08/2018)",FALSE,TRUE,FALSE,FALSE,TRUE,"RI004MB9M0000",2018-08-28,"RI004MB9M12KW",2018-09-13,"RI004MB9M12KW",2018-09-13,"RI004MB9M12KW",2018-09-13,"Rejeitaram os embargos. V. U.","re","embargos rejeitados","indefinido"
"10117294820178260248","11758867","Apelação Cível","Prestação de Serviços","Paulo Ayrosa","Indaiatuba","31ª Câmara de Direito Privado",2018-08-28,2018-08-28,"PROCESSUAL CIVIL –  PRELIMINAR CONTIDA NAS CONTRARRAZÕES –  VIOLAÇÃO AO PRINCÍPIO DA DIALETICIDADE –  IMPERTINÊNCIA –  INÉPCIA RECURSAL –  NÃO OCORRÊNCIA –  REJEIÇÃO. O princípio da dialeticidade deve ser observado a teor do que dispõe a norma do art. 1.010, II, do Código de Processo Civil. ""In casu"", observa-se das razões recursais que não há o alegado descompasso entre seu conteúdo e o contexto de análise desenvolvido pela sentença, além de restar bem verificado que o ponto fulcral do raciocínio desenvolvido na fundamentação do ""decisum"" sofreu os regulares questionamentos contidos nas razões do apelo, fatos que ensejam, assim, o conhecimento do recurso, devendo ser afastada tal preliminar.

PRESTAÇÃO DE SERVIÇOS –  PUBLICIDADE EM SITES - AÇÃO DECLARATÓRIA DE INEXISTÊNCIA DE RELAÇÃO JURÍDICA C.C. INEXIGIBILIDADE DE DÉBITO E INDENIZAÇÃO POR DANOS MORAIS –  AMEAÇA DE INSCRIÇÃO EM CADASTRO DE INADIMPLENTES –  COMPROVAÇÃO, PELA RÉ, DA EXISTÊNCIA DE RELAÇÃO JURÍDICA COMERCIAL FIRMADA ENTRE AS PARTES –  COBRANÇA DEVIDA –  DANO IMATERIAL NÃO CARACTERIZADO –  EXERCÍCIO REGULAR DE DIREITO –  IMPROCEDÊNCIA DA AÇÃO MANTIDA –  RECURSO NÃO PROVIDO. 
I. Tendo a ré comprovado a existência de relação jurídica comercial entre as partes, referente a contrato de prestação de serviços de publicidade em sites, não há que se falar em inexigibilidade do débito apontado nos autos; 
II. A pessoa jurídica, portadora de honra objetiva, só é alvo de difamação, e esta implica, necessariamente, na difusão a terceiros de conceitos negativos, prejudiciais à sua imagem pública, circunstância esta não comprovada nos autos, cujo ônus competia à autora, nos termos do art. 373, I, do CPC, razão pela qual improcedente a sua pretensão indenizatória nesta parte.  (TJSP;  Apelação Cível 1011729-48.2017.8.26.0248; Relator (a): Paulo Ayrosa; Órgão Julgador: 31ª Câmara de Direito Privado; Foro de Indaiatuba - 2ª Vara Cível; Data do Julgamento: 28/08/2018; Data de Registro: 28/08/2018)",FALSE,TRUE,FALSE,FALSE,TRUE,"RI004MB9M12KW",2018-09-13,"RI004MB9M0000",2018-08-28,"RI004MB9M0000",2018-08-28,"RI004MB9M0000",2018-08-28,"Rejeitada a preliminar, negaram provimento, nos termos que constarão do acórdão. V. U.","re","improvido","indefinido"
"10117294820178260248","11758867","Apelação Cível","Prestação de Serviços","Paulo Ayrosa","Indaiatuba","31ª Câmara de Direito Privado",2018-08-28,2018-08-28,"PROCESSUAL CIVIL –  PRELIMINAR CONTIDA NAS CONTRARRAZÕES –  VIOLAÇÃO AO PRINCÍPIO DA DIALETICIDADE –  IMPERTINÊNCIA –  INÉPCIA RECURSAL –  NÃO OCORRÊNCIA –  REJEIÇÃO. O princípio da dialeticidade deve ser observado a teor do que dispõe a norma do art. 1.010, II, do Código de Processo Civil. ""In casu"", observa-se das razões recursais que não há o alegado descompasso entre seu conteúdo e o contexto de análise desenvolvido pela sentença, além de restar bem verificado que o ponto fulcral do raciocínio desenvolvido na fundamentação do ""decisum"" sofreu os regulares questionamentos contidos nas razões do apelo, fatos que ensejam, assim, o conhecimento do recurso, devendo ser afastada tal preliminar.

PRESTAÇÃO DE SERVIÇOS –  PUBLICIDADE EM SITES - AÇÃO DECLARATÓRIA DE INEXISTÊNCIA DE RELAÇÃO JURÍDICA C.C. INEXIGIBILIDADE DE DÉBITO E INDENIZAÇÃO POR DANOS MORAIS –  AMEAÇA DE INSCRIÇÃO EM CADASTRO DE INADIMPLENTES –  COMPROVAÇÃO, PELA RÉ, DA EXISTÊNCIA DE RELAÇÃO JURÍDICA COMERCIAL FIRMADA ENTRE AS PARTES –  COBRANÇA DEVIDA –  DANO IMATERIAL NÃO CARACTERIZADO –  EXERCÍCIO REGULAR DE DIREITO –  IMPROCEDÊNCIA DA AÇÃO MANTIDA –  RECURSO NÃO PROVIDO. 
I. Tendo a ré comprovado a existência de relação jurídica comercial entre as partes, referente a contrato de prestação de serviços de publicidade em sites, não há que se falar em inexigibilidade do débito apontado nos autos; 
II. A pessoa jurídica, portadora de honra objetiva, só é alvo de difamação, e esta implica, necessariamente, na difusão a terceiros de conceitos negativos, prejudiciais à sua imagem pública, circunstância esta não comprovada nos autos, cujo ônus competia à autora, nos termos do art. 373, I, do CPC, razão pela qual improcedente a sua pretensão indenizatória nesta parte.  (TJSP;  Apelação Cível 1011729-48.2017.8.26.0248; Relator (a): Paulo Ayrosa; Órgão Julgador: 31ª Câmara de Direito Privado; Foro de Indaiatuba - 2ª Vara Cível; Data do Julgamento: 28/08/2018; Data de Registro: 28/08/2018)",FALSE,TRUE,FALSE,FALSE,TRUE,"RI004MB9M12KW",2018-09-13,"RI004MB9M0000",2018-08-28,"RI004MB9M0000",2018-08-28,"RI004MB9M12KW",2018-09-13,"Rejeitaram os embargos. V. U.","re","embargos rejeitados","indefinido"
"10117294820178260248","11758867","Apelação Cível","Prestação de Serviços","Paulo Ayrosa","Indaiatuba","31ª Câmara de Direito Privado",2018-08-28,2018-08-28,"PROCESSUAL CIVIL –  PRELIMINAR CONTIDA NAS CONTRARRAZÕES –  VIOLAÇÃO AO PRINCÍPIO DA DIALETICIDADE –  IMPERTINÊNCIA –  INÉPCIA RECURSAL –  NÃO OCORRÊNCIA –  REJEIÇÃO. O princípio da dialeticidade deve ser observado a teor do que dispõe a norma do art. 1.010, II, do Código de Processo Civil. ""In casu"", observa-se das razões recursais que não há o alegado descompasso entre seu conteúdo e o contexto de análise desenvolvido pela sentença, além de restar bem verificado que o ponto fulcral do raciocínio desenvolvido na fundamentação do ""decisum"" sofreu os regulares questionamentos contidos nas razões do apelo, fatos que ensejam, assim, o conhecimento do recurso, devendo ser afastada tal preliminar.

PRESTAÇÃO DE SERVIÇOS –  PUBLICIDADE EM SITES - AÇÃO DECLARATÓRIA DE INEXISTÊNCIA DE RELAÇÃO JURÍDICA C.C. INEXIGIBILIDADE DE DÉBITO E INDENIZAÇÃO POR DANOS MORAIS –  AMEAÇA DE INSCRIÇÃO EM CADASTRO DE INADIMPLENTES –  COMPROVAÇÃO, PELA RÉ, DA EXISTÊNCIA DE RELAÇÃO JURÍDICA COMERCIAL FIRMADA ENTRE AS PARTES –  COBRANÇA DEVIDA –  DANO IMATERIAL NÃO CARACTERIZADO –  EXERCÍCIO REGULAR DE DIREITO –  IMPROCEDÊNCIA DA AÇÃO MANTIDA –  RECURSO NÃO PROVIDO. 
I. Tendo a ré comprovado a existência de relação jurídica comercial entre as partes, referente a contrato de prestação de serviços de publicidade em sites, não há que se falar em inexigibilidade do débito apontado nos autos; 
II. A pessoa jurídica, portadora de honra objetiva, só é alvo de difamação, e esta implica, necessariamente, na difusão a terceiros de conceitos negativos, prejudiciais à sua imagem pública, circunstância esta não comprovada nos autos, cujo ônus competia à autora, nos termos do art. 373, I, do CPC, razão pela qual improcedente a sua pretensão indenizatória nesta parte.  (TJSP;  Apelação Cível 1011729-48.2017.8.26.0248; Relator (a): Paulo Ayrosa; Órgão Julgador: 31ª Câmara de Direito Privado; Foro de Indaiatuba - 2ª Vara Cível; Data do Julgamento: 28/08/2018; Data de Registro: 28/08/2018)",FALSE,TRUE,FALSE,FALSE,TRUE,"RI004MB9M12KW",2018-09-13,"RI004MB9M0000",2018-08-28,"RI004MB9M12KW",2018-09-13,"RI004MB9M0000",2018-08-28,"Rejeitada a preliminar, negaram provimento, nos termos que constarão do acórdão. V. U.","re","improvido","indefinido"
"10117294820178260248","11758867","Apelação Cível","Prestação de Serviços","Paulo Ayrosa","Indaiatuba","31ª Câmara de Direito Privado",2018-08-28,2018-08-28,"PROCESSUAL CIVIL –  PRELIMINAR CONTIDA NAS CONTRARRAZÕES –  VIOLAÇÃO AO PRINCÍPIO DA DIALETICIDADE –  IMPERTINÊNCIA –  INÉPCIA RECURSAL –  NÃO OCORRÊNCIA –  REJEIÇÃO. O princípio da dialeticidade deve ser observado a teor do que dispõe a norma do art. 1.010, II, do Código de Processo Civil. ""In casu"", observa-se das razões recursais que não há o alegado descompasso entre seu conteúdo e o contexto de análise desenvolvido pela sentença, além de restar bem verificado que o ponto fulcral do raciocínio desenvolvido na fundamentação do ""decisum"" sofreu os regulares questionamentos contidos nas razões do apelo, fatos que ensejam, assim, o conhecimento do recurso, devendo ser afastada tal preliminar.

PRESTAÇÃO DE SERVIÇOS –  PUBLICIDADE EM SITES - AÇÃO DECLARATÓRIA DE INEXISTÊNCIA DE RELAÇÃO JURÍDICA C.C. INEXIGIBILIDADE DE DÉBITO E INDENIZAÇÃO POR DANOS MORAIS –  AMEAÇA DE INSCRIÇÃO EM CADASTRO DE INADIMPLENTES –  COMPROVAÇÃO, PELA RÉ, DA EXISTÊNCIA DE RELAÇÃO JURÍDICA COMERCIAL FIRMADA ENTRE AS PARTES –  COBRANÇA DEVIDA –  DANO IMATERIAL NÃO CARACTERIZADO –  EXERCÍCIO REGULAR DE DIREITO –  IMPROCEDÊNCIA DA AÇÃO MANTIDA –  RECURSO NÃO PROVIDO. 
I. Tendo a ré comprovado a existência de relação jurídica comercial entre as partes, referente a contrato de prestação de serviços de publicidade em sites, não há que se falar em inexigibilidade do débito apontado nos autos; 
II. A pessoa jurídica, portadora de honra objetiva, só é alvo de difamação, e esta implica, necessariamente, na difusão a terceiros de conceitos negativos, prejudiciais à sua imagem pública, circunstância esta não comprovada nos autos, cujo ônus competia à autora, nos termos do art. 373, I, do CPC, razão pela qual improcedente a sua pretensão indenizatória nesta parte.  (TJSP;  Apelação Cível 1011729-48.2017.8.26.0248; Relator (a): Paulo Ayrosa; Órgão Julgador: 31ª Câmara de Direito Privado; Foro de Indaiatuba - 2ª Vara Cível; Data do Julgamento: 28/08/2018; Data de Registro: 28/08/2018)",FALSE,TRUE,FALSE,FALSE,TRUE,"RI004MB9M12KW",2018-09-13,"RI004MB9M0000",2018-08-28,"RI004MB9M12KW",2018-09-13,"RI004MB9M12KW",2018-09-13,"Rejeitaram os embargos. V. U.","re","embargos rejeitados","indefinido"
"10117294820178260248","11758867","Apelação Cível","Prestação de Serviços","Paulo Ayrosa","Indaiatuba","31ª Câmara de Direito Privado",2018-08-28,2018-08-28,"PROCESSUAL CIVIL –  PRELIMINAR CONTIDA NAS CONTRARRAZÕES –  VIOLAÇÃO AO PRINCÍPIO DA DIALETICIDADE –  IMPERTINÊNCIA –  INÉPCIA RECURSAL –  NÃO OCORRÊNCIA –  REJEIÇÃO. O princípio da dialeticidade deve ser observado a teor do que dispõe a norma do art. 1.010, II, do Código de Processo Civil. ""In casu"", observa-se das razões recursais que não há o alegado descompasso entre seu conteúdo e o contexto de análise desenvolvido pela sentença, além de restar bem verificado que o ponto fulcral do raciocínio desenvolvido na fundamentação do ""decisum"" sofreu os regulares questionamentos contidos nas razões do apelo, fatos que ensejam, assim, o conhecimento do recurso, devendo ser afastada tal preliminar.

PRESTAÇÃO DE SERVIÇOS –  PUBLICIDADE EM SITES - AÇÃO DECLARATÓRIA DE INEXISTÊNCIA DE RELAÇÃO JURÍDICA C.C. INEXIGIBILIDADE DE DÉBITO E INDENIZAÇÃO POR DANOS MORAIS –  AMEAÇA DE INSCRIÇÃO EM CADASTRO DE INADIMPLENTES –  COMPROVAÇÃO, PELA RÉ, DA EXISTÊNCIA DE RELAÇÃO JURÍDICA COMERCIAL FIRMADA ENTRE AS PARTES –  COBRANÇA DEVIDA –  DANO IMATERIAL NÃO CARACTERIZADO –  EXERCÍCIO REGULAR DE DIREITO –  IMPROCEDÊNCIA DA AÇÃO MANTIDA –  RECURSO NÃO PROVIDO. 
I. Tendo a ré comprovado a existência de relação jurídica comercial entre as partes, referente a contrato de prestação de serviços de publicidade em sites, não há que se falar em inexigibilidade do débito apontado nos autos; 
II. A pessoa jurídica, portadora de honra objetiva, só é alvo de difamação, e esta implica, necessariamente, na difusão a terceiros de conceitos negativos, prejudiciais à sua imagem pública, circunstância esta não comprovada nos autos, cujo ônus competia à autora, nos termos do art. 373, I, do CPC, razão pela qual improcedente a sua pretensão indenizatória nesta parte.  (TJSP;  Apelação Cível 1011729-48.2017.8.26.0248; Relator (a): Paulo Ayrosa; Órgão Julgador: 31ª Câmara de Direito Privado; Foro de Indaiatuba - 2ª Vara Cível; Data do Julgamento: 28/08/2018; Data de Registro: 28/08/2018)",FALSE,TRUE,FALSE,FALSE,TRUE,"RI004MB9M12KW",2018-09-13,"RI004MB9M12KW",2018-09-13,"RI004MB9M0000",2018-08-28,"RI004MB9M0000",2018-08-28,"Rejeitada a preliminar, negaram provimento, nos termos que constarão do acórdão. V. U.","re","improvido","indefinido"
"10117294820178260248","11758867","Apelação Cível","Prestação de Serviços","Paulo Ayrosa","Indaiatuba","31ª Câmara de Direito Privado",2018-08-28,2018-08-28,"PROCESSUAL CIVIL –  PRELIMINAR CONTIDA NAS CONTRARRAZÕES –  VIOLAÇÃO AO PRINCÍPIO DA DIALETICIDADE –  IMPERTINÊNCIA –  INÉPCIA RECURSAL –  NÃO OCORRÊNCIA –  REJEIÇÃO. O princípio da dialeticidade deve ser observado a teor do que dispõe a norma do art. 1.010, II, do Código de Processo Civil. ""In casu"", observa-se das razões recursais que não há o alegado descompasso entre seu conteúdo e o contexto de análise desenvolvido pela sentença, além de restar bem verificado que o ponto fulcral do raciocínio desenvolvido na fundamentação do ""decisum"" sofreu os regulares questionamentos contidos nas razões do apelo, fatos que ensejam, assim, o conhecimento do recurso, devendo ser afastada tal preliminar.

PRESTAÇÃO DE SERVIÇOS –  PUBLICIDADE EM SITES - AÇÃO DECLARATÓRIA DE INEXISTÊNCIA DE RELAÇÃO JURÍDICA C.C. INEXIGIBILIDADE DE DÉBITO E INDENIZAÇÃO POR DANOS MORAIS –  AMEAÇA DE INSCRIÇÃO EM CADASTRO DE INADIMPLENTES –  COMPROVAÇÃO, PELA RÉ, DA EXISTÊNCIA DE RELAÇÃO JURÍDICA COMERCIAL FIRMADA ENTRE AS PARTES –  COBRANÇA DEVIDA –  DANO IMATERIAL NÃO CARACTERIZADO –  EXERCÍCIO REGULAR DE DIREITO –  IMPROCEDÊNCIA DA AÇÃO MANTIDA –  RECURSO NÃO PROVIDO. 
I. Tendo a ré comprovado a existência de relação jurídica comercial entre as partes, referente a contrato de prestação de serviços de publicidade em sites, não há que se falar em inexigibilidade do débito apontado nos autos; 
II. A pessoa jurídica, portadora de honra objetiva, só é alvo de difamação, e esta implica, necessariamente, na difusão a terceiros de conceitos negativos, prejudiciais à sua imagem pública, circunstância esta não comprovada nos autos, cujo ônus competia à autora, nos termos do art. 373, I, do CPC, razão pela qual improcedente a sua pretensão indenizatória nesta parte.  (TJSP;  Apelação Cível 1011729-48.2017.8.26.0248; Relator (a): Paulo Ayrosa; Órgão Julgador: 31ª Câmara de Direito Privado; Foro de Indaiatuba - 2ª Vara Cível; Data do Julgamento: 28/08/2018; Data de Registro: 28/08/2018)",FALSE,TRUE,FALSE,FALSE,TRUE,"RI004MB9M12KW",2018-09-13,"RI004MB9M12KW",2018-09-13,"RI004MB9M0000",2018-08-28,"RI004MB9M12KW",2018-09-13,"Rejeitaram os embargos. V. U.","re","embargos rejeitados","indefinido"
"10117294820178260248","11758867","Apelação Cível","Prestação de Serviços","Paulo Ayrosa","Indaiatuba","31ª Câmara de Direito Privado",2018-08-28,2018-08-28,"PROCESSUAL CIVIL –  PRELIMINAR CONTIDA NAS CONTRARRAZÕES –  VIOLAÇÃO AO PRINCÍPIO DA DIALETICIDADE –  IMPERTINÊNCIA –  INÉPCIA RECURSAL –  NÃO OCORRÊNCIA –  REJEIÇÃO. O princípio da dialeticidade deve ser observado a teor do que dispõe a norma do art. 1.010, II, do Código de Processo Civil. ""In casu"", observa-se das razões recursais que não há o alegado descompasso entre seu conteúdo e o contexto de análise desenvolvido pela sentença, além de restar bem verificado que o ponto fulcral do raciocínio desenvolvido na fundamentação do ""decisum"" sofreu os regulares questionamentos contidos nas razões do apelo, fatos que ensejam, assim, o conhecimento do recurso, devendo ser afastada tal preliminar.

PRESTAÇÃO DE SERVIÇOS –  PUBLICIDADE EM SITES - AÇÃO DECLARATÓRIA DE INEXISTÊNCIA DE RELAÇÃO JURÍDICA C.C. INEXIGIBILIDADE DE DÉBITO E INDENIZAÇÃO POR DANOS MORAIS –  AMEAÇA DE INSCRIÇÃO EM CADASTRO DE INADIMPLENTES –  COMPROVAÇÃO, PELA RÉ, DA EXISTÊNCIA DE RELAÇÃO JURÍDICA COMERCIAL FIRMADA ENTRE AS PARTES –  COBRANÇA DEVIDA –  DANO IMATERIAL NÃO CARACTERIZADO –  EXERCÍCIO REGULAR DE DIREITO –  IMPROCEDÊNCIA DA AÇÃO MANTIDA –  RECURSO NÃO PROVIDO. 
I. Tendo a ré comprovado a existência de relação jurídica comercial entre as partes, referente a contrato de prestação de serviços de publicidade em sites, não há que se falar em inexigibilidade do débito apontado nos autos; 
II. A pessoa jurídica, portadora de honra objetiva, só é alvo de difamação, e esta implica, necessariamente, na difusão a terceiros de conceitos negativos, prejudiciais à sua imagem pública, circunstância esta não comprovada nos autos, cujo ônus competia à autora, nos termos do art. 373, I, do CPC, razão pela qual improcedente a sua pretensão indenizatória nesta parte.  (TJSP;  Apelação Cível 1011729-48.2017.8.26.0248; Relator (a): Paulo Ayrosa; Órgão Julgador: 31ª Câmara de Direito Privado; Foro de Indaiatuba - 2ª Vara Cível; Data do Julgamento: 28/08/2018; Data de Registro: 28/08/2018)",FALSE,TRUE,FALSE,FALSE,TRUE,"RI004MB9M12KW",2018-09-13,"RI004MB9M12KW",2018-09-13,"RI004MB9M12KW",2018-09-13,"RI004MB9M0000",2018-08-28,"Rejeitada a preliminar, negaram provimento, nos termos que constarão do acórdão. V. U.","re","improvido","indefinido"
"10117294820178260248","11758867","Apelação Cível","Prestação de Serviços","Paulo Ayrosa","Indaiatuba","31ª Câmara de Direito Privado",2018-08-28,2018-08-28,"PROCESSUAL CIVIL –  PRELIMINAR CONTIDA NAS CONTRARRAZÕES –  VIOLAÇÃO AO PRINCÍPIO DA DIALETICIDADE –  IMPERTINÊNCIA –  INÉPCIA RECURSAL –  NÃO OCORRÊNCIA –  REJEIÇÃO. O princípio da dialeticidade deve ser observado a teor do que dispõe a norma do art. 1.010, II, do Código de Processo Civil. ""In casu"", observa-se das razões recursais que não há o alegado descompasso entre seu conteúdo e o contexto de análise desenvolvido pela sentença, além de restar bem verificado que o ponto fulcral do raciocínio desenvolvido na fundamentação do ""decisum"" sofreu os regulares questionamentos contidos nas razões do apelo, fatos que ensejam, assim, o conhecimento do recurso, devendo ser afastada tal preliminar.

PRESTAÇÃO DE SERVIÇOS –  PUBLICIDADE EM SITES - AÇÃO DECLARATÓRIA DE INEXISTÊNCIA DE RELAÇÃO JURÍDICA C.C. INEXIGIBILIDADE DE DÉBITO E INDENIZAÇÃO POR DANOS MORAIS –  AMEAÇA DE INSCRIÇÃO EM CADASTRO DE INADIMPLENTES –  COMPROVAÇÃO, PELA RÉ, DA EXISTÊNCIA DE RELAÇÃO JURÍDICA COMERCIAL FIRMADA ENTRE AS PARTES –  COBRANÇA DEVIDA –  DANO IMATERIAL NÃO CARACTERIZADO –  EXERCÍCIO REGULAR DE DIREITO –  IMPROCEDÊNCIA DA AÇÃO MANTIDA –  RECURSO NÃO PROVIDO. 
I. Tendo a ré comprovado a existência de relação jurídica comercial entre as partes, referente a contrato de prestação de serviços de publicidade em sites, não há que se falar em inexigibilidade do débito apontado nos autos; 
II. A pessoa jurídica, portadora de honra objetiva, só é alvo de difamação, e esta implica, necessariamente, na difusão a terceiros de conceitos negativos, prejudiciais à sua imagem pública, circunstância esta não comprovada nos autos, cujo ônus competia à autora, nos termos do art. 373, I, do CPC, razão pela qual improcedente a sua pretensão indenizatória nesta parte.  (TJSP;  Apelação Cível 1011729-48.2017.8.26.0248; Relator (a): Paulo Ayrosa; Órgão Julgador: 31ª Câmara de Direito Privado; Foro de Indaiatuba - 2ª Vara Cível; Data do Julgamento: 28/08/2018; Data de Registro: 28/08/2018)",FALSE,TRUE,FALSE,FALSE,TRUE,"RI004MB9M12KW",2018-09-13,"RI004MB9M12KW",2018-09-13,"RI004MB9M12KW",2018-09-13,"RI004MB9M12KW",2018-09-13,"Rejeitaram os embargos. V. U.","re","embargos rejeitados","indefinido"
"21025164020188260000","11547282","Agravo de Instrumento","Prestação de Serviços","Hélio Nogueira","Assis","22ª Câmara de Direito Privado",2018-06-15,2018-06-15,"Agravo de Instrumento. Ação de rescisão contratual. Prestação de serviço publicitário. Inaplicabilidade do CDC. Contrato que tem por finalidade a divulgação de marca e atividade exercida pela contratante. Cláusula de eleição de foro. Validade desde que verificada a liberdade de contratação e a viabilidade do acesso ao Poder Judiciário. Requisitos de validade não preenchidos no caso concreto. Decisão parcialmente reformada. Recurso parcialmente provido.  (TJSP;  Agravo de Instrumento 2102516-40.2018.8.26.0000; Relator (a): Hélio Nogueira; Órgão Julgador: 22ª Câmara de Direito Privado; Foro de Assis - 2ª Vara Cível; Data do Julgamento: 15/06/2018; Data de Registro: 15/06/2018)",FALSE,FALSE,FALSE,FALSE,FALSE,"RI004JX3N0000",2018-06-15,"RI004JX3N0000",2018-06-15,"RI004JX3N0000",2018-06-15,"RI004JX3N0000",2018-06-15,"Deram provimento parcial ao recurso, nos termos que constarão do acórdão. V. U.","re","provido","indefinido"
"10671166820168260576","11464488","Embargos de Declaração Cível","Prestação de Serviços","Lino Machado","São José do Rio Preto","30ª Câmara de Direito Privado",2018-05-16,2018-05-17,"Embargos de declaração em apelação –  Prestação de serviços.

Inexistência de omissão, contradição, obscuridade ou erro material.

Embargos rejeitados.  (TJSP;  Embargos de Declaração Cível 1067116-68.2016.8.26.0576; Relator (a): Lino Machado; Órgão Julgador: 30ª Câmara de Direito Privado; Foro de São José do Rio Preto - 7ª Vara Cível; Data do Julgamento: 16/05/2018; Data de Registro: 17/05/2018)",FALSE,FALSE,FALSE,FALSE,FALSE,"RI004G92Q0000",2018-04-11,"RI004G92Q0000",2018-04-11,"RI004G92Q0000",2018-04-11,"RI004G92Q0000",2018-04-11,"Negaram provimento ao recurso. V. U.","re","improvido","indefinido"
"10671166820168260576","11464488","Embargos de Declaração Cível","Prestação de Serviços","Lino Machado","São José do Rio Preto","30ª Câmara de Direito Privado",2018-05-16,2018-05-17,"Embargos de declaração em apelação –  Prestação de serviços.

Inexistência de omissão, contradição, obscuridade ou erro material.

Embargos rejeitados.  (TJSP;  Embargos de Declaração Cível 1067116-68.2016.8.26.0576; Relator (a): Lino Machado; Órgão Julgador: 30ª Câmara de Direito Privado; Foro de São José do Rio Preto - 7ª Vara Cível; Data do Julgamento: 16/05/2018; Data de Registro: 17/05/2018)",FALSE,FALSE,FALSE,FALSE,FALSE,"RI004G92Q0000",2018-04-11,"RI004G92Q0000",2018-04-11,"RI004G92Q0000",2018-04-11,"RI004G92Q12KW",2018-05-16,"Rejeitaram os embargos. V. U.","re","embargos rejeitados","indefinido"
"10671166820168260576","11464488","Embargos de Declaração Cível","Prestação de Serviços","Lino Machado","São José do Rio Preto","30ª Câmara de Direito Privado",2018-05-16,2018-05-17,"Embargos de declaração em apelação –  Prestação de serviços.

Inexistência de omissão, contradição, obscuridade ou erro material.

Embargos rejeitados.  (TJSP;  Embargos de Declaração Cível 1067116-68.2016.8.26.0576; Relator (a): Lino Machado; Órgão Julgador: 30ª Câmara de Direito Privado; Foro de São José do Rio Preto - 7ª Vara Cível; Data do Julgamento: 16/05/2018; Data de Registro: 17/05/2018)",FALSE,FALSE,FALSE,FALSE,FALSE,"RI004G92Q0000",2018-04-11,"RI004G92Q0000",2018-04-11,"RI004G92Q12KW",2018-05-16,"RI004G92Q0000",2018-04-11,"Negaram provimento ao recurso. V. U.","re","improvido","indefinido"
"10671166820168260576","11464488","Embargos de Declaração Cível","Prestação de Serviços","Lino Machado","São José do Rio Preto","30ª Câmara de Direito Privado",2018-05-16,2018-05-17,"Embargos de declaração em apelação –  Prestação de serviços.

Inexistência de omissão, contradição, obscuridade ou erro material.

Embargos rejeitados.  (TJSP;  Embargos de Declaração Cível 1067116-68.2016.8.26.0576; Relator (a): Lino Machado; Órgão Julgador: 30ª Câmara de Direito Privado; Foro de São José do Rio Preto - 7ª Vara Cível; Data do Julgamento: 16/05/2018; Data de Registro: 17/05/2018)",FALSE,FALSE,FALSE,FALSE,FALSE,"RI004G92Q0000",2018-04-11,"RI004G92Q0000",2018-04-11,"RI004G92Q12KW",2018-05-16,"RI004G92Q12KW",2018-05-16,"Rejeitaram os embargos. V. U.","re","embargos rejeitados","indefinido"
"10671166820168260576","11464488","Embargos de Declaração Cível","Prestação de Serviços","Lino Machado","São José do Rio Preto","30ª Câmara de Direito Privado",2018-05-16,2018-05-17,"Embargos de declaração em apelação –  Prestação de serviços.

Inexistência de omissão, contradição, obscuridade ou erro material.

Embargos rejeitados.  (TJSP;  Embargos de Declaração Cível 1067116-68.2016.8.26.0576; Relator (a): Lino Machado; Órgão Julgador: 30ª Câmara de Direito Privado; Foro de São José do Rio Preto - 7ª Vara Cível; Data do Julgamento: 16/05/2018; Data de Registro: 17/05/2018)",FALSE,FALSE,FALSE,FALSE,FALSE,"RI004G92Q0000",2018-04-11,"RI004G92Q12KW",2018-05-16,"RI004G92Q0000",2018-04-11,"RI004G92Q0000",2018-04-11,"Negaram provimento ao recurso. V. U.","re","improvido","indefinido"
"10671166820168260576","11464488","Embargos de Declaração Cível","Prestação de Serviços","Lino Machado","São José do Rio Preto","30ª Câmara de Direito Privado",2018-05-16,2018-05-17,"Embargos de declaração em apelação –  Prestação de serviços.

Inexistência de omissão, contradição, obscuridade ou erro material.

Embargos rejeitados.  (TJSP;  Embargos de Declaração Cível 1067116-68.2016.8.26.0576; Relator (a): Lino Machado; Órgão Julgador: 30ª Câmara de Direito Privado; Foro de São José do Rio Preto - 7ª Vara Cível; Data do Julgamento: 16/05/2018; Data de Registro: 17/05/2018)",FALSE,FALSE,FALSE,FALSE,FALSE,"RI004G92Q0000",2018-04-11,"RI004G92Q12KW",2018-05-16,"RI004G92Q0000",2018-04-11,"RI004G92Q12KW",2018-05-16,"Rejeitaram os embargos. V. U.","re","embargos rejeitados","indefinido"
"10671166820168260576","11464488","Embargos de Declaração Cível","Prestação de Serviços","Lino Machado","São José do Rio Preto","30ª Câmara de Direito Privado",2018-05-16,2018-05-17,"Embargos de declaração em apelação –  Prestação de serviços.

Inexistência de omissão, contradição, obscuridade ou erro material.

Embargos rejeitados.  (TJSP;  Embargos de Declaração Cível 1067116-68.2016.8.26.0576; Relator (a): Lino Machado; Órgão Julgador: 30ª Câmara de Direito Privado; Foro de São José do Rio Preto - 7ª Vara Cível; Data do Julgamento: 16/05/2018; Data de Registro: 17/05/2018)",FALSE,FALSE,FALSE,FALSE,FALSE,"RI004G92Q0000",2018-04-11,"RI004G92Q12KW",2018-05-16,"RI004G92Q12KW",2018-05-16,"RI004G92Q0000",2018-04-11,"Negaram provimento ao recurso. V. U.","re","improvido","indefinido"
"10671166820168260576","11464488","Embargos de Declaração Cível","Prestação de Serviços","Lino Machado","São José do Rio Preto","30ª Câmara de Direito Privado",2018-05-16,2018-05-17,"Embargos de declaração em apelação –  Prestação de serviços.

Inexistência de omissão, contradição, obscuridade ou erro material.

Embargos rejeitados.  (TJSP;  Embargos de Declaração Cível 1067116-68.2016.8.26.0576; Relator (a): Lino Machado; Órgão Julgador: 30ª Câmara de Direito Privado; Foro de São José do Rio Preto - 7ª Vara Cível; Data do Julgamento: 16/05/2018; Data de Registro: 17/05/2018)",FALSE,FALSE,FALSE,FALSE,FALSE,"RI004G92Q0000",2018-04-11,"RI004G92Q12KW",2018-05-16,"RI004G92Q12KW",2018-05-16,"RI004G92Q12KW",2018-05-16,"Rejeitaram os embargos. V. U.","re","embargos rejeitados","indefinido"
"10671166820168260576","11464488","Embargos de Declaração Cível","Prestação de Serviços","Lino Machado","São José do Rio Preto","30ª Câmara de Direito Privado",2018-05-16,2018-05-17,"Embargos de declaração em apelação –  Prestação de serviços.

Inexistência de omissão, contradição, obscuridade ou erro material.

Embargos rejeitados.  (TJSP;  Embargos de Declaração Cível 1067116-68.2016.8.26.0576; Relator (a): Lino Machado; Órgão Julgador: 30ª Câmara de Direito Privado; Foro de São José do Rio Preto - 7ª Vara Cível; Data do Julgamento: 16/05/2018; Data de Registro: 17/05/2018)",FALSE,FALSE,FALSE,FALSE,FALSE,"RI004G92Q12KW",2018-05-16,"RI004G92Q0000",2018-04-11,"RI004G92Q0000",2018-04-11,"RI004G92Q0000",2018-04-11,"Negaram provimento ao recurso. V. U.","re","improvido","indefinido"
"10671166820168260576","11464488","Embargos de Declaração Cível","Prestação de Serviços","Lino Machado","São José do Rio Preto","30ª Câmara de Direito Privado",2018-05-16,2018-05-17,"Embargos de declaração em apelação –  Prestação de serviços.

Inexistência de omissão, contradição, obscuridade ou erro material.

Embargos rejeitados.  (TJSP;  Embargos de Declaração Cível 1067116-68.2016.8.26.0576; Relator (a): Lino Machado; Órgão Julgador: 30ª Câmara de Direito Privado; Foro de São José do Rio Preto - 7ª Vara Cível; Data do Julgamento: 16/05/2018; Data de Registro: 17/05/2018)",FALSE,FALSE,FALSE,FALSE,FALSE,"RI004G92Q12KW",2018-05-16,"RI004G92Q0000",2018-04-11,"RI004G92Q0000",2018-04-11,"RI004G92Q12KW",2018-05-16,"Rejeitaram os embargos. V. U.","re","embargos rejeitados","indefinido"
"10671166820168260576","11464488","Embargos de Declaração Cível","Prestação de Serviços","Lino Machado","São José do Rio Preto","30ª Câmara de Direito Privado",2018-05-16,2018-05-17,"Embargos de declaração em apelação –  Prestação de serviços.

Inexistência de omissão, contradição, obscuridade ou erro material.

Embargos rejeitados.  (TJSP;  Embargos de Declaração Cível 1067116-68.2016.8.26.0576; Relator (a): Lino Machado; Órgão Julgador: 30ª Câmara de Direito Privado; Foro de São José do Rio Preto - 7ª Vara Cível; Data do Julgamento: 16/05/2018; Data de Registro: 17/05/2018)",FALSE,FALSE,FALSE,FALSE,FALSE,"RI004G92Q12KW",2018-05-16,"RI004G92Q0000",2018-04-11,"RI004G92Q12KW",2018-05-16,"RI004G92Q0000",2018-04-11,"Negaram provimento ao recurso. V. U.","re","improvido","indefinido"
"10671166820168260576","11464488","Embargos de Declaração Cível","Prestação de Serviços","Lino Machado","São José do Rio Preto","30ª Câmara de Direito Privado",2018-05-16,2018-05-17,"Embargos de declaração em apelação –  Prestação de serviços.

Inexistência de omissão, contradição, obscuridade ou erro material.

Embargos rejeitados.  (TJSP;  Embargos de Declaração Cível 1067116-68.2016.8.26.0576; Relator (a): Lino Machado; Órgão Julgador: 30ª Câmara de Direito Privado; Foro de São José do Rio Preto - 7ª Vara Cível; Data do Julgamento: 16/05/2018; Data de Registro: 17/05/2018)",FALSE,FALSE,FALSE,FALSE,FALSE,"RI004G92Q12KW",2018-05-16,"RI004G92Q0000",2018-04-11,"RI004G92Q12KW",2018-05-16,"RI004G92Q12KW",2018-05-16,"Rejeitaram os embargos. V. U.","re","embargos rejeitados","indefinido"
"10671166820168260576","11464488","Embargos de Declaração Cível","Prestação de Serviços","Lino Machado","São José do Rio Preto","30ª Câmara de Direito Privado",2018-05-16,2018-05-17,"Embargos de declaração em apelação –  Prestação de serviços.

Inexistência de omissão, contradição, obscuridade ou erro material.

Embargos rejeitados.  (TJSP;  Embargos de Declaração Cível 1067116-68.2016.8.26.0576; Relator (a): Lino Machado; Órgão Julgador: 30ª Câmara de Direito Privado; Foro de São José do Rio Preto - 7ª Vara Cível; Data do Julgamento: 16/05/2018; Data de Registro: 17/05/2018)",FALSE,FALSE,FALSE,FALSE,FALSE,"RI004G92Q12KW",2018-05-16,"RI004G92Q12KW",2018-05-16,"RI004G92Q0000",2018-04-11,"RI004G92Q0000",2018-04-11,"Negaram provimento ao recurso. V. U.","re","improvido","indefinido"
"10671166820168260576","11464488","Embargos de Declaração Cível","Prestação de Serviços","Lino Machado","São José do Rio Preto","30ª Câmara de Direito Privado",2018-05-16,2018-05-17,"Embargos de declaração em apelação –  Prestação de serviços.

Inexistência de omissão, contradição, obscuridade ou erro material.

Embargos rejeitados.  (TJSP;  Embargos de Declaração Cível 1067116-68.2016.8.26.0576; Relator (a): Lino Machado; Órgão Julgador: 30ª Câmara de Direito Privado; Foro de São José do Rio Preto - 7ª Vara Cível; Data do Julgamento: 16/05/2018; Data de Registro: 17/05/2018)",FALSE,FALSE,FALSE,FALSE,FALSE,"RI004G92Q12KW",2018-05-16,"RI004G92Q12KW",2018-05-16,"RI004G92Q0000",2018-04-11,"RI004G92Q12KW",2018-05-16,"Rejeitaram os embargos. V. U.","re","embargos rejeitados","indefinido"
"10671166820168260576","11464488","Embargos de Declaração Cível","Prestação de Serviços","Lino Machado","São José do Rio Preto","30ª Câmara de Direito Privado",2018-05-16,2018-05-17,"Embargos de declaração em apelação –  Prestação de serviços.

Inexistência de omissão, contradição, obscuridade ou erro material.

Embargos rejeitados.  (TJSP;  Embargos de Declaração Cível 1067116-68.2016.8.26.0576; Relator (a): Lino Machado; Órgão Julgador: 30ª Câmara de Direito Privado; Foro de São José do Rio Preto - 7ª Vara Cível; Data do Julgamento: 16/05/2018; Data de Registro: 17/05/2018)",FALSE,FALSE,FALSE,FALSE,FALSE,"RI004G92Q12KW",2018-05-16,"RI004G92Q12KW",2018-05-16,"RI004G92Q12KW",2018-05-16,"RI004G92Q0000",2018-04-11,"Negaram provimento ao recurso. V. U.","re","improvido","indefinido"
"10671166820168260576","11464488","Embargos de Declaração Cível","Prestação de Serviços","Lino Machado","São José do Rio Preto","30ª Câmara de Direito Privado",2018-05-16,2018-05-17,"Embargos de declaração em apelação –  Prestação de serviços.

Inexistência de omissão, contradição, obscuridade ou erro material.

Embargos rejeitados.  (TJSP;  Embargos de Declaração Cível 1067116-68.2016.8.26.0576; Relator (a): Lino Machado; Órgão Julgador: 30ª Câmara de Direito Privado; Foro de São José do Rio Preto - 7ª Vara Cível; Data do Julgamento: 16/05/2018; Data de Registro: 17/05/2018)",FALSE,FALSE,FALSE,FALSE,FALSE,"RI004G92Q12KW",2018-05-16,"RI004G92Q12KW",2018-05-16,"RI004G92Q12KW",2018-05-16,"RI004G92Q12KW",2018-05-16,"Rejeitaram os embargos. V. U.","re","embargos rejeitados","indefinido"
"10671166820168260576","11361633","Apelação Cível","Prestação de Serviços","Lino Machado","São José do Rio Preto","30ª Câmara de Direito Privado",2018-04-11,2018-04-13,"Apelação - Prestação de serviços publicitários.

Havendo previsão expressa do valor da contratação, não sendo abusiva a cobrança e havendo prova de veiculação da peça publicitária, correta a improcedência do pedido de declaração de inexigibilidade do débito.

Recurso desprovido.  (TJSP;  Apelação Cível 1067116-68.2016.8.26.0576; Relator (a): Lino Machado; Órgão Julgador: 30ª Câmara de Direito Privado; Foro de São José do Rio Preto - 7ª Vara Cível; Data do Julgamento: 11/04/2018; Data de Registro: 13/04/2018)",FALSE,FALSE,FALSE,FALSE,FALSE,"RI004G92Q0000",2018-04-11,"RI004G92Q0000",2018-04-11,"RI004G92Q0000",2018-04-11,"RI004G92Q0000",2018-04-11,"Negaram provimento ao recurso. V. U.","re","improvido","indefinido"
"10671166820168260576","11361633","Apelação Cível","Prestação de Serviços","Lino Machado","São José do Rio Preto","30ª Câmara de Direito Privado",2018-04-11,2018-04-13,"Apelação - Prestação de serviços publicitários.

Havendo previsão expressa do valor da contratação, não sendo abusiva a cobrança e havendo prova de veiculação da peça publicitária, correta a improcedência do pedido de declaração de inexigibilidade do débito.

Recurso desprovido.  (TJSP;  Apelação Cível 1067116-68.2016.8.26.0576; Relator (a): Lino Machado; Órgão Julgador: 30ª Câmara de Direito Privado; Foro de São José do Rio Preto - 7ª Vara Cível; Data do Julgamento: 11/04/2018; Data de Registro: 13/04/2018)",FALSE,FALSE,FALSE,FALSE,FALSE,"RI004G92Q0000",2018-04-11,"RI004G92Q0000",2018-04-11,"RI004G92Q0000",2018-04-11,"RI004G92Q12KW",2018-05-16,"Rejeitaram os embargos. V. U.","re","embargos rejeitados","indefinido"
"10671166820168260576","11361633","Apelação Cível","Prestação de Serviços","Lino Machado","São José do Rio Preto","30ª Câmara de Direito Privado",2018-04-11,2018-04-13,"Apelação - Prestação de serviços publicitários.

Havendo previsão expressa do valor da contratação, não sendo abusiva a cobrança e havendo prova de veiculação da peça publicitária, correta a improcedência do pedido de declaração de inexigibilidade do débito.

Recurso desprovido.  (TJSP;  Apelação Cível 1067116-68.2016.8.26.0576; Relator (a): Lino Machado; Órgão Julgador: 30ª Câmara de Direito Privado; Foro de São José do Rio Preto - 7ª Vara Cível; Data do Julgamento: 11/04/2018; Data de Registro: 13/04/2018)",FALSE,FALSE,FALSE,FALSE,FALSE,"RI004G92Q0000",2018-04-11,"RI004G92Q0000",2018-04-11,"RI004G92Q12KW",2018-05-16,"RI004G92Q0000",2018-04-11,"Negaram provimento ao recurso. V. U.","re","improvido","indefinido"
"10671166820168260576","11361633","Apelação Cível","Prestação de Serviços","Lino Machado","São José do Rio Preto","30ª Câmara de Direito Privado",2018-04-11,2018-04-13,"Apelação - Prestação de serviços publicitários.

Havendo previsão expressa do valor da contratação, não sendo abusiva a cobrança e havendo prova de veiculação da peça publicitária, correta a improcedência do pedido de declaração de inexigibilidade do débito.

Recurso desprovido.  (TJSP;  Apelação Cível 1067116-68.2016.8.26.0576; Relator (a): Lino Machado; Órgão Julgador: 30ª Câmara de Direito Privado; Foro de São José do Rio Preto - 7ª Vara Cível; Data do Julgamento: 11/04/2018; Data de Registro: 13/04/2018)",FALSE,FALSE,FALSE,FALSE,FALSE,"RI004G92Q0000",2018-04-11,"RI004G92Q0000",2018-04-11,"RI004G92Q12KW",2018-05-16,"RI004G92Q12KW",2018-05-16,"Rejeitaram os embargos. V. U.","re","embargos rejeitados","indefinido"
"10671166820168260576","11361633","Apelação Cível","Prestação de Serviços","Lino Machado","São José do Rio Preto","30ª Câmara de Direito Privado",2018-04-11,2018-04-13,"Apelação - Prestação de serviços publicitários.

Havendo previsão expressa do valor da contratação, não sendo abusiva a cobrança e havendo prova de veiculação da peça publicitária, correta a improcedência do pedido de declaração de inexigibilidade do débito.

Recurso desprovido.  (TJSP;  Apelação Cível 1067116-68.2016.8.26.0576; Relator (a): Lino Machado; Órgão Julgador: 30ª Câmara de Direito Privado; Foro de São José do Rio Preto - 7ª Vara Cível; Data do Julgamento: 11/04/2018; Data de Registro: 13/04/2018)",FALSE,FALSE,FALSE,FALSE,FALSE,"RI004G92Q0000",2018-04-11,"RI004G92Q12KW",2018-05-16,"RI004G92Q0000",2018-04-11,"RI004G92Q0000",2018-04-11,"Negaram provimento ao recurso. V. U.","re","improvido","indefinido"
"10671166820168260576","11361633","Apelação Cível","Prestação de Serviços","Lino Machado","São José do Rio Preto","30ª Câmara de Direito Privado",2018-04-11,2018-04-13,"Apelação - Prestação de serviços publicitários.

Havendo previsão expressa do valor da contratação, não sendo abusiva a cobrança e havendo prova de veiculação da peça publicitária, correta a improcedência do pedido de declaração de inexigibilidade do débito.

Recurso desprovido.  (TJSP;  Apelação Cível 1067116-68.2016.8.26.0576; Relator (a): Lino Machado; Órgão Julgador: 30ª Câmara de Direito Privado; Foro de São José do Rio Preto - 7ª Vara Cível; Data do Julgamento: 11/04/2018; Data de Registro: 13/04/2018)",FALSE,FALSE,FALSE,FALSE,FALSE,"RI004G92Q0000",2018-04-11,"RI004G92Q12KW",2018-05-16,"RI004G92Q0000",2018-04-11,"RI004G92Q12KW",2018-05-16,"Rejeitaram os embargos. V. U.","re","embargos rejeitados","indefinido"
"10671166820168260576","11361633","Apelação Cível","Prestação de Serviços","Lino Machado","São José do Rio Preto","30ª Câmara de Direito Privado",2018-04-11,2018-04-13,"Apelação - Prestação de serviços publicitários.

Havendo previsão expressa do valor da contratação, não sendo abusiva a cobrança e havendo prova de veiculação da peça publicitária, correta a improcedência do pedido de declaração de inexigibilidade do débito.

Recurso desprovido.  (TJSP;  Apelação Cível 1067116-68.2016.8.26.0576; Relator (a): Lino Machado; Órgão Julgador: 30ª Câmara de Direito Privado; Foro de São José do Rio Preto - 7ª Vara Cível; Data do Julgamento: 11/04/2018; Data de Registro: 13/04/2018)",FALSE,FALSE,FALSE,FALSE,FALSE,"RI004G92Q0000",2018-04-11,"RI004G92Q12KW",2018-05-16,"RI004G92Q12KW",2018-05-16,"RI004G92Q0000",2018-04-11,"Negaram provimento ao recurso. V. U.","re","improvido","indefinido"
"10671166820168260576","11361633","Apelação Cível","Prestação de Serviços","Lino Machado","São José do Rio Preto","30ª Câmara de Direito Privado",2018-04-11,2018-04-13,"Apelação - Prestação de serviços publicitários.

Havendo previsão expressa do valor da contratação, não sendo abusiva a cobrança e havendo prova de veiculação da peça publicitária, correta a improcedência do pedido de declaração de inexigibilidade do débito.

Recurso desprovido.  (TJSP;  Apelação Cível 1067116-68.2016.8.26.0576; Relator (a): Lino Machado; Órgão Julgador: 30ª Câmara de Direito Privado; Foro de São José do Rio Preto - 7ª Vara Cível; Data do Julgamento: 11/04/2018; Data de Registro: 13/04/2018)",FALSE,FALSE,FALSE,FALSE,FALSE,"RI004G92Q0000",2018-04-11,"RI004G92Q12KW",2018-05-16,"RI004G92Q12KW",2018-05-16,"RI004G92Q12KW",2018-05-16,"Rejeitaram os embargos. V. U.","re","embargos rejeitados","indefinido"
"10671166820168260576","11361633","Apelação Cível","Prestação de Serviços","Lino Machado","São José do Rio Preto","30ª Câmara de Direito Privado",2018-04-11,2018-04-13,"Apelação - Prestação de serviços publicitários.

Havendo previsão expressa do valor da contratação, não sendo abusiva a cobrança e havendo prova de veiculação da peça publicitária, correta a improcedência do pedido de declaração de inexigibilidade do débito.

Recurso desprovido.  (TJSP;  Apelação Cível 1067116-68.2016.8.26.0576; Relator (a): Lino Machado; Órgão Julgador: 30ª Câmara de Direito Privado; Foro de São José do Rio Preto - 7ª Vara Cível; Data do Julgamento: 11/04/2018; Data de Registro: 13/04/2018)",FALSE,FALSE,FALSE,FALSE,FALSE,"RI004G92Q12KW",2018-05-16,"RI004G92Q0000",2018-04-11,"RI004G92Q0000",2018-04-11,"RI004G92Q0000",2018-04-11,"Negaram provimento ao recurso. V. U.","re","improvido","indefinido"
"10671166820168260576","11361633","Apelação Cível","Prestação de Serviços","Lino Machado","São José do Rio Preto","30ª Câmara de Direito Privado",2018-04-11,2018-04-13,"Apelação - Prestação de serviços publicitários.

Havendo previsão expressa do valor da contratação, não sendo abusiva a cobrança e havendo prova de veiculação da peça publicitária, correta a improcedência do pedido de declaração de inexigibilidade do débito.

Recurso desprovido.  (TJSP;  Apelação Cível 1067116-68.2016.8.26.0576; Relator (a): Lino Machado; Órgão Julgador: 30ª Câmara de Direito Privado; Foro de São José do Rio Preto - 7ª Vara Cível; Data do Julgamento: 11/04/2018; Data de Registro: 13/04/2018)",FALSE,FALSE,FALSE,FALSE,FALSE,"RI004G92Q12KW",2018-05-16,"RI004G92Q0000",2018-04-11,"RI004G92Q0000",2018-04-11,"RI004G92Q12KW",2018-05-16,"Rejeitaram os embargos. V. U.","re","embargos rejeitados","indefinido"
"10671166820168260576","11361633","Apelação Cível","Prestação de Serviços","Lino Machado","São José do Rio Preto","30ª Câmara de Direito Privado",2018-04-11,2018-04-13,"Apelação - Prestação de serviços publicitários.

Havendo previsão expressa do valor da contratação, não sendo abusiva a cobrança e havendo prova de veiculação da peça publicitária, correta a improcedência do pedido de declaração de inexigibilidade do débito.

Recurso desprovido.  (TJSP;  Apelação Cível 1067116-68.2016.8.26.0576; Relator (a): Lino Machado; Órgão Julgador: 30ª Câmara de Direito Privado; Foro de São José do Rio Preto - 7ª Vara Cível; Data do Julgamento: 11/04/2018; Data de Registro: 13/04/2018)",FALSE,FALSE,FALSE,FALSE,FALSE,"RI004G92Q12KW",2018-05-16,"RI004G92Q0000",2018-04-11,"RI004G92Q12KW",2018-05-16,"RI004G92Q0000",2018-04-11,"Negaram provimento ao recurso. V. U.","re","improvido","indefinido"
"10671166820168260576","11361633","Apelação Cível","Prestação de Serviços","Lino Machado","São José do Rio Preto","30ª Câmara de Direito Privado",2018-04-11,2018-04-13,"Apelação - Prestação de serviços publicitários.

Havendo previsão expressa do valor da contratação, não sendo abusiva a cobrança e havendo prova de veiculação da peça publicitária, correta a improcedência do pedido de declaração de inexigibilidade do débito.

Recurso desprovido.  (TJSP;  Apelação Cível 1067116-68.2016.8.26.0576; Relator (a): Lino Machado; Órgão Julgador: 30ª Câmara de Direito Privado; Foro de São José do Rio Preto - 7ª Vara Cível; Data do Julgamento: 11/04/2018; Data de Registro: 13/04/2018)",FALSE,FALSE,FALSE,FALSE,FALSE,"RI004G92Q12KW",2018-05-16,"RI004G92Q0000",2018-04-11,"RI004G92Q12KW",2018-05-16,"RI004G92Q12KW",2018-05-16,"Rejeitaram os embargos. V. U.","re","embargos rejeitados","indefinido"
"10671166820168260576","11361633","Apelação Cível","Prestação de Serviços","Lino Machado","São José do Rio Preto","30ª Câmara de Direito Privado",2018-04-11,2018-04-13,"Apelação - Prestação de serviços publicitários.

Havendo previsão expressa do valor da contratação, não sendo abusiva a cobrança e havendo prova de veiculação da peça publicitária, correta a improcedência do pedido de declaração de inexigibilidade do débito.

Recurso desprovido.  (TJSP;  Apelação Cível 1067116-68.2016.8.26.0576; Relator (a): Lino Machado; Órgão Julgador: 30ª Câmara de Direito Privado; Foro de São José do Rio Preto - 7ª Vara Cível; Data do Julgamento: 11/04/2018; Data de Registro: 13/04/2018)",FALSE,FALSE,FALSE,FALSE,FALSE,"RI004G92Q12KW",2018-05-16,"RI004G92Q12KW",2018-05-16,"RI004G92Q0000",2018-04-11,"RI004G92Q0000",2018-04-11,"Negaram provimento ao recurso. V. U.","re","improvido","indefinido"
"10671166820168260576","11361633","Apelação Cível","Prestação de Serviços","Lino Machado","São José do Rio Preto","30ª Câmara de Direito Privado",2018-04-11,2018-04-13,"Apelação - Prestação de serviços publicitários.

Havendo previsão expressa do valor da contratação, não sendo abusiva a cobrança e havendo prova de veiculação da peça publicitária, correta a improcedência do pedido de declaração de inexigibilidade do débito.

Recurso desprovido.  (TJSP;  Apelação Cível 1067116-68.2016.8.26.0576; Relator (a): Lino Machado; Órgão Julgador: 30ª Câmara de Direito Privado; Foro de São José do Rio Preto - 7ª Vara Cível; Data do Julgamento: 11/04/2018; Data de Registro: 13/04/2018)",FALSE,FALSE,FALSE,FALSE,FALSE,"RI004G92Q12KW",2018-05-16,"RI004G92Q12KW",2018-05-16,"RI004G92Q0000",2018-04-11,"RI004G92Q12KW",2018-05-16,"Rejeitaram os embargos. V. U.","re","embargos rejeitados","indefinido"
"10671166820168260576","11361633","Apelação Cível","Prestação de Serviços","Lino Machado","São José do Rio Preto","30ª Câmara de Direito Privado",2018-04-11,2018-04-13,"Apelação - Prestação de serviços publicitários.

Havendo previsão expressa do valor da contratação, não sendo abusiva a cobrança e havendo prova de veiculação da peça publicitária, correta a improcedência do pedido de declaração de inexigibilidade do débito.

Recurso desprovido.  (TJSP;  Apelação Cível 1067116-68.2016.8.26.0576; Relator (a): Lino Machado; Órgão Julgador: 30ª Câmara de Direito Privado; Foro de São José do Rio Preto - 7ª Vara Cível; Data do Julgamento: 11/04/2018; Data de Registro: 13/04/2018)",FALSE,FALSE,FALSE,FALSE,FALSE,"RI004G92Q12KW",2018-05-16,"RI004G92Q12KW",2018-05-16,"RI004G92Q12KW",2018-05-16,"RI004G92Q0000",2018-04-11,"Negaram provimento ao recurso. V. U.","re","improvido","indefinido"
"10671166820168260576","11361633","Apelação Cível","Prestação de Serviços","Lino Machado","São José do Rio Preto","30ª Câmara de Direito Privado",2018-04-11,2018-04-13,"Apelação - Prestação de serviços publicitários.

Havendo previsão expressa do valor da contratação, não sendo abusiva a cobrança e havendo prova de veiculação da peça publicitária, correta a improcedência do pedido de declaração de inexigibilidade do débito.

Recurso desprovido.  (TJSP;  Apelação Cível 1067116-68.2016.8.26.0576; Relator (a): Lino Machado; Órgão Julgador: 30ª Câmara de Direito Privado; Foro de São José do Rio Preto - 7ª Vara Cível; Data do Julgamento: 11/04/2018; Data de Registro: 13/04/2018)",FALSE,FALSE,FALSE,FALSE,FALSE,"RI004G92Q12KW",2018-05-16,"RI004G92Q12KW",2018-05-16,"RI004G92Q12KW",2018-05-16,"RI004G92Q12KW",2018-05-16,"Rejeitaram os embargos. V. U.","re","embargos rejeitados","indefinido"
